PK;NOMBRE;DESCRIPCION-ENTIDAD;HORARIO;EQUIPAMIENTO;TRANSPORTE;DESCRIPCION;ACCESIBILIDAD;CONTENT-URL;NOMBRE-VIA;CLASE-VIAL;TIPO-NUM;NUM;ORIENTACION;LOCALIDAD;PROVINCIA;CODIGO-POSTAL;BARRIO;DISTRITO;COORDENADA-X;COORDENADA-Y;LATITUD;LONGITUD;TELEFONO;FAX;EMAIL;TIPO;
7902770;Bibliometro;El Bibliometro es un servicio de extensión bibliotecaria destinado al fomento de la lectura mediante el préstamo gratuito de libros en el Metro de Madrid. Promovido conjuntamente por el Ayuntamiento de Madrid y la Comunidad de Madrid en colaboración con Metro, el Bibliometro es el primer servicio común a los dos sistemas de Bibliotecas Públicas del Ayuntamiento de Madrid y la Comunidad de Madrid. El servicio gestionado por el Ayuntamiento de Madrid se centraliza en la Unidad Técnica de Bibliotecas Públicas, localizada en la calle Príncipe de Vergara, 140. El servicio de Bibliored es similar, pero en superficie.;Horario: de 13:30 a 20 de lunes a viernes, excepto festivos.;Datos de localización de los distintos módulos de Bibliometro. Servicios: Préstamo y renovación de libros. Acceda al catálogo de Bibliometro para búsqueda de libros y renovar sus préstamos.;;;0;http://www.madrid.es/sites/v/index.jsp?vgnextchannel=bfa48ab43d6bb410VgnVCM100000171f5a0aRCRD&vgnextoid=3d2cd4bdf66bb410VgnVCM1000000b205a0aRCRD;PRINCIPE DE VERGARA;CALLE;V;140;;MADRID;MADRID;28002;CIUDAD JARDIN;CHAMARTIN;442491;4477310;4.044.444.653.179.130;-367.813.993.012.987;91 588 57 24;;;/contenido/entidadesYorganismos/BibliotecasPublicas; 
8053214;Bibliored;El Bibliored es un servicio de extensión bibliotecaria destinado al fomento de la lectura mediante el préstamo gratuito de libros, un proyecto similar al de Bibliometro pero en la superficie. Existe solo un módulo: el de el Centro Cultural Galileo. El servicio, gestionado por el Ayuntamiento de Madrid, se centraliza en la Unidad Técnica de Bibliotecas Públicas, localizada en la calle Príncipe de Vergara, 140.;Horario: de 13:30 a 20 de lunes a viernes, excepto festivos.;Datos de localización:   Bibliored Galileo: calle Galileo, 39. Teléfono: 915 913 901.    Servicios:  Préstamo y renovación de libros.  Acceda al catálogo  para la búsqueda de libros y renovar sus préstamos.;;;1;http://www.madrid.es/sites/v/index.jsp?vgnextchannel=bfa48ab43d6bb410VgnVCM100000171f5a0aRCRD&vgnextoid=917c40221457d410VgnVCM2000000c205a0aRCRD;PRINCIPE DE VERGARA;CALLE;V;140;;MADRID;MADRID;28002;CIUDAD JARDIN;CHAMARTIN;442491;4477310;4.044.444.653.179.130;-367.813.993.012.987;91 588 57 24;;;/contenido/entidadesYorganismos/BibliotecasPublicas; 
25526;Biblioteca Pública Antonio Mingote (Latina);;"De lunes a viernes de 9:00 a 21:00 horas Sábados de 9:00 a 14:00 horas Días de cierre: Sábados: 2 enero, 20 marzo, 3  abril; 16 de mayo; todos los sábados de julio, agosto y septiembre. Domingos: todos. Festivos:1 y 6 enero; 1 y 2 abril; 1, 3 y 15 mayo; 12 octubre; 1 y 9 noviembre; 6, 8, 24, 25 y 31 de diciembre.";Wifi gratuito;Bus: 17, 138   Cercanías Renfe: Fanjul (línea C5);Lectura fácil, letra grande, audiodescripción;1;http://www.madrid.es/sites/v/index.jsp?vgnextchannel=bfa48ab43d6bb410VgnVCM100000171f5a0aRCRD&vgnextoid=c73e995a8bf5d010VgnVCM2000000c205a0aRCRD;RAFAEL FINAT;CALLE;V;51;;MADRID;MADRID;28044;LAS AGUILAS;LATINA;434685;4470157;4.037.944.226.151.660;-3.769.445.829.090.450;915 093 625;917 068 193;bib.latina@madrid.org;/contenido/entidadesYorganismos/BibliotecasPublicas; 
1774;Biblioteca Pública Elena Fortún (Retiro);;"De lunes a viernes de 9:00 a 21:00 horas Sábados de 9:00 a 14:00 horas Los servicios de préstamo y acceso a internet finalizan 15 minutos antes del cierre de la Biblioteca. Días de cierre: Sábados: 2 enero, 20 marzo, 3  abril; 16 de mayo; todos los sábados de julio, agosto y septiembre. Domingos: todos. Festivos:1 y 6 enero; 1 y 2 abril; 1, 3 y 15 mayo; 12 octubre; 1 y 9 noviembre; 6, 8, 24, 25 y 31 diciembre";Wifi gratuito;Metro: Pacífico (líneas 1, 6), Conde de Casal (línea 6)  Bus: 56, 156, 10  Bicimad: Estación 84 (calle Doctor Esquerdo, 191);Lectura fácil, letra grande, audiodescripción;1;http://www.madrid.es/sites/v/index.jsp?vgnextchannel=bfa48ab43d6bb410VgnVCM100000171f5a0aRCRD&vgnextoid=44213d0b5e71c010VgnVCM1000000b205a0aRCRD;DOCTOR ESQUERDO;CALLE;V;189;;MADRID;MADRID;28007;ADELFAS;RETIRO;442942;4472769;4.040.356.992.125.350;-3.672.414.651.864.730;915 019 146;915 018 130;bib.retiro@madrid.org;/contenido/entidadesYorganismos/BibliotecasPublicas; 
1770;Biblioteca Pública Hortaleza;;"De lunes a viernes de 9:00 a 20:30 horas Sábados de 9:00 a 14:30 horas Días de cierre: Fines de semana y festivos; del 1 al 10 de enero; 19 y 22 de febrero; 19 de marzo; del 26 de marzo al 5 de abril; 3 de mayo; los meses de julio y agosto; del 22 al 31 de diciembre.";;Metro: Parque de Santa María (línea 4)  Bus: 9, 107;;3;http://www.madrid.es/sites/v/index.jsp?vgnextchannel=bfa48ab43d6bb410VgnVCM100000171f5a0aRCRD&vgnextoid=e42e995a8bf5d010VgnVCM2000000c205a0aRCRD;ABERTURA;CALLE;V;2;;MADRID;MADRID;28033;PINAR DEL REY;HORTALEZA;445046;4481138;4.047.723.185.032.390;-36.496.247.031.818.500;917 633 284;917 633 284;bib.hortaleza@madrid.org;/contenido/entidadesYorganismos/BibliotecasPublicas; 
1771;Biblioteca Pública José Acuña (Moncloa - Aravaca);;"De lunes a viernes de 9:00 a 21:00 horas. Sala Infantil de 15:00 a 21:00 horas. Sábados de 9:00 a 14:00 horas.    Los servicios de préstamo y acceso a internet finalizan 15 minutos antes del cierre de la Biblioteca. Días de cierre: Sábados: 11 de abril; 16 de mayo; todos los sábados de julio, agosto y septiembre; 26 de diciembre. Domingos: todos. Festivos: 1 y 6 de enero; 9 y 10 de abril; 1, 2 y 15 de mayo; 15 de agosto; 12 de octubre; 2 y  9 de noviembre; 7, 8, 24, 25 y 31 de diciembre.";90 puestos de lectura y 4 para el uso de Internet Wifi gratuito;"Metro: Arg&amp;uuml;elles (líneas 3, 4, 6), Ventura Rodriguez (línea 3)  Bus: 62, 74  Bicimad: Estación 114 (calle Quintana, 11-13)";;3;http://www.madrid.es/sites/v/index.jsp?vgnextchannel=bfa48ab43d6bb410VgnVCM100000171f5a0aRCRD&vgnextoid=e9ad995a8bf5d010VgnVCM2000000c205a0aRCRD;QUINTANA;CALLE;V;9;;MADRID;MADRID;28008;ARGUELLES;MONCLOA-ARAVACA;439184;4475503;40.427.942.010.682.400;-37.169.600.607.379.900;915 413 619;915 426 939;bib.acuna@madrid.org;/contenido/entidadesYorganismos/BibliotecasPublicas; 
123303;Biblioteca Pública José Hierro (Usera);;"De lunes a viernes de 9:00 a 21:00 horasFin de semana y festivos de 11:00 a 19:00 horas. Días de cierre: 1 y 6 de enero; 1 de mayo; fines de semana y festivos del mes de agosto; 24, 25 y 31 de diciembre.";Wifi gratuito;Metro: Plaza Elíptica (líneas 6, 11)  Bus: 6, 60, 81;;1;http://www.madrid.es/sites/v/index.jsp?vgnextchannel=bfa48ab43d6bb410VgnVCM100000171f5a0aRCRD&vgnextoid=943979262ef5d010VgnVCM1000000b205a0aRCRD;RAFAELA YBARRA;AVENIDA;V;43;;MADRID;MADRID;28026;PRADOLONGO;USERA;439681;4470386;4.038.188.182.427.100;-37.106.164.073.640.200;914 229 501;914 691 901;bib.usera@madrid.org;/contenido/entidadesYorganismos/BibliotecasPublicas; 
1764;Biblioteca Pública José Luis Sampedro (Chamberí);;"De lunes a viernes de 9:00 a 21:00 horas Sábados de 9:00 a 14:00 horas Días de cierre: Sábados: 2 de enero; 20 de marzo; 3 de abril; todos los sábados de julio, agosto y septiembre. Todos los domingos. Festivos: 1 y 6 de enero; 19 de marzo; 1 y 2 de abril; 1, 3 y 15 mayo; 12 octubre; 1 y 9 de noviembre; 6, 8 , 24, 25 y 31 de diciembre.";Wifi gratuito;Metro: Iglesia (línea 1), Alonso Cano (línea 7), Quevedo (línea 2)  Bus: 16, 61, 3, 37, 5, 149;Lectura fácil, letra grande, audiodescripción;1;http://www.madrid.es/sites/v/index.jsp?vgnextchannel=bfa48ab43d6bb410VgnVCM100000171f5a0aRCRD&vgnextoid=5a2279262ef5d010VgnVCM1000000b205a0aRCRD;FELIPE EL HERMOSO;CALLE;V;4;;MADRID;MADRID;28010;TRAFALGAR;CHAMBERI;440662;4476318;4.043.539.063.992.490;-36.996.132.452.669.000;914 459 782;914 472 444;bib.chamberi@madrid.org;/contenido/entidadesYorganismos/BibliotecasPublicas; 
181101;Biblioteca Pública Luis Martín Santos (Villa de Vallecas);;"De lunes a viernes de 9:00 a 21:00 horas Fines de semana y festivos de 11:00 a 19:00 horas Días de cierre: 1 y 6 de enero; 1 de mayo; fines de semana y festivos del mes de agosto; 24, 25 y 31 de diciembre.";Wifi gratuito;Metro: Villa de Vallecas (línea 1)  Bus: 58;Lectura fácil, letra grande, audiodescripción;1;http://www.madrid.es/sites/v/index.jsp?vgnextchannel=bfa48ab43d6bb410VgnVCM100000171f5a0aRCRD&vgnextoid=09ac38d60b41c010VgnVCM2000000c205a0aRCRD;ANTONIO MARIA SEGOVIA;PLAZA;V;2;local 10;MADRID;MADRID;28031;SANTA EUGENIA;VILLA DE VALLECAS;447909;4470217;4.038.091.437.280.580;-3.613.674.447.421.730;912 760 231;;bib.villavallecas@madrid.org;/contenido/entidadesYorganismos/BibliotecasPublicas; 
5765642;Biblioteca Pública Luis Rosales (Carabanchel);;"De lunes a viernes de 9:00 a 21:00 horas Fines de semana y festivos de 11:00 a 19:00 horas Días de cierre: 1 y 6 de enero; 1 de mayo; fines de semana y festivos del mes de agosto; 24, 25 y 31 de diciembre.";Wifi gratuito;Metro: Carabanchel Alto (línea 11)  Bus: 47, 108, 118, 121, 131;Lectura fácil, audiodescripción, letra grande, braille;1,6;http://www.madrid.es/sites/v/index.jsp?vgnextchannel=bfa48ab43d6bb410VgnVCM100000171f5a0aRCRD&vgnextoid=7a73f884ad3f9210VgnVCM1000000b205a0aRCRD;ANTONIA RODRIGUEZ SACRISTAN;CALLE;V;7;y 9;MADRID;MADRID;28044;PUERTA BONITA;CARABANCHEL;436493;4469473;40.373.420.234.648.600;-37.480.802.097.487.600;912 760 233;914 613 331;bib.carabanchel@madrid.org;/contenido/entidadesYorganismos/BibliotecasPublicas; 
86719;Biblioteca Pública María Moliner (Villaverde);;"De lunes a viernes de 9:00 a 21 horas. Sábados 9:00 a 14:00 horas. Días de cierre (2021): Sábados: 2 de enero; 20 de marzo; 3 de abril; todos los sábados de julio, agosto y septiembre. Domingos: todos. Festivos:1 y 6 de enero; 19 de marzo; 1 y 2 de abril; 1, 3 y 15 mayo; 12 octubre; 1 y 9 de noviembre; 6, 8, 24, 25 y 31 de diciembre.";Wifi gratuito;Bus: 76  Cercanías Renfe: Puente Alcocer (línea C5);Lectura fácil, audiodescripción, letra grande;1;http://www.madrid.es/sites/v/index.jsp?vgnextchannel=bfa48ab43d6bb410VgnVCM100000171f5a0aRCRD&vgnextoid=127979262ef5d010VgnVCM1000000b205a0aRCRD;VILLALONSO;CALLE;V;16;;MADRID;MADRID;28021;SAN ANDRES;VILLAVERDE;439694;4466794;4.034.952.409.541.230;-3.710.123.586.489.830;917 230 194;917 979 458;bib.villaverde@madrid.org;/contenido/entidadesYorganismos/BibliotecasPublicas; 
1800;Biblioteca Pública Miguel Hernández (Puente de Vallecas);;"De lunes a viernes de 9:00 a 21:00 horas. Fines de semana y festivos de 9:00 a 14:00 horas. Días de Cierre: Sábados: 2 de enero; 20 de marzo; 3 de abril; todos los sábados de julio, agosto y septiembre. Domingos: todos; Festivos:1 y 6 de enero; 19 de marzo; 1 y 2 de abril; 1, 3 y 15 mayo; 12 octubre; 1 y 9 de noviembre; 6, 8, 24, 25 y 31 de diciembre.";Wifi gratuito.;Metro: Miguel Hernández (línea 1)  Bus: 144, 10;Lectura fácil, letra grande, audiodescripción;1;http://www.madrid.es/sites/v/index.jsp?vgnextchannel=bfa48ab43d6bb410VgnVCM100000171f5a0aRCRD&vgnextoid=535979262ef5d010VgnVCM1000000b205a0aRCRD;RAFAEL ALBERTI;AVENIDA;V;36;;MADRID;MADRID;28018;PALOMERAS SURESTE;PUENTE DE VALLECAS;445429;4470632;4.038.449.423.079.660;-36.429.247.082.087.700;913 033 195;913 804 153;bib.vallecas@madrid.org;/contenido/entidadesYorganismos/BibliotecasPublicas; 
1773;Biblioteca Pública Moratalaz;;"De lunes a viernes de 9:00 a 21:00 horas Sábados de 9:00 a 14:00 horas Días de cierre: Sábados: 2 de enero; 20 de marzo; 3 de abril; todos los sábados de julio, agosto y septiembre. Domingos: todos. Festivos: 1 y 6 de enero; 19 de marzo; 1 y 2 de abril; 1, 3 y 15 mayo; 12 octubre; 1 y 9 de noviembre; 6, 8, 24, 25 y 31 de diciembre.";Wifi gratuito;Metro: Artilleros (línea 9)  Bus: 8, 20, 30, 100;Lectura fácil, letra grande, audiodescripción;1;http://www.madrid.es/sites/v/index.jsp?vgnextchannel=bfa48ab43d6bb410VgnVCM100000171f5a0aRCRD&vgnextoid=457e995a8bf5d010VgnVCM2000000c205a0aRCRD;CORREGIDOR ALONSO DE TOBAR;CALLE;V;5;;MADRID;MADRID;28030;FONTARRON;MORATALAZ;444891;4472806;40.404.043.531.769.300;-3.649.450.874.958.100;914 394 688;914 370 234;bib.moratalaz@madrid.org;/contenido/entidadesYorganismos/BibliotecasPublicas; 
1757;Biblioteca Pública Municipal Aluche (Latina);La Biblioteca Pública de Aluche se inauguró en junio de 1992 con la asistencia del entonces alcalde D. José María Alvarez del Manzano. Se sitúa en la primera planta del Centro Cultural Fernando de los Ríos, diseñado por el arquitecto José María Guijarro. Desde 1986 y hasta la fecha de su inauguración oficial, se encontraba situada en este mismo centro cultural y planta pero en el ala derecha del edificio y con la mitad de superficie. La ubicación de la biblioteca en el centro cultural en la década de los 80  se decidió porque éste era considerado un elemento aglutinador de la vida asociativa y cultural de los distritos.;De lunes a viernes de 8:30 a 21 horas.  Verano: del 15 de junio al 15 de septiembre de lunes a viernes de 8:30 a 20 horas.  Cerrado: Festivos y los días 24 y 31 de diciembre.;Normas derivadas de la pandemia del coronavirus:   Es obligatorio el uso de mascarilla en el interior de la biblioteca. Se recomienda aplicar gel hidroalcohólico al entrar en el edificio y en aquellos espacios en los que esté a disposición de los usuarios.   Espacios:   Sala de consulta y lectura. Zona de publicaciones periódicas. Sala infantil y juvenil.    Servicios:   Préstamo de libros, multimedia y revistas. Préstamo de dispositivos de ayuda a la lectura (lupas para libros) Servicio de acceso público a Internet. Zona wifi. Información bibliográfica. Animación a la lectura y formación de usuarios: adaptadas a las medidas sanitarias.;Metro: Laguna, Casa de Campo, Aluche RENFE: Laguna, Aluche  Bus: 25, 31, 138;Superficie: 712 metros cuadrados  Puestos de lectura: 130  Puestos de Internet: 18 (con lector de pantalla NVDA, que permite a las personas ciegas y con discapacidad visual usar ordenadores)  Página en Facebook;1,6;http://www.madrid.es/sites/v/index.jsp?vgnextchannel=bfa48ab43d6bb410VgnVCM100000171f5a0aRCRD&vgnextoid=7f0e3d0b5e71c010VgnVCM1000000b205a0aRCRD;CAMARENA;CALLE;V;10;;MADRID;MADRID;28047;ALUCHE;LATINA;435820;4471982;4.039.597.072.367.930;-37.562.716.852.987.800;91 719 89 96;;bpaluche@madrid.es;/contenido/entidadesYorganismos/BibliotecasPublicas; 
1755;Biblioteca Pública Municipal Ana María Matute (Carabanchel);"La Biblioteca Pública Municipal Ana María Matute sustituyó a la antigua Biblioteca Pública Municipal de Carabanchel. La Biblioteca de Carabanchel, sita en la calle de los Hermanos del Moral 15, fue inaugurada el 12 de diciembre de 1981 por el entonces alcalde, Enrique Tierno Galván, contaba con unos 250 m&amp;sup2;. Despues de 32 años de servicio, se traslada a su actual emplazamiento bajo el nombre actual. El proyecto arquitectónico fue encargado al estudio RSP. A la inauguración, el 28 de enero de 2013, asistieron la escritora Ana María Matute y la alcaldesa Ana María Botella.";De lunes a viernes de 8:30 a 21 horas.   Verano: del 15 de junio al 15 de septiembre de lunes a viernes de 8:30 a 20 horas.  Cerrado: Festivos y los días 24 y 31 de diciembre.;Normas derivadas de la pandemia del coronavirus:   Es obligatorio el uso de mascarilla en el interior de la biblioteca. Se recomienda aplicar gel hidroalcohólico al entrar en el edificio y en aquellos espacios en los que esté a disposición de los usuarios.   Espacios:   Sala de consulta y lectura. Sala polivalente. Zona de publicaciones periódicas. Sala infantil y juvenil.    Servicios:   Préstamo de libros, multimedia y revistas. Préstamo de dispositivos de ayuda a la lectura (lupas para libros) Servicio de acceso público a Internet. Zona wifi. Información bibliográfica. Animación a la lectura y formación de usuarios: adaptadas a las medidas sanitarias.;Metro: Marqués de Vadillo Bus: 34, 35, 50, 118 y 119.;Superficie: 3.369 metros cuadrados  Puestos de lectura: 230  Puestos de Internet: 40 (con lector de pantalla NVDA, que permite a las personas ciegas y con discapacidad visual usar ordenadores)  Sala polivalente: 74  Salas de trabajo en grupo: 2 (12 personas en total)  Página en Facebook;1,6;http://www.madrid.es/sites/v/index.jsp?vgnextchannel=bfa48ab43d6bb410VgnVCM100000171f5a0aRCRD&vgnextoid=628e3d0b5e71c010VgnVCM1000000b205a0aRCRD;ISAAC ALBENIZ;CALLE;V;1;;MADRID;MADRID;28019;SAN ISIDRO;CARABANCHEL;438891;4472167;4.039.786.734.087.930;-3.720.088.245.008.890;91 588 08 30;;bpanammatute@madrid.es;/contenido/entidadesYorganismos/BibliotecasPublicas; 
1882;Biblioteca Pública Municipal Benito Pérez Galdós (Centro);La Biblioteca Pública Conde Duque se inaugura en los años 90, cuando se traslada a este edificio la Biblioteca Municipal situada en el actual emplazamiento del Museo de Historia de Madrid, en la calle Fuencarral, separándose la Biblioteca Pública de la Biblioteca Histórica, que habían estado juntas hasta entonces. El Cuartel de Conde Duque se reformó en 2011, obra llevada a cabo por el arquitecto Carlos de Riaño, inaugurándose de nuevo la biblioteca al año siguiente, en un primer momento fusionada con la Biblioteca Musical Víctor Espinós, de la que posteriormente se separaría. Con la reforma ganó en amplitud y homogeneidad con el resto de la red, ya que anteriormente no contaba con sala infantil ni multimedia. En 2019 recibe el nombre de Benito Pérez Galdós conmemorando el centenario del fallecimiento del escritor.;De lunes a viernes de 8:30 a 21 horas.  Verano: del 15 de junio al 15 de septiembre de lunes a viernes de 8:30 a 20 horas.  Cerrado: Festivos y los días 24 y 31 de diciembre.;Normas derivadas de la pandemia del coronavirus:   Es obligatorio el uso de mascarilla en el interior de la biblioteca. Se recomienda aplicar gel hidroalcohólico al entrar en el edificio y en aquellos espacios en los que esté a disposición de los usuarios.   Espacios:   Sala de consulta y lectura. Zona de publicaciones periódicas. Sala infantil y juvenil.   Servicios:   Préstamo de libros, multimedia y revistas. Préstamo de dispositivos de ayuda a la lectura (lupas para libros). Servicio de acceso público a Internet. Zona wifi. Información bibliográfica. Animación a la lectura y formación de usuarios: adaptadas a las medidas sanitarias.;Metro: Ventura Rodríguez, Plaza de España, San Bernardo y Noviciado. Bus: 1, 2, 7, 21, 44, 74, 147, Circular, Minibús M-2 BICIMAD: Estación 13 (calle Conde Duque 22);Superficie: 5.870 metros cuadrados  Puestos de lectura: 227  Puestos de Internet: 26 (con lector de pantalla NVDA, que permite a las personas ciegas y con discapacidad visual usar ordenadores)   Página en Facebook;1,6;http://www.madrid.es/sites/v/index.jsp?vgnextchannel=bfa48ab43d6bb410VgnVCM100000171f5a0aRCRD&vgnextoid=13ec3d0b5e71c010VgnVCM1000000b205a0aRCRD;CONDE DUQUE;CALLE;V;9;;MADRID;MADRID;28015;UNIVERSIDAD;CENTRO;439723;4475438;4.042.738.668.300.470;-37.105.999.955.473.600;91 588 59 10;;bpperezgaldos@madrid.es;/contenido/entidadesYorganismos/BibliotecasPublicas; 
1745;Biblioteca Pública Municipal Canillejas (San Blas-Canillejas);La Biblioteca Pública Municipal de Canillejas se inauguró el 4 de agosto de 1981 en la tercera planta del edificio que entonces ocupaba la Junta Municipal del Distrito de San Blas, en la calle Torre Arias. Ocho años después se trasladó al edificio que ocupa hoy, en la calle Boltaña, justo enfrente de su ubicación anterior y en pleno núcleo comercial del barrio de Canillejas. Su reapertura al público, en las nuevas instalaciones, se produjo el 15 de marzo de 1989, compartiendo edificio con el Centro Cultural Buero Vallejo.;De lunes a viernes de 8:30 a 21 horas.  Verano: del 15 de junio al 15 de septiembre de lunes a viernes de 8:30 a 20 horas.  Cerrado: Festivos y los días 24 y 31 de diciembre.;Normas derivadas de la pandemia del coronavirus:   Es obligatorio el uso de mascarilla en el interior de la biblioteca. Se recomienda aplicar gel hidroalcohólico al entrar en el edificio y en aquellos espacios en los que esté a disposición de los usuarios.   Espacios:   Sala de consulta y lectura. Sala polivalente. Zona de publicaciones periódicas. Sala infantil y juvenil.    Servicios:   Préstamo de libros, multimedia y revistas. Préstamo de dispositivos de ayuda a la lectura (lupas para libros). Servicio de acceso público a Internet. Zona wifi. Información bibliográfica. Animación a la lectura y formación de usuarios: adaptadas a las medidas sanitarias.;Metro: Canillejas, Torre Arias (Línea 5). Bus: 77, 105, 140;Superficie: 466 metros cuadrados  Puestos de lectura: 98  Puestos de Internet: 6 (con lector de pantalla NVDA, que permite a las personas ciegas y con discapacidad visual usar ordenadores)   Página en Facebook;0,6;http://www.madrid.es/sites/v/index.jsp?vgnextchannel=bfa48ab43d6bb410VgnVCM100000171f5a0aRCRD&vgnextoid=eb9e995a8bf5d010VgnVCM2000000c205a0aRCRD;BOLTAÑA;CALLE;NUM;23;EN CENTRO CULTURAL BUERO VALLEJO;MADRID;MADRID;28022;CANILLEJAS;SAN BLAS-CANILLEJAS;448119;4477485;4.044.640.229.188.280;-36.117.933.204.271.000;91 741 11 34;;bpcanillejas@madrid.es;/contenido/entidadesYorganismos/BibliotecasPublicas; 
1794;Biblioteca Pública Municipal Ciudad Lineal (Ciudad Lineal);"La Biblioteca de Ciudad Lineal se inauguró en febrero de 1993 asistiendo al acto el Alcalde, José M&amp;ordf; Alvarez del Manzano, y la entonces Concejal de Cultura, Esperanza Aguirre. Se encuentra dentro del Centro Cultural Príncipe de Asturias, en la primera planta. Su construcción se realizó para dar servicio a la zona y sustituir a la anterior biblioteca que había en los locales de un edificio de viviendas. Desde entonces ha sido ampliada tan solo una vez, en 50 m&amp;sup2;, en el año 2004, afectando esta obra a su distribución interna.";De lunes a viernes de 8:30 a 21 horas.  Verano: del 15 de junio al 15 de septiembre de lunes a viernes de 8:30 a 20 horas.  Cerrado: Festivos y los días 24 y 31 de diciembre.;Normas derivadas de la pandemia del coronavirus:   Es obligatorio el uso de mascarilla en el interior de la biblioteca. Se recomienda aplicar gel hidroalcohólico al entrar en el edificio y en aquellos espacios en los que esté a disposición de los usuarios.   Espacios:   Sala de consulta y lectura. Zona de publicaciones periódicas. Sala infantil y juvenil.   Servicios:   Préstamo de libros, multimedia y revistas. Préstamo de dispositivos de ayuda a la lectura (lupas para libros). Servicio de acceso público a Internet. Zona wifi. Información bibliográfica. Animación a la lectura y formación de usuarios: adaptadas a las medidas sanitarias.;Metro: Ciudad Lineal  Bus: 4, 38, 48, 70, 77, 105, 109;Superficie: 483 metros cuadrados  Puestos de lectura: 114  Puestos de Internet: 10 (con lector de pantalla NVDA, que permite a las personas ciegas y con discapacidad visual usar ordenadores);1,6;http://www.madrid.es/sites/v/index.jsp?vgnextchannel=bfa48ab43d6bb410VgnVCM100000171f5a0aRCRD&vgnextoid=82ce995a8bf5d010VgnVCM2000000c205a0aRCRD;INSTITUCIÓN LIBRE DE ENSEÑANZA (ANTIGUA CALLE HERMANOS GARCÍA NOBLEJAS);AVENIDA;V;14;;MADRID;MADRID;28037;PUEBLO NUEVO;CIUDAD LINEAL;445944;4476393;4.043.641.736.294.720;-3.637.346.971.302.500;915 887 566;;bpciudadlineal@madrid.es;/contenido/entidadesYorganismos/BibliotecasPublicas; 
1762;Biblioteca Pública Municipal David Gistau (Salamanca);La Biblioteca Pública Municipal David Gistau se encuentra dentro del Centro Cultural de Buenavista. El edificio que la alberga fue construido durante la II República por el Ayuntamiento de Madrid para Casa de Baños, según proyecto de José Lorite y reformado por el arquitecto municipal Salvador Pérez Arroyo en 1982. El cambio de función e inauguración como Centro Cívico tuvo lugar el 30 de abril de 1983 y la Biblioteca abrió sus puertas el 12 marzo de 1984. La Biblioteca, ocupa uno de los pabellones que alojaron las piletas de las piscinas y sus vestuarios, en concreto, la zona del vaso destinada al baño de los hombres. En la actualidad esta estructura se observa en la sala de lectura y consulta donde los usuarios adultos se sumergen en sus fondos bibliográficos. El 19 de octubre de 2020 la Biblioteca de Buenavista cambió su nombre por el del periodista y escritor David Gistau.;De lunes a viernes de 8:30 a 21 horas.  Verano: del 15 de junio al 15 de septiembre de lunes a viernes de 8:30 a 20 horas.  Cerrado: Festivos y los días 24 y 31 de diciembre.;Normas derivadas de la pandemia del coronavirus:   Es obligatorio el uso de mascarilla en el interior de la biblioteca. Se recomienda aplicar gel hidroalcohólico al entrar en el edificio y en aquellos espacios en los que esté a disposición de los usuarios.   Espacios:   Zona de publicaciones periódicas. Sala infantil y juvenil.    Servicios:   Préstamo de libros, multimedia y revistas. Préstamo de dispositivos de ayuda a la lectura (lupas para libros). Servicio de acceso público a Internet. Zona wifi. Información bibliográfica. Animación a la lectura y formación de usuarios: adaptadas a las medidas sanitarias.;Metro: Diego de León, Manuel Becerra Bus: 1, 12, 43, 48, 56, 74, Circular BICIMAD: Estación 193 (Avenida de los toreros 49);Superficie: 371 metros cuadrados  Puestos de lectura: 76  Puestos de Internet: 15 (con lector de pantalla NVDA, que permite a las personas ciegas y con discapacidad visual usar ordenadores)  Página en Facebook;1;http://www.madrid.es/sites/v/index.jsp?vgnextchannel=bfa48ab43d6bb410VgnVCM100000171f5a0aRCRD&vgnextoid=c53e3d0b5e71c010VgnVCM1000000b205a0aRCRD;TOREROS;AVENIDA;V;5;;MADRID;MADRID;28028;GUINDALERA;SALAMANCA;443092;4475923;4.043.199.309.720.510;-3.670.929.243.543.710;91 724 08 04;;bpdavidgistau@madrid.es;/contenido/entidadesYorganismos/BibliotecasPublicas; 
51188;Biblioteca Pública Municipal Dámaso Alonso (Chamartín);La biblioteca se abrió al público en mayo de 1999 denominándose Biblioteca Mateo Inurria, por estar situada en dicha calle. En 2008, por acuerdo plenario, pasó a llamarse Biblioteca Dámaso Alonso. Y es que este poeta vivió en el número 25 de la calle Alberto Alcocer, en una casita con huerta y jardín situada en su momento a las afueras de Madrid, en Chamartín de la Rosa. En cuanto a los orígenes de la biblioteca, en 1997 la sede del diario Ya se convierte en sede del Barclays Bank. A cambio, la entidad cede una parcela al Ayuntamiento para la construcción de una biblioteca, que entregó ya equipada. En 2008 se amplió el vestíbulo, se instaló un ascensor y se cerró una de las dos escaleras. En su lugar se colocó un lucernario para iluminar la sala de lectura.;De lunes a viernes de 8:30 a 21 horas.  Verano: del 15 de junio al 15 de septiembre de lunes a viernes de 8:30 a 20 horas.  Cerrado: Festivos y los días 24 y 31 de diciembre.;Normas derivadas de la pandemia del coronavirus:   Es obligatorio el uso de mascarilla en el interior de la biblioteca. Se recomienda aplicar gel hidroalcohólico al entrar en el edificio y en aquellos espacios en los que esté a disposición de los usuarios.   Espacios:   Sala de consulta y lectura. Zona de publicaciones periódicas. Sala infantil y juvenil.    Servicios:   Préstamo de libros, multimedia y revistas. Préstamo de dispositivos de ayuda a la lectura (lupas para libros). Servicio de acceso público a Internet. Zona wifi. Información bibliográfica. Animación a la lectura y formación de usuarios: adaptadas a las medidas sanitarias.;Metro: Plaza de Castilla , Duque de Pastrana  Bus: 70, 107, 129, 174;Superficie: 808 metros cuadrados  Puestos de lectura: 129  Puestos de Internet: 8 (con lector de pantalla NVDA, que permite a las personas ciegas y con discapacidad visual usar ordenadores)   Página en Facebook;1,6;http://www.madrid.es/sites/v/index.jsp?vgnextchannel=bfa48ab43d6bb410VgnVCM100000171f5a0aRCRD&vgnextoid=5870007f8441f010VgnVCM1000000b205a0aRCRD;MANUEL FERRERO;CALLE;V;1;;MADRID;MADRID;28036;CASTILLA;CHAMARTIN;441962;4479867;40.467.453.379.213.100;-36.846.112.774.442.700;91 350 31 50;;bpdamasoalonso@madrid.es;/contenido/entidadesYorganismos/BibliotecasPublicas; 
6893633;Biblioteca Pública Municipal Eugenio Trías. Casa de Fieras de El Retiro (Retiro);La Biblioteca Pública Eugenio Trías-Casa de Fieras de El Retiro fue inaugurada el 29 de abril de 2013. El edificio que alberga la biblioteca fue originariamente parte de las instalaciones que la Casa de Fieras tenía en el Parque de El Retiro, construido en tiempos de Fernando VII. El proyecto para esta nueva biblioteca, promovido  por la entonces Dirección General de Patrimonio Histórico, fue redactado por los arquitectos Jaime Nadal y Sebastián Araujo e incluye la rehabilitación de los dos grandes pabellones de la antigua Casa de Fieras, uno longitudinal de gran dimensión y otro transversal de menor tamaño así como la construcción de un pabellón de nueva planta imprescindible para cumplir con el  programa bibliotecario.;"De lunes a viernes de 8:30 a 21 horas; sábados de 9:10 a 17:50 horas y domingos de 9:10 a 13:50 horas.   Verano: del 15 de junio al 15 de septiembre de lunes a viernes de 8:30 a 20 horas; sábados de 9:10 a 16:50 horas y domingos de 9:10 a 12:50 horas. Los dos últimos fines de semana de julio y los fines de semana de agosto, la biblioteca permanecerá cerrada.  Cerrado: Festivos, Semana Santa (de jueves a domingo), el 24 y 31 de diciembre.";Normas derivadas de la pandemia del coronavirus:   Es obligatorio el uso de mascarilla en el interior de la biblioteca. Se recomienda aplicar gel hidroalcohólico al entrar en el edificio y en aquellos espacios en los que esté a disposición de los usuarios.   Espacios:   Sala de consulta y lectura. Sala polivalente, sala especializada en medio ambiente y salas de trabajo en grupo. Zona de publicaciones periódicas. Sala infantil y juvenil.    Servicios:   Préstamo de libros, multimedia y revistas. Servicio de acceso público a Internet. Zona wifi. Información bibliográfica. Animación a la lectura y formación de usuarios: adaptadas a las medidas sanitarias.;"Metro: Ibiza Bus: 20, 26, 63, 152 y Circular BICIMAD: Estación 69 (Avenida Alfonso XII n&amp;ordm; 54)";Superficie: 3.794 metros cuadrados  Puestos de lectura: 185  Puestos de Internet: 39 (con lector de pantalla NVDA, que permite a las personas ciegas y con discapacidad visual usar ordenadores)  Sala polivalente: 90  Salas de trabajo en grupo: 3 (6-8 personas en cada una)   Página en Facebook;1,6;http://www.madrid.es/sites/v/index.jsp?vgnextchannel=bfa48ab43d6bb410VgnVCM100000171f5a0aRCRD&vgnextoid=e791bed05ceed310VgnVCM1000000b205a0aRCRD;FERNÁN NÚÑEZ;PASEO;V;24;;MADRID;MADRID;28009;LOS JERONIMOS;RETIRO;442345;4474221;404.166.091.081.099;-36.795.930.368.034.800;91 480 48 38;;bpeugeniotrias@madrid.es;/contenido/entidadesYorganismos/BibliotecasPublicas; 
167128;Biblioteca Pública Municipal Francisco Ayala (Vicálvaro);La Biblioteca Francisco Ayala está ubicada en el barrio de Valdebernardo, en el distrito de Vicálvaro. Se inauguró en el año 2005. El edificio de dos plantas está situado en el eje que vertebra el barrio, en la planta inferior se situan los servicios de acceso a Internet y préstamo de adultos. En la planta superior se encuentra la sala infantil, la sala de lectura y la sala de actividades.;De lunes a viernes de 8:30 a 21 horas.  Verano: del 15 de junio al 15 de septiembre de lunes a viernes de 8:30 a 20 horas.  Cerrado: Festivos y los días 24 y 31 de diciembre.;Normas derivadas de la pandemia del coronavirus:   Es obligatorio el uso de mascarilla en el interior de la biblioteca. Se recomienda aplicar gel hidroalcohólico al entrar en el edificio y en aquellos espacios en los que esté a disposición de los usuarios.   Espacios:   Sala de consulta y lectura. Sala polivalente. Zona de publicaciones periódicas. Sala infantil y juvenil.   Servicios:   Préstamo de libros, multimedia y revistas. Préstamo de dispositivos de ayuda a la lectura (lupas para libros). Servicio de acceso público a Internet. Zona wifi. Información bibliográfica. Animación a la lectura y formación de usuarios: adaptadas a las medidas sanitarias.;Metro: Valdebernardo  Bus: 8, 71, 130;Superficie: 1.600 metros cuadrados  Puestos de lectura: 205  Puestos de Internet: 11 (con lector de pantalla NVDA, que permite a las personas ciegas y con discapacidad visual usar ordenadores)  Sala polivalente: 55   Página en Facebook;1,6;http://www.madrid.es/sites/v/index.jsp?vgnextchannel=bfa48ab43d6bb410VgnVCM100000171f5a0aRCRD&vgnextoid=f05279262ef5d010VgnVCM1000000b205a0aRCRD;INDALECIO PRIETO;BULEVAR;V;21;;MADRID;MADRID;28032;VALDEBERNARDO;VICALVARO;447278;4472321;4.039.982.891.410.400;-3.621.281.890.570.370;91 301 64 66;;bpfranciscoayala@madrid.es;/contenido/entidadesYorganismos/BibliotecasPublicas; 
1760;Biblioteca Pública Municipal Francisco Ibáñez (Chamartín);La Biblioteca Pública Francisco Ibáñez se encuentra situada en el Centro Cultural Nicolás Salmerón (sito en la calle Mantuano, 51), en el barrio de Chamartín. Proviene de la antigua Biblioteca de Chamartín, que fue inaugurada en 1983. En el año 2015, después de una profunda remodelación, cambió su denominación por la actual de Francisco Ibáñez. La alcaldesa, Ana María Botella, inauguró las nuevas instalaciones y se proyectó un vídeo del guionista y dibujante de cómic que le da nombre en agradecimiento.;De lunes a viernes de 8:30 a 21 horas.  Verano: del 15 de junio al 15 de septiembre de lunes a viernes de 8:30 a 20 horas.  Cerrado: Festivos y los días 24 y 31 de diciembre.;Normas derivadas de la pandemia del coronavirus:   Es obligatorio el uso de mascarilla en el interior de la biblioteca. Se recomienda aplicar gel hidroalcohólico al entrar en el edificio y en aquellos espacios en los que esté a disposición de los usuarios.   Espacios:   Sala de consulta y lectura. Zona de publicaciones periódicas. Sala infantil y juvenil.   Servicios:   Préstamo de libros, multimedia y revistas. Préstamo de dispositivos de ayuda a la lectura (lupas para libros). Servicio de acceso público a Internet. Zona wifi. Información bibliográfica. Animación a la lectura y formación de usuarios: adaptadas a las medidas sanitarias.;Metro: Concha Espina, Prosperidad  Bus: 9, 16, 29, 52;Superficie: 543 metros cuadrados  Puestos de lectura: 94   Puestos de Internet: 24 (con lector de pantalla NVDA, que permite a las personas ciegas y con discapacidad visual usar ordenadores);1,6;http://www.madrid.es/sites/v/index.jsp?vgnextchannel=bfa48ab43d6bb410VgnVCM100000171f5a0aRCRD&vgnextoid=0fce3d0b5e71c010VgnVCM1000000b205a0aRCRD;MANTUANO;CALLE;V;51;;MADRID;MADRID;28002;CIUDAD JARDIN;CHAMARTIN;442766;4477922;4.044.810.636.195.710;-36.762.309.620.097.300;91 510 37 56;;bpfranciscoibanez@madrid.es;/contenido/entidadesYorganismos/BibliotecasPublicas; 
1754;Biblioteca Pública Municipal Gabriel García Márquez (Usera);La Biblioteca Pública Municipal Gabriel García Marquez es heredera de la antigua biblioteca de la Meseta de Orcasur, abierta al público en 1983. En esta misma ubicación se abrió la actual en 1987, y posteriormente fue remodelada en 2014. Fue entonces cuando se cambió el nombre por el de Gabriel García Marquez.;De lunes a viernes de 8:30 a 21 horas.  Verano: del 15 de junio al 15 de septiembre de lunes a viernes de 8:30 a 20 horas.  Cerrado: Festivos y los días 24 y 31 de diciembre.;Normas derivadas de la pandemia del coronavirus:   Es obligatorio el uso de mascarilla en el interior de la biblioteca. Se recomienda aplicar gel hidroalcohólico al entrar en el edificio y en aquellos espacios en los que esté a disposición de los usuarios.   Espacios:   Sala de consulta y lectura. Sala polivalente, salas de trabajo en grupo. Zona de publicaciones periódicas. Sala infantil y juvenil.   Servicios:   Préstamo de libros, multimedia y revistas. Servicio de acceso público a Internet. Zona wifi. Información bibliográfica. Animación a la lectura y formación de usuarios: adaptadas a las medidas sanitarias.;Bus: 78, 116  Metro: San Fermín - Orcasur Renfe: Orcasitas;Superficie: 1395 metros cuadrados  Puestos de lectura: 142   Puestos de Internet: 27 (con lector de pantalla NVDA, que permite a las personas ciegas y con discapacidad visual usar ordenadores)  Sala polivalente: 55  Salas de trabajo en grupo: 2 (6 y 10 plazas)   Página en Facebook;1,6;http://www.madrid.es/sites/v/index.jsp?vgnextchannel=bfa48ab43d6bb410VgnVCM100000171f5a0aRCRD&vgnextoid=e4bf3d0b5e71c010VgnVCM1000000b205a0aRCRD;PUEBLO;PLAZA;NUM;2;CENTRO CULTURAL ORCASUR;MADRID;MADRID;28041;ORCASUR;USERA;440472;4468702;40.366.768.324.753.400;-3.701.141.063.083.800;91 318 86 91;;bpgarciamarquez@madrid.es;/contenido/entidadesYorganismos/BibliotecasPublicas; 
1748;Biblioteca Pública Municipal Gerardo Diego (Villa de Vallecas);La Biblioteca de Vallecas Villa se abrió en 1987, en el local que había sido hasta entonces la escuela infantil del pueblo de Vallecas. Al transformarse en biblioteca, tomó el nombre del maestro de la antigua escuela -Francisco Fatou-, acudiendo a la inauguración su viuda, quien contribuyó con una importante aportación económica para la ampliación de sus fondos. En 1995 se trasladó desde la calle Manuel Vélez -donde quedó el Centro Cultural Francisco Fatou- a la vecina calle Monte Aya, en la que se inauguró un nuevo edificio en enero de 1996.  Su nueva sede se construyó sobre el solar del antiguo Cine Madrid. La práctica totalidad del edificio, salvo unas pequeñas dependencias destinadas a escuela de adultos, está dedicado a biblioteca. Es allí donde recibió su actual denominación como Biblioteca Pública Municipal Gerardo Diego.;De lunes a viernes de 8:30 a 21 horas.  Verano: del 15 de junio al 15 de septiembre de lunes a viernes de 8:30 a 20 horas.  Cerrado: Festivos y los días 24 y 31 de diciembre.;Normas derivadas de la pandemia del coronavirus:   Es obligatorio el uso de mascarilla en el interior de la biblioteca. Se recomienda aplicar gel hidroalcohólico al entrar en el edificio y en aquellos espacios en los que esté a disposición de los usuarios.   Espacios:   Sala de consulta y lectura. Sala polivalente. Zona de publicaciones periódicas. Sala infantil y juvenil.   Servicios:   Préstamo de libros, multimedia y revistas. Préstamo de dispositivos de ayuda a la lectura (lupas para libros). Servicio de acceso público a Internet. Zona wifi. Información bibliográfica. Animación a la lectura y formación de usuarios: adaptadas a las medidas sanitarias.;Metro: Villa de Vallecas (línea 1) Bus: 54, 58, 103, 130, 142;Superficie: 1.601 metros cuadrados  Puestos de lectura: 154   Puestos de Internet: 16 (con lector de pantalla NVDA, que permite a las personas ciegas y con discapacidad visual usar ordenadores)   Sala polivalente: 59   Página en Facebook;1,6;http://www.madrid.es/sites/v/index.jsp?vgnextchannel=bfa48ab43d6bb410VgnVCM100000171f5a0aRCRD&vgnextoid=ca903d0b5e71c010VgnVCM1000000b205a0aRCRD;MONTE AYA;CALLE;NUM;12;;MADRID;MADRID;28031;CASCO HISTORICO VALLECAS;VILLA DE VALLECAS;447138;4469889;4.037.790.196.240.430;-36.227.296.605.039.500;91 380 66 33;;bpgerardodiego@madrid.es;/contenido/entidadesYorganismos/BibliotecasPublicas; 
79941;Biblioteca Pública Municipal Gloria Fuertes (Barajas);La Biblioteca Pública Municipal Gloria Fuertes fue inaugurada en octubre del año 2001 asistiendo al acto el entonces alcalde, José María Álvarez del Manzano. El edificio es un proyecto de nueva planta de la arquitecta Carmen Blanco Hernández para albergar un centro cultural y la única biblioteca que, en la actualidad, presta servicio a los vecinos del distrito de Barajas. Desde los grandes ventanales que recorren la primera y segunda planta, donde se ubica la biblioteca, se aprecian los restos del reconstruido castillo de los Zapata, único que se conserva en el término municipal de Madrid, y un extenso olivar que pone límite al moderno parque Juan Carlos I.;De lunes a viernes de 8:30 a 21 horas.  Verano: del 15 de junio al 15 de septiembre de lunes a viernes de 8:30 a 20 horas.  Cerrado: Festivos y los días 24 y 31 de diciembre.;Normas derivadas de la pandemia del coronavirus:   Es obligatorio el uso de mascarilla en el interior de la biblioteca. Se recomienda aplicar gel hidroalcohólico al entrar en el edificio y en aquellos espacios en los que esté a disposición de los usuarios.   Espacios:   Sala de consulta y lectura. Sala polivalente. Zona de publicaciones periódicas. Sala infantil y juvenil.   Servicios:   Préstamo de libros, multimedia y revistas. Préstamo de dispositivos de ayuda a la lectura (lupas para libros). Servicio de acceso público a Internet. Zona wifi. Información bibliográfica. Animación a la lectura y formación de usuarios: adaptadas a las medidas sanitarias.;Metro: Alameda de Osuna  Bus: 105, 112, 115;Superficie: 672 metros cuadrados  Puestos de lectura: 119  Puestos de Internet: 9 (con lector de pantalla NVDA, que permite a las personas ciegas y con discapacidad visual usar ordenadores)  Sala polivalente: 30  Página en Facebook;1,6;http://www.madrid.es/sites/v/index.jsp?vgnextchannel=bfa48ab43d6bb410VgnVCM100000171f5a0aRCRD&vgnextoid=1f64c2c6e051c010VgnVCM2000000c205a0aRCRD;LOGROÑO;AVENIDA;V;179;;MADRID;MADRID;28042;CORRALEJOS;BARAJAS;449661;4479046;4.046.055.947.228.690;-35.937.461.811.785.300;91 312 02 58;;bpgloriafuertes@madrid.es;/contenido/entidadesYorganismos/BibliotecasPublicas; 
1750;Biblioteca Pública Municipal Huerta de la Salud (Hortaleza);Su antecedente fue una pequeña biblioteca que había en la calle de Santa Virgilia y dependía de la Junta de Distrito. En enero de 1987 se inaugura el centro actual dentro del parque Huerta de la Salud, situado en los terrenos de una antigua quinta cuyos orígenes se remontan al siglo XVIII. Esta quinta fue a principios del siglo XX un próspero negocio agropecuario con nuevos y originales elementos arquitectónicos, entre los que destacaba el silo, ahora emblema de Hortaleza. Caída la quinta en el abandono poco antes de la Guerra Civil, se derribaron a principios de los años ochenta algunas de sus construcciones, como el mirador o palomar y el granero, y solo quedaron, al menos en parte, tres edificaciones. La biblioteca ocupó la estructura rehabilitada de uno de ellos, donde habían estado los establos del recinto, compartiendo espacio con el Centro Cultural Huerta de la Salud. En 1995, se traslada a otra construcción de la antigua quinta, donde se encuentra actualmente. El edificio -conocido como el corredor- había servido para guardar arados y herramientas y para dormir parte del personal. En 2006 y 2007 se realiza una profunda reforma y adquiere su actual fisonomía. Por su historia, el edificio de la biblioteca conserva cierto aire arquitectónico rural. En octubre de 2018, su suerte se unió a la tercera construcción histórica del conjunto: el Silo, al que se había añadido un magnífico mirador a principios del siglo XXI y donde se realizan algunas actividades de la biblioteca.;De lunes a viernes de 8:30 a 21 horas.  Verano: del 15 de junio al 15 de septiembre de lunes a viernes de 8:30 a 20 horas.  Cerrado: Festivos y los días 24 y 31 de diciembre.;Normas derivadas de la pandemia del coronavirus:   Es obligatorio el uso de mascarilla en el interior de la biblioteca. Se recomienda aplicar gel hidroalcohólico al entrar en el edificio y en aquellos espacios en los que esté a disposición de los usuarios.   Espacios:   Sala de consulta y lectura. Zona de publicaciones periódicas. Sala infantil y juvenil.   Servicios:   Préstamo de libros, multimedia y revistas. Préstamo de dispositivos de ayuda a la lectura (lupas para libros). Servicio de acceso público a Internet. Zona wifi. Información bibliográfica. Animación a la lectura y formación de usuarios: adaptadas a las medidas sanitarias.;Metro: Parque de Santa María  Bus: 9, 72, 107, 201;Superficie: 450 metros cuadrados  Puestos de lectura: 77  Puestos de Internet: 7 (con lector de pantalla NVDA, que permite a las personas ciegas y con discapacidad visual usar ordenadores);1,6;http://www.madrid.es/sites/v/index.jsp?vgnextchannel=bfa48ab43d6bb410VgnVCM100000171f5a0aRCRD&vgnextoid=9c5879262ef5d010VgnVCM1000000b205a0aRCRD;MAR DE LAS ANTILLAS;CALLE;V;10;;MADRID;MADRID;28033;PINAR DEL REY;HORTALEZA;445295;4480968;4.047.571.688.103.060;-364.667.257.750.353;91 764 52 43;;bphuertasalud@madrid.es;/contenido/entidadesYorganismos/BibliotecasPublicas; 
5975465;Biblioteca Pública Municipal Iván de Vargas (Centro);La Biblioteca Pública Municipal Iván de Vargas fue inaugurada en febrero de 2011. Se encuentra situada en el corazón del Madrid de los Austrias y ocupa el espacio de un antiguo caserón perteneciente a uno de los linajes más antiguos de Madrid: los Vargas, siendo Iván de Vargas señor del patrón de la ciudad, San Isidro Labrador. Fue proyectada por el arquitecto Ramón Andrade y responde a un diálogo entre tradición y vanguardia utilizando granito, cristal y madera. Destacan en el interior dos magnolios centenarios y el brocal de un pozo con una imagen medieval labrada de San Isidro. Por sus raíces históricas en la ciudad, la Biblioteca dispone de una sala de lectura especializada en fondos documentales sobre Madrid.;"De lunes a viernes de 8:30 a 21 horas; sábados de 9:10 a 17:50 horas y domingos de 9:10 a 13:50 horas.   Verano: del 15 de junio al 15 de septiembre de lunes a viernes de 8:30 a 20 horas; sábados de 9:10 a 16:50 horas y domingos de 9:10 a 12:50 horas. Los dos últimos fines de semana de julio y los fines de semana de agosto, la biblioteca permanecerá cerrada.  Cerrado: Festivos, Semana Santa (de jueves a domingo), el 24 y 31 de diciembre.";Normas derivadas de la pandemia del coronavirus:   Es obligatorio el uso de mascarilla en el interior de la biblioteca. Se recomienda aplicar gel hidroalcohólico al entrar en el edificio y en aquellos espacios en los que esté a disposición de los usuarios.   Espacios:   Sala de consulta y lectura. Sala polivalente, sala de Madrid y sala de trabajo en grupo. Zona de publicaciones periódicas. Sala infantil y juvenil.   Servicios:   Préstamo de libros, multimedia y revistas. Préstamo de dispositivos de ayuda a la lectura (lupas para libros). Servicio de acceso público a Internet. Zona wifi. Información bibliográfica. Animación a la lectura y formación de usuarios: adaptadas a las medidas sanitarias.;Metro: Sol, Latina y Ópera Bus: 3, 17, 18, 23, 31, 50, 65 Renfe: Sol BICIMAD: Estación 35 (Plaza del Cordón 1);Superficie:  2.884 metros cuadrados  Puestos de lectura:  142  Puestos de Internet:  17 (con lector de pantalla NVDA, que permite a las personas ciegas y con discapacidad visual usar ordenadores)  Puestos de la sala polivalente: 45  Puestos de la sala de trabajo en grupo: 8   Página en Facebook;1,6;http://www.madrid.es/sites/v/index.jsp?vgnextchannel=bfa48ab43d6bb410VgnVCM100000171f5a0aRCRD&vgnextoid=0b60e92be3c5e210VgnVCM1000000b205a0aRCRD;SAN JUSTO;CALLE;V;5;;MADRID;MADRID;28005;PALACIO;CENTRO;439775;4473962;4.041.410.290.844.660;-37.098.591.212.735.800;917 586 211;;bpivandevargas@madrid.es;/contenido/entidadesYorganismos/BibliotecasPublicas; 
115056;Biblioteca Pública Municipal José Hierro (San Blas-Canillejas);La Biblioteca Pública Municipal José Hierro fue inaugurada en 2003, asistiendo a la inauguración la viuda del escritor y el entonces alcalde José María Álvarez del Manzano. Se trata de un edificio próximo a la Junta de Distrito, con la que comparte un amplio espacio ajardinado.;De lunes a viernes de 8:30 a 21 horas.  Verano: del 15 de junio al 15 de septiembre de lunes a viernes de 8:30 a 20 horas.  Cerrado: Festivos y los días 24 y 31 de diciembre.;Normas derivadas de la pandemia del coronavirus:   Es obligatorio el uso de mascarilla en el interior de la biblioteca. Se recomienda aplicar gel hidroalcohólico al entrar en el edificio y en aquellos espacios en los que esté a disposición de los usuarios.   Espacios:   Sala de consulta y lectura Sala polivalente. Zona de publicaciones periódicas. Sala infantil y juvenil.   Servicios:   Préstamo de libros, multimedia y revistas. Préstamo de dispositivos de ayuda a la lectura (lupas para libros). Servicio de acceso público a Internet. Zona wifi. Información bibliográfica. Animación a la lectura y formación de usuarios: adaptadas a las medidas sanitarias.;Metro: Las Musas  Bus: 38, 48, 140, 153, 165, 167, E2 Autobuses interurbanos: 286, 288, 289;Superficie: 1.866 metros cuadrados  Puestos de lectura: 227  Puestos de Internet: 13 (con lector de pantalla NVDA, que permite a las personas ciegas y con discapacidad visual usar ordenadores)  Salas polivalentes: 80 y 15 puestos de aforo.   Página en Facebook;1,6;http://www.madrid.es/sites/v/index.jsp?vgnextchannel=bfa48ab43d6bb410VgnVCM100000171f5a0aRCRD&vgnextoid=338879262ef5d010VgnVCM1000000b205a0aRCRD;MARIA SEVILLA DIAGO;CALLE;V;15;;MADRID;MADRID;28022;ROSAS;SAN BLAS-CANILLEJAS;448214;4476029;40.433.291.625.973.600;-36.105.662.311.927.400;91 313 55 28;;bpjosehierro@madrid.es;/contenido/entidadesYorganismos/BibliotecasPublicas; 
1790;Biblioteca Pública Municipal José Saramago (Fuencarral-El Pardo);La Biblioteca Municipal José Saramago se inauguró en noviembre de 1990, con el nombre de Biblioteca de la Vaguada. El origen es la antigua Biblioteca de Peñagrande situada en el Centro Cultural Rafael de León. Las instalaciones eran insuficientes para uno de los distritos más grandes de Madrid, y gracias al proyecto del Centro Cívico de La Vaguada se subsanó, por un lado la falta de espacio y por otro se mejoró su ubicación al situarse junto al Centro Comercial La Vaguada. El edificio forma parte de un proyecto diseñado en 1982 por los arquitectos Javier San José Marqués y Jordi Parcerisas Vázquez. La organización del edificio se realizó por medio de una secuencia de arcos que unían entre sí los diferentes espacios. En el año 2011 cambio su denominación por la actual de José Saramago.;De lunes a viernes de 8:30 a 21 horas.  Verano: del 15 de junio al 15 de septiembre de lunes a viernes de 8:30 a 20 horas.  Cerrado: Festivos y los días 24 y 31 de diciembre.;Normas derivadas de la pandemia del coronavirus:   Es obligatorio el uso de mascarilla en el interior de la biblioteca. Se recomienda aplicar gel hidroalcohólico al entrar en el edificio y en aquellos espacios en los que esté a disposición de los usuarios.   Espacios:   Sala de consulta y lectura Zona de publicaciones periódicas. Sala infantil (cerrada temporalmente al público).   Servicios:    Préstamo de libros, multimedia y revistas. Zona wifi. Información bibliográfica. Animación a la lectura y formación de usuarios: adaptadas a las medidas sanitarias.;Metro: Barrio del Pilar, Peñagrande  Bus: 49, 83, 128, 132, 134, 137;Superficie: 1.276 metros cuadrados  Puestos de lectura: 204  Puestos de Internet: 17 con lector de pantalla NVDA, que permite a las personas ciegas y con discapacidad visual usar ordenadores)  Sala polivalente: 30   Página en Facebook;1;http://www.madrid.es/sites/v/index.jsp?vgnextchannel=bfa48ab43d6bb410VgnVCM100000171f5a0aRCRD&vgnextoid=70d879262ef5d010VgnVCM1000000b205a0aRCRD;MONFORTE DE LEMOS;AVENIDA;V;38;;MADRID;MADRID;28029;EL PILAR;FUENCARRAL-EL PARDO;439867;4481122;4.047.860.087.334.550;-37.094.408.342.979.900;91 588 68 91;;bpjosesaramago@madrid.es;/contenido/entidadesYorganismos/BibliotecasPublicas; 
1756;Biblioteca Pública Municipal La Chata (Carabanchel);"La Biblioteca Pública La Chata abrió sus puertas por primera vez al público el Día de la Biblioteca, 24 de octubre, de 2005. El 13 de agosto de 2006 el Alcalde Ruiz-Gallardón, acompañado por la Concejala de Las Artes, Alicia Moreno, procedió a su inauguración oficial en un breve acto. El nombre de la biblioteca, La Chata, alude a Isabel de Borbón, hermana de Alfonso XII, que acudía regularmente a Carabanchel por ser una gran amante de los toros y a la Finca Vista Alegre que pertenecía a la familia real. También alude al nombre popular de la plaza de toros de Vista Alegre, denominada así por ser muy baja, achatada. Por lo tanto es un nombre muy &amp;ldquo;carabanchelero&amp;rdquo;.";De lunes a viernes de 8:30 a 21 horas.  Verano: del 15 de junio al 15 de septiembre de lunes a viernes de 8:30 a 20 horas.  Cerrado: Festivos y los días 24 y 31 de diciembre.;Normas derivadas de la pandemia del coronavirus:   Es obligatorio el uso de mascarilla en el interior de la biblioteca. Se recomienda aplicar gel hidroalcohólico al entrar en el edificio y en aquellos espacios en los que esté a disposición de los usuarios.   Espacios: .  Sala de consulta y lectura. Zona de publicaciones periódicas. Sala infantil y juvenil.   Servicios:   Préstamo de libros, multimedia, revistas y colección de libros en rumano. Servicio de acceso público a Internet. Zona wifi. Información bibliográfica. Animación a la lectura y formación de usuarios: adaptadas a las medidas sanitarias.;Metro: Eugenia de Montijo, Carabanchel  Bus: 34 , 35;Superficie: 1.600 metros cuadrados  Puestos de lectura: 223  Puestos de Internet: 17 (con lector de pantalla NVDA, que permite a las personas ciegas y con discapacidad visual usar ordenadores)  Página en Facebook;1,6;http://www.madrid.es/sites/v/index.jsp?vgnextchannel=bfa48ab43d6bb410VgnVCM100000171f5a0aRCRD&vgnextoid=d9a879262ef5d010VgnVCM1000000b205a0aRCRD;GENERAL RICARDOS;CALLE;NUM;252;Antiguo Mercado de Carabanchel;MADRID;MADRID;28025;VISTA ALEGRE;CARABANCHEL;437014;4470566;4.038.330.593.504.340;-37.420.633.861.175.700;91 422 05 33;;bplachata@madrid.es;/contenido/entidadesYorganismos/BibliotecasPublicas; 
51849;Biblioteca Pública Municipal La Elipa (Ciudad Lineal);La Biblioteca Pública Municipal La Elipa fue inaugurada en el año 2000. Su origen se remonta a la Biblioteca Pública de Quintana, que estaba situada en el Centro Cultural Sambara. En el año 2000 se trasladó a su actual ubicación, en lo que era el antiguo Colegio Islas Filipinas, del que tomaría su nombre. Permanece cerrada entre otoño de 2007 y primavera de 2009, reformándose para mejorar su accesibilidad y reabriendo sus puertas en marzo de ese año. Se denomina Biblioteca Municipal Islas Filipinas hasta octubre de 2016, que a instancia de los vecinos del barrio, y de acuerdo a los informes elaborados por la Dirección General de Bibliotecas, es aprobado el cambio de denominación en el Pleno de la Junta Municipal de Ciudad Lineal. Actualmente la biblioteca toma el nombre del barrio en el que está ubicada y al cual presta servicio.;De lunes a viernes de 8:30 a 21 horas.  Verano: del 15 de junio al 15 de septiembre de lunes a viernes de 8:30 a 20 horas.  Cerrado: Festivos y los días 24 y 31 de diciembre.;Normas derivadas de la pandemia del coronavirus:   Es obligatorio el uso de mascarilla en el interior de la biblioteca. Se recomienda aplicar gel hidroalcohólico al entrar en el edificio y en aquellos espacios en los que esté a disposición de los usuarios.   Espacios:   Sala de consulta y lectura Zona de publicaciones periódicas. Sala infantil y juvenil.   Servicios:   Préstamo de libros, multimedia y revistas. Préstamo de dispositivos de ayuda a la lectura (lupas para libros). Servicio de acceso público a Internet. Zona wifi. Información bibliográfica. Animación a la lectura y formación de usuarios: adaptadas a las medidas sanitarias.;Bus: líneas 15, 28, 110, 113, 210 Metro: La Elipa (línea 2);Superficie: 880 metros cuadrados  Puestos de lectura: 102  Puestos de Internet: 10 (con lector de pantalla NVDA, que permite a las personas ciegas y con discapacidad visual usar ordenadores)  Página en Facebook;1,6;http://www.madrid.es/sites/v/index.jsp?vgnextchannel=bfa48ab43d6bb410VgnVCM100000171f5a0aRCRD&vgnextoid=697c598d1351c010VgnVCM1000000b205a0aRCRD;NUESTRA SEÑORA DEL VILLAR;CALLE;NUM;6;;MADRID;MADRID;28017;LA ELIPA;CIUDAD LINEAL;444705;4474959;4.042.342.659.084.210;-3.651.841.641.389.480;91 403 63 22;;bplaelipa@madrid.es;/contenido/entidadesYorganismos/BibliotecasPublicas; 
185595;Biblioteca Pública Municipal Manuel Vázquez Montalbán (Tetuán);La Biblioteca Manuel Vázquez Montalbán se abrió al público en agosto de 2006. Se trata de un edificio diseñado por la arquitecta Isabel Huete Chugunowa, en el que comparten instalaciones la biblioteca y una Escuela Municipal de Música.;De lunes a viernes de 8:30 a 21 horas.  Verano: del 15 de junio al 15 de septiembre de lunes a viernes de 8:30 a 20 horas.  Cerrado: Festivos y los días 24 y 31 de diciembre.;Normas derivadas de la pandemia del coronavirus:   Es obligatorio el uso de mascarilla en el interior de la biblioteca. Se recomienda aplicar gel hidroalcohólico al entrar en el edificio y en aquellos espacios en los que esté a disposición de los usuarios.   Espacios:   Sala de consulta y lectura Zona de publicaciones periódicas. Sala infantil y juvenil.   Servicios:   Préstamo de libros, multimedia y revistas. Préstamo de dispositivos de ayuda a la lectura (lupas para libros). Servicio de acceso público a Internet. Zona wifi. Información bibliográfica. Animación a la lectura y formación de usuarios: adaptadas a las medidas sanitarias.;Metro: Francos Rodríguez  Bus: 44, 64, 126, 127, 128, 132;Superficie: 1.372 metros cuadrados  Puestos de lectura: 151  Puestos de Internet: 11 (con lector de pantalla NVDA, que permite a las personas ciegas y con discapacidad visual usar ordenadores)  Sala polivalente: 40;1,6;http://www.madrid.es/sites/v/index.jsp?vgnextchannel=bfa48ab43d6bb410VgnVCM100000171f5a0aRCRD&vgnextoid=b5ca89e2c9e5d010VgnVCM1000000b205a0aRCRD;FRANCOS RODRIGUEZ;CALLE;V;67;;MADRID;MADRID;28039;BELLAS VISTAS;TETUAN;439755;4478779;4.045.749.513.485.950;-3.710.539.712.535.910;"91 398 07 23                                                                                                                                     
91 398 07 26";;bpvazquezmontalban@madrid.es;/contenido/entidadesYorganismos/BibliotecasPublicas; 
7697128;Biblioteca Pública Municipal Mario Vargas Llosa (Centro);La Biblioteca Mario Vargas Llosa fue inaugurada por el Premio Nobel de Literatura que le da su nombre el 17 de noviembre del 2014. La biblioteca tiene su origen en la remodelación del complejo Barceló que incluye un mercado, que sustituye al que existía antiguamente, un polideportivo, un parking y la biblioteca. Su construcción y apertura era una antigua reivindicación de los vecinos que reclamaban una biblioteca en el distrito Centro que diera servicio a los barrios de Justicia, Universidad y parte de Chamberí. Al estar en un centro neurálgico de la cultura madrileña, junto al Museo de Historia de Madrid y el Museo Romántico, numerosas librerías, varias universidades, etc. la Biblioteca Mario Vargas Llosa se constituye como un centro de encuentro cultural, artístico y social del barrio.;De lunes a viernes de 8:30 a 21 horas.  Verano: del 15 de junio al 15 de septiembre de lunes a viernes de 8:30 a 20 horas.  Cerrado: Festivos y los días 24 y 31 de diciembre.;Normas derivadas de la pandemia del coronavirus:   Es obligatorio el uso de mascarilla en el interior de la biblioteca. Se recomienda aplicar gel hidroalcohólico al entrar en el edificio y en aquellos espacios en los que esté a disposición de los usuarios.   Espacios:   Sala de consulta y lectura Sala polivalente. Sala de trabajo en grupo Zona de publicaciones periódicas. Sala infantil y juvenil.   Servicios:   Préstamo de libros, multimedia y revistas. Servicio de acceso público a Internet. Zona wifi. Información bibliográfica. Animación a la lectura y formación de usuarios: adaptadas a las medidas sanitarias.;Metro: Alonso Martínez, Tribunal. Bus: 3, 21, 37, 40, 147, 149 BICIMAD: Estación 54 (Calle Barceló 7);Superficie: 1.860,70 metros cuadrados  Puestos de lectura: 122  Puestos de Internet: 21 (con lector de pantalla NVDA, que permite a las personas ciegas y con discapacidad visual usar ordenadores)  Sala polivalente: 16  Sala de trabajo en grupo: 16   Página en Facebook;1,6;http://www.madrid.es/sites/v/index.jsp?vgnextchannel=bfa48ab43d6bb410VgnVCM100000171f5a0aRCRD&vgnextoid=6c4dbc2658739410VgnVCM2000000c205a0aRCRD;BARCELO;CALLE;V;4;;MADRID;MADRID;28004;JUSTICIA;CENTRO;440645;4475347;40.426.642.215.368.100;-3.699.722.994.908.340;914 802 433;;bpvargasllosa@madrid.es;/contenido/entidadesYorganismos/BibliotecasPublicas; 
10395362;Biblioteca Pública Municipal María Lejárraga (Hortaleza);La Dirección General de Bibliotecas, en colaboración con la Alcaldía del Ayuntamiento de Madrid, decidieron asignar el nombre de María Lejárraga a la biblioteca abierta en el Centro Cultural Sanchinarro el 12 de junio del 2017. Esta denominación viene a dar continuidad a la misión de asignar a la bibliotecas con nombres de escritores y escritoras de época contemporánea que hayan tenido especial trascendencia en el mundo de las letras.;"De lunes a viernes de 8:30 a 21 horas; sábados de 9:10 a 17:50 horas y domingos de 9:10 a 13:50 horas.   Verano: del 15 de junio al 15 de septiembre de lunes a viernes de 8:30 a 20 horas; sábados de 9:10 a 16:50 horas y domingos de 9:10 a 12:50 horas. Los dos últimos fines de semana de julio y los fines de semana de agosto, la biblioteca permanecerá cerrada.  Cerrado: Festivos, Semana Santa (de jueves a domingo), el 24 y 31 de diciembre. * Sala de Estudio: de lunes a viernes de 9 a 15 y de 16 a 22 horas. Sábados y domingos: de 10 a 15 y de 16 a 22 horas.";"Normas derivadas de la pandemia del coronavirus:   Es obligatorio el uso de mascarilla en el interior de la biblioteca. Se recomienda aplicar gel hidroalcohólico al entrar en el edificio y en aquellos espacios en los que esté a disposición de los usuarios.   Espacios:   Sala de consulta y lectura Sala polivalente. Zona de publicaciones periódicas. Sala infantil y juvenil. Comiteca     Servicios: Préstamo de libros, multimedia y revistas; Servicio de Acceso Público a Internet; Zona wifi; Información bibliográfica; Animación a la lectura; Formación de usuarios; Reprografía.  Préstamo de libros, multimedia y revistas. Servicio de acceso público a Internet. Zona wifi. Información bibliográfica. Animación a la lectura y formación de usuarios: adaptadas a las medidas sanitarias.";Metro: Tren Ligero de Vicente Blasco Ibáñez y Virgen del Cortijo  Bus: 174, 173, 172L, 172 SF.;Superficie: 982,25 metros cuadrados   Puestos de lectura: 168  Puestos de Internet: 24 (con lector de pantalla NVDA, que permite a las personas ciegas y con discapacidad visual usar ordenadores)  Sala polivalente: 50  Página en Facebook;1,6;http://www.madrid.es/sites/v/index.jsp?vgnextchannel=bfa48ab43d6bb410VgnVCM100000171f5a0aRCRD&vgnextoid=d862492de8c8c510VgnVCM2000001f4a900aRCRD;PRINCESA DE EBOLI;CALLE;V;29;;MADRID;MADRID;28050;VALDEFUENTES;HORTALEZA;444461;4482397;4.049.041.562.546.540;-3.655.356.751.728.000;91 513 33 83;;bpmarialejarraga@madrid.es;/contenido/entidadesYorganismos/BibliotecasPublicas; 
1759;Biblioteca Pública Municipal María Zambrano (Tetuán);La Biblioteca Pública Municipal María Zambrano se inauguró el 29 de octubre de 2010 dentro del Centro Cultural Eduardo Úrculo (inaugurado a su vez el 15 de octubre de 2009), en el barrio de Ventilla, dentro del distrito de Tetuán en Madrid. Al acto acudieron el alcalde Alberto Ruiz Gallardón y la Delegada del Área de Las Artes Alicia Moreno. Esta biblioteca es consecuencia de la necesidad de ampliar la Biblioteca de Tetuán, situada en el antiguo edificio de la Junta Municipal del mismo nombre (Bravo Murillo 357).  La Biblioteca de Tetuán fue inaugurada en 1982 por el alcalde Enrique Tierno Galván, dentro del edificio de la Junta Municipal, y fue una de las primeras de la red municipal de Bibliotecas del Ayuntamiento de Madrid. Era heredera de la biblioteca creada en la nueva Casa Consistorial del antiguo pueblo de Chamartín de la Rosa en 1934.;De lunes a viernes:   De 8:30 a 21 horas.  La sala de lectura permanecerá cerrada de 14 a 14:30 horas para proceder a su limpieza y desinfección. La biblioteca permanecerá cerrada los días: 24 y 31 de diciembre.;"Normas derivadas de la pandemia del coronavirus:   Es obligatorio el uso de mascarilla en el interior de la biblioteca. Se recomienda aplicar gel hidroalcohólico al entrar en el edificio y en aquellos espacios en los que esté a disposición de los usuarios.  Accesible a personas con discapacidad intelectual al contar con señalización mediante pictogramas.  Espacios: Sala de Consulta y Lectura; Zona de publicaciones periódicas; Sala infantil y juvenil.  Sala de consulta y lectura Zona de publicaciones periódicas. Sala infantil y juvenil.   Servicios: Préstamo de libros, multimedia y revistas; Servicio de Acceso Público a Internet; Zona wifi; Información bibliográfica; Animación a la lectura; Formación de usuarios; Reprografía.  Préstamo de libros, multimedia y revistas. Servicio de acceso público a Internet. Zona wifi. Información bibliográfica. Animación a la lectura y formación de usuarios: adaptadas a las medidas sanitarias.";Metro: Ventilla Bus: 42;Superficie: 1.551 metros cuadrados  Puestos de lectura: 123  Puestos de Internet: 21 (con lector de pantalla NVDA, que permite a las personas ciegas y con discapacidad visual usar ordenadores)   Página en Facebook;1,6;http://www.madrid.es/sites/v/index.jsp?vgnextchannel=bfa48ab43d6bb410VgnVCM100000171f5a0aRCRD&vgnextoid=74703d0b5e71c010VgnVCM1000000b205a0aRCRD;DONOSO;PLAZA;V;5;En el Centro Cultural Eduardo Úrculo;MADRID;MADRID;28029;ALMENARA;TETUAN;440857;4480052;4.046.903.299.144.090;-36.976.620.067.964.900;91 733 90 43;;bpmariazambrano@madrid.es;/contenido/entidadesYorganismos/BibliotecasPublicas; 
1752;Biblioteca Pública Municipal Miguel Delibes (Moratalaz);"La Biblioteca Pública Municipal de Moratalaz fue inaugurada en el año 1986. Su primera ubicación fue dentro del parque Darwin, en unas edificaciones que la Inmobiliaria Urbis utilizó como pisos piloto para la venta de las viviendas y donó luego al Ayuntamiento. La primera instalación se concibió como un quiosco de libros de préstamo. Posteriormente se le añadió otro módulo de los pisos piloto. Con el desarrollo del distrito, se decide la construcción de una nueva biblioteca. El proyecto, firmado por la arquitecta municipal Isabel Huete Chugunowa, comprende cuatro plantas con un total de 2.012 m&amp;sup2;. Se inauguró el 18 de octubre del año 2001, en acto presidido por D. José María Álvarez del Manzano, alcalde del Ayuntamiento de Madrid. En 2010 se le da el nombre del escritor Miguel Delibes.";De lunes a viernes de 8:30 a 21 horas.  Verano: del 15 de junio al 15 de septiembre de lunes a viernes de 8:30 a 20 horas.  Cerrado: Festivos y los días 24 y 31 de diciembre.;Normas derivadas de la pandemia del coronavirus:   Es obligatorio el uso de mascarilla en el interior de la biblioteca. Se recomienda aplicar gel hidroalcohólico al entrar en el edificio y en aquellos espacios en los que esté a disposición de los usuarios.   Espacios:   Sala de consulta y lectura Zona de publicaciones periódicas. Sala infantil y juvenil.   Servicios:   Préstamo de libros, multimedia y revistas. Préstamo de dispositivos de ayuda a la lectura (lupas para libros). Servicio de acceso público a Internet. Zona wifi. Información bibliográfica. Animación a la lectura y formación de usuarios: adaptadas a las medidas sanitarias.;Metro: Vinateros  Bus: 20, 30, 32, 71, 113;Superficie: 2.012 metros cuadrados  Puestos de lectura: 258  Puestos de Internet: 14 (con lector de pantalla NVDA, que permite a las personas ciegas y con discapacidad visual usar ordenadores)  Página en Facebook;1,6;http://www.madrid.es/sites/v/index.jsp?vgnextchannel=bfa48ab43d6bb410VgnVCM100000171f5a0aRCRD&vgnextoid=9e8f3d0b5e71c010VgnVCM1000000b205a0aRCRD;ARROYO BELINCOSO;CALLE;NUM;11;JUNTO A CENTRO CULTURAL EDUARDO CHILLIDA;MADRID;MADRID;28030;MEDIA LEGUA;MORATALAZ;444597;4473439;4.040.971.737.692.920;-36.529.822.109.115.100;91 328 73 00;;bpmigueldelibes@madrid.es;/contenido/entidadesYorganismos/BibliotecasPublicas; 
186714;Biblioteca Pública Municipal Pablo Neruda (Ciudad Lineal);La Biblioteca Pablo Neruda fue inaugurada en septiembre de 2006 por la Concejala del Área de Las Artes. La entrada a la biblioteca está presidida por un conjunto escultórico dedicado a Pablo Neruda, del escultor Julio López Hernández. Concebido en altorrelieve y en bronce, representa al escritor escribiendo en su mesa, junto con otros elementos entresacados de su casa de 'Isla Negra'. La biblioteca es un edificio de nueva planta, exento, de tres alturas, que comparte dependencias con un Centro Día. La entrada es diáfana y luminosa y en ella se encuentra el mostrador de préstamo, la zona multimedia, la hemeroteca, la comiteca y el fondo bibliográfico. La segunda planta alberga una sección juvenil, la sala infantil, la sala de referencia y el despacho de bibliotecarios. En la tercera está la sala polivalente.;De lunes a viernes de 8:30 a 21 horas.  Verano: del 15 de junio al 15 de septiembre de lunes a viernes de 8:30 a 20 horas.  Cerrado: Festivos y los días 24 y 31 de diciembre.;"Normas derivadas de la pandemia del coronavirus:   Es obligatorio el uso de mascarilla en el interior de la biblioteca. Se recomienda aplicar gel hidroalcohólico al entrar en el edificio y en aquellos espacios en los que esté a disposición de los usuarios.   Espacios: Sala de Consulta y Lectura; Zona de publicaciones periódicas; Sala infantil y juvenil; Sala polivalente.  Sala de consulta y lectura Sala polivalente. Zona de publicaciones periódicas. Sala infantil y juvenil.   Servicios:   Préstamo de libros, multimedia y revistas. Préstamo de dispositivos de ayuda a la lectura (lupas para libros). Servicio de acceso público a Internet. Zona wifi. Información bibliográfica. Animación a la lectura y formación de usuarios: adaptadas a las medidas sanitarias.";Metro: Ascao  Bus: 28, 109;Superficie: 1.500 metros cuadrados  Puestos de lectura: 192  Puestos de Internet: 14 (con lector de pantalla NVDA, que permite a las personas ciegas y con discapacidad visual usar ordenadores)  Sala polivalente: 30   Página en Facebook;1,6;http://www.madrid.es/sites/v/index.jsp?vgnextchannel=bfa48ab43d6bb410VgnVCM100000171f5a0aRCRD&vgnextoid=d5c548d20675e010VgnVCM1000000b205a0aRCRD;ASCAO;CALLE;V;4;;MADRID;MADRID;28017;PUEBLO NUEVO;CIUDAD LINEAL;445570;4475617;4.042.941.133.441.140;-36.416.899.839.787.600;91 406 14 72;;bppabloneruda@madrid.es;/contenido/entidadesYorganismos/BibliotecasPublicas; 
1753;Biblioteca Pública Municipal Portazgo (Puente de Vallecas);La Biblioteca de Portazgo fue inaugurada en 1983 compartiendo espacio con el edificio del Centro Cultural Alberto Sánchez. Fue una de las bibliotecas pioneras en formar parte de la incipiente red de Bibliotecas Públicas del Ayuntamiento de Madrid, hace más de 30 años. En 2006 fue remodelada y ampliada incorporando espacios del Centro Cultural. Actualmente cuenta con dos plantas, en la planta baja encontramos la sala infantil, un pequeño espacio para la prensa y el mostrador de préstamo, además del servicio de Internet. La planta primera funciona como sala de lectura y en ella se encuentra el fondo de adultos.;De lunes a viernes de 8:30 a 21 horas.  Verano: del 15 de junio al 15 de septiembre de lunes a viernes de 8:30 a 20 horas.  Cerrado: Festivos y los días 24 y 31 de diciembre.;"Normas derivadas de la pandemia del coronavirus:   Es obligatorio el uso de mascarilla en el interior de la biblioteca. Se recomienda aplicar gel hidroalcohólico al entrar en el edificio y en aquellos espacios en los que esté a disposición de los usuarios.   Espacios: Sala de Consulta y Lectura; Zona de publicaciones periódicas; Sala infantil y juvenil.  Sala de consulta y lectura Zona de publicaciones periódicas. Sala infantil y juvenil.   Servicios:   Préstamo de libros, multimedia y revistas. Préstamo de dispositivos de ayuda a la lectura (lupas para libros). Servicio de acceso público a Internet. Zona wifi. Información bibliográfica. Animación a la lectura y formación de usuarios: adaptadas a las medidas sanitarias.";Metro: Portazgo, Buenos Aires (línea 1) Bus: 54, 57, 58, 103, 136, 141, 143;Superficie: 550 metros cuadrados  Puestos de lectura: 116  Puestos de Internet: 7 (con lector de pantalla NVDA, que permite a las personas ciegas y con discapacidad visual usar ordenadores)  Página en Facebook;1,6;http://www.madrid.es/sites/v/index.jsp?vgnextchannel=bfa48ab43d6bb410VgnVCM100000171f5a0aRCRD&vgnextoid=89a40a47f441f010VgnVCM2000000c205a0aRCRD;CANTALAPIEDRA;CALLE;V;11;;MADRID;MADRID;28038;NUMANCIA;PUENTE DE VALLECAS;444376;4471605;40.393.189.968.014.600;-36.554.147.649.183.900;91 757 03 23;;bpportazgo@madrid.es;/contenido/entidadesYorganismos/BibliotecasPublicas; 
1792;Biblioteca Pública Municipal Pozo del Tío Raimundo (Puente de Vallecas);La Biblioteca pública Pozo del Tío Raimundo fue inaugurada en el año 1991 y comparte edificio con el Centro Cultural Pozo del Tío Raimundo.;De lunes a viernes de 8:30 a 21 horas.  Verano: del 15 de junio al 15 de septiembre de lunes a viernes de 8:30 a 20 horas.  Cerrado: Festivos y los días 24 y 31 de diciembre.  .;"Normas derivadas de la pandemia del coronavirus:   Es obligatorio el uso de mascarilla en el interior de la biblioteca. Se recomienda aplicar gel hidroalcohólico al entrar en el edificio y en aquellos espacios en los que esté a disposición de los usuarios.   Espacios: Sala de Consulta y Lectura; Zona de publicaciones periódicas; Sala infantil y juvenil.  Sala de consulta y lectura Zona de publicaciones periódicas. Sala infantil y juvenil.   Servicios:   Préstamo de libros, multimedia y revistas. Préstamo de dispositivos de ayuda a la lectura (lupas para libros). Servicio de acceso público a Internet. Zona wifi. Información bibliográfica. Animación a la lectura y formación de usuarios: adaptadas a las medidas sanitarias.";Bus: 24, 102  Renfe: El Pozo;Superficie: 269 metros cuadrados  Puestos de lectura: 81  Puestos de Internet: 7 (con lector de pantalla NVDA, que permite a las personas ciegas y con discapacidad visual usar ordenadores)   Página en Facebook;1,6;http://www.madrid.es/sites/v/index.jsp?vgnextchannel=bfa48ab43d6bb410VgnVCM100000171f5a0aRCRD&vgnextoid=d7203d0b5e71c010VgnVCM1000000b205a0aRCRD;GLORIETAS;AVENIDA;NUM;19;EN C. CULTURAL POZO TIO RAIMUNDO;MADRID;MADRID;28053;ENTREVIAS;PUENTE DE VALLECAS;443950;4469433;403.735.856.436.473;-36.602.546.064.905.300;91 507 07 34;;bppozotr@madrid.es;/contenido/entidadesYorganismos/BibliotecasPublicas; 
1763;Biblioteca Pública Municipal Pío Baroja (Arganzuela);La Biblioteca Pío Baroja fue inaugurada en febrero de 1993. En realidad se trataba de un traslado de la Biblioteca de Arganzuela ubicada entonces en el edificio Casa del Reloj (antiguo pabellón central de Matadero) donde compartía espacio con el centro cultural. La construcción de un nuevo edificio coincidió con la ejecución de la operación urbanística Pasillo Verde Ferroviario. El edificio de la biblioteca está distribuido en tres plantas, dos de acceso público. En la primera planta, se encuentran la recepción, servicio de préstamo y sala infantil. La segunda planta es un semisótano donde se ubican la sala de lectura, las publicaciones periódicas y los puestos de consulta de Internet. El elemento mas llamativo del edificio es la claraboya que desde la cubierta crea un patio acristalado y suministra luz a la sala de lectura.;De lunes a viernes de 8:30 a 21 horas.  Verano: del 15 de junio al 15 de septiembre de lunes a viernes de 8:30 a 20 horas.  Cerrado: Festivos y los días 24 y 31 de diciembre.;"Normas derivadas de la pandemia del coronavirus:   Es obligatorio el uso de mascarilla en el interior de la biblioteca. Se recomienda aplicar gel hidroalcohólico al entrar en el edificio y en aquellos espacios en los que esté a disposición de los usuarios.   Espacios: Sala de Consulta y Lectura; Zona de publicaciones periódicas; Sala infantil y juvenil.  Sala de consulta y lectura Zona de publicaciones periódicas. Sala infantil y juvenil.   Servicios:   Préstamo de libros, multimedia y revistas. Préstamo de dispositivos de ayuda a la lectura (lupas para libros). Servicio de acceso público a Internet. Zona wifi. Información bibliográfica. Animación a la lectura y formación de usuarios: adaptadas a las medidas sanitarias.";Metro: Pirámides (Línea 5). Bus: 18, 23, 34, 35, 36, 116, 118, 119  Renfe: Pirámides BICIMAD: Estación 162 (Paseo de los Olmos 28);Superficie: 1.454 metros cuadrados  Puestos de lectura: 162   Puestos de Internet: 10 (con lector de pantalla NVDA, que permite a las personas ciegas y con discapacidad visual usar ordenadores)   Página en Facebook;1,6;http://www.madrid.es/sites/v/index.jsp?vgnextchannel=bfa48ab43d6bb410VgnVCM100000171f5a0aRCRD&vgnextoid=17f879262ef5d010VgnVCM1000000b205a0aRCRD;ARGANDA;CALLE;NUM;12;;MADRID;MADRID;28005;ACACIAS;ARGANZUELA;439967;4472399;4.040.003.652.682.000;-37.074.488.154.950.500;91 474 16 03;;bppiobaroja@madrid.es;/contenido/entidadesYorganismos/BibliotecasPublicas; 
1746;Biblioteca Pública Municipal San Blas (San Blas-Canillejas);La Biblioteca Pública Municipal de San Blas se abrió al público el 10 de mayo de 1987 y al acto de inauguración acudió el entonces alcalde Juan Barranco. El edificio que ocupa actualmente fue un Seminario de Sacerdotes Migrantes, rehabilitado tras muchos años de abandono y un incendio, que lo dejó en condiciones críticas. El Ayuntamiento lo reformó para instalar en él el Centro Cultural Antonio Machado, dentro del que se encuentra la biblioteca. La Biblioteca se sitúa en la segunda planta. El edificio tiene forma redonda y 3 plantas. Tiene un Centro de Mayores y una Escuela de Música. Lo preside un busto de D. Antonio Machado.;De lunes a viernes de 8:30 a 21 horas.  Verano: del 15 de junio al 15 de septiembre de lunes a viernes de 8:30 a 20 horas.  Cerrado: Festivos y los días 24 y 31 de diciembre.;Normas derivadas de la pandemia del coronavirus:   Es obligatorio el uso de mascarilla en el interior de la biblioteca. Se recomienda aplicar gel hidroalcohólico al entrar en el edificio y en aquellos espacios en los que esté a disposición de los usuarios.   Espacios:   Sala de consulta y lectura Zona de publicaciones periódicas. Sala infantil y juvenil.   Servicios:   Préstamo de libros, multimedia y revistas. Préstamo de dispositivos de ayuda a la lectura (lupas para libros). Servicio de acceso público a Internet. Zona wifi. Información bibliográfica. Animación a la lectura y formación de usuarios: adaptadas a las medidas sanitarias.;Bus: 4, 38, 48, 70, 106, 140 Metro: Alsacia (Línea 2);Superficie: 312 metros cuadrados  Puestos de lectura: 125  Puestos de Internet: 8 (con lector de pantalla NVDA, que permite a las personas ciegas y con discapacidad visual usar ordenadores)  Página en Facebook;1,6;http://www.madrid.es/sites/v/index.jsp?vgnextchannel=bfa48ab43d6bb410VgnVCM100000171f5a0aRCRD&vgnextoid=2e403d0b5e71c010VgnVCM1000000b205a0aRCRD;SAN ROMAN DEL VALLE;CALLE;NUM;8;CENTRO CULTURAL ANTONIO MACHADO;MADRID;MADRID;28037;ARCOS;SAN BLAS-CANILLEJAS;447249;4474586;40.420.231.627.534.900;-36.218.113.860.909.000;91 313 52 97;;bpsanblas@madrid.es;/contenido/entidadesYorganismos/BibliotecasPublicas; 
1761;Biblioteca Pública Municipal Vallecas (Puente de Vallecas);"El 13 de noviembre de 1933 se inauguró la Biblioteca del pueblo de Vallecas, presidida por su alcalde, Amós Acero Pérez. En 1937 fue cerrada debido a la Guerra Civil, abriéndose de nuevo en febrero de 1940. Pero poco a poco fue cayendo en un estado de abandono hasta que en 1976 se decidió su cierre para efectuar obras de remodelación. El 24 de abril de 1980, Enrique Tierno Galván reinauguró la biblioteca, abriéndose al público el 12 de mayo de ese mismo año. La Biblioteca de Vallecas siempre ha estado ubicada en un espacio independiente, el mismo desde 1933. Tras la reforma iniciada en 1978, ha habido otra en 1990. En esta última, se abrió una sala de lectura para adultos de 174,81 m&amp;sup2;, debido a la cesión de dos habitaciones del antiguo Juzgado de Vallecas.";De lunes a viernes de 8:30 a 21 horas.  Verano: del 15 de junio al 15 de septiembre de lunes a viernes de 8:30 a 20 horas.  Cerrado: Festivos y los días 24 y 31 de diciembre.;"Normas derivadas de la pandemia del coronavirus:   Es obligatorio el uso de mascarilla en el interior de la biblioteca. Se recomienda aplicar gel hidroalcohólico al entrar en el edificio y en aquellos espacios en los que esté a disposición de los usuarios.   Espacios: Sala de Consulta y Lectura; Zona de publicaciones periódicas; Sala infantil y juvenil.  Sala de consulta y lectura Sala infantil y juvenil.    Servicios:   Préstamo de libros, multimedia y revistas. Préstamo de dispositivos de ayuda a la lectura (lupas para libros). Servicio de acceso público a Internet. Zona wifi. Información bibliográfica. Animación a la lectura y formación de usuarios: adaptadas a las medidas sanitarias.";Metro: Nueva Numancia  Bus: 10, 24, 54, 57, 58, 111, 136, 310;Superficie: 367 metros cuadrados  Puestos de lectura: 133  Puestos de Internet: 6 (con lector de pantalla NVDA, que permite a las personas ciegas y con discapacidad visual usar ordenadores)  Página en Facebook;0,6;http://www.madrid.es/sites/v/index.jsp?vgnextchannel=bfa48ab43d6bb410VgnVCM100000171f5a0aRCRD&vgnextoid=11c03d0b5e71c010VgnVCM1000000b205a0aRCRD;PUERTO DEL MONASTERIO;CALLE;V;1;;MADRID;MADRID;28053;SAN DIEGO;PUENTE DE VALLECAS;443517;4471815;40.395.023.959.810.600;-3.665.554.302.127.490;91 588 60 51;;bpvallecas@madrid.es;/contenido/entidadesYorganismos/BibliotecasPublicas; 
1747;Biblioteca Pública Municipal Vicálvaro;La Biblioteca Pública de Vicálvaro fue inaugurada el 23 de mayo de 1987.;De lunes a viernes de 8:30 a 21 horas.  Verano: del 15 de junio al 15 de septiembre de lunes a viernes de 8:30 a 20 horas.  Cerrado: Festivos y los días 24 y 31 de diciembre.;"Normas derivadas de la pandemia del coronavirus:   Es obligatorio el uso de mascarilla en el interior de la biblioteca. Se recomienda aplicar gel hidroalcohólico al entrar en el edificio y en aquellos espacios en los que esté a disposición de los usuarios.   Espacios: Sala de Consulta y Lectura; Zona de publicaciones periódicas; Sala infantil y juvenil.  Sala de consulta y lectura Zona de publicaciones periódicas. Sala infantil y juvenil.    Servicios: Préstamo de libros, multimedia y revistas; Servicio de Acceso Público a Internet; Zona wifi; Información bibliográfica; Animación a la lectura; Formación de usuarios; Reprografía.  Préstamo de libros, multimedia y revistas. Servicio de acceso público a Internet. Zona wifi. Información bibliográfica. Animación a la lectura y formación de usuarios: adaptadas a las medidas sanitarias.";Metro: Vicálvaro  Bus: 4, 100, 106, 130  Renfe: Vicálvaro;Superficie: 547 metros cuadrados  Puestos de lectura: 94  Puestos de Internet: 10 (con lector de pantalla NVDA, que permite a las personas ciegas y con discapacidad visual usar ordenadores);1,6;http://www.madrid.es/sites/v/index.jsp?vgnextchannel=bfa48ab43d6bb410VgnVCM100000171f5a0aRCRD&vgnextoid=67e03d0b5e71c010VgnVCM1000000b205a0aRCRD;VILLARDONDIEGO;CALLE;NUM;36;CENTRO CULTURAL EL MADROÑO;MADRID;MADRID;28032;CASCO HISTORICO VICALVARO;VICALVARO;448357;4472920;40.405.283.650.744.300;-36.086.278.232.922.800;91 775 31 43;;bpvicalvaro@madrid.es;/contenido/entidadesYorganismos/BibliotecasPublicas; 
5768564;Biblioteca Pública Municipal Ángel González (Latina);La Biblioteca Pública Ángel González se inauguró el 26 de julio de 2010, contando con la presencia de, entre otros, el entonces Alcalde Alberto Ruiz-Gallardón, la Delegada del Área de Las Artes, Alicia Moreno, y la viuda del escritor, Susana Rivera.  El edificio es obra del arquitecto Carlos de Riaño, donde predomina el hormigón y el cristal. A pesar de estar junto a la A5, el aislamiento del entorno se consigue gracias a la utilización de grandes terrazas como elemento constructivo. Tiene su fachada principal orientada hacia la autovía de Extremadura en previsión del soterramiento de la autovía;"De lunes a viernes de 8:30 a 21 horas; sábados de 9:10 a 17:50 horas y domingos de 9:10 a 13:50 horas.   Verano: del 15 de junio al 15 de septiembre de lunes a viernes de 8:30 a 20 horas; sábados de 9:10 a 16:50 horas y domingos de 9:10 a 12:50 horas. Los dos últimos fines de semana de julio y los fines de semana de agosto, la biblioteca permanecerá cerrada.  Cerrado: Festivos, Semana Santa (de jueves a domingo), el 24 y 31 de diciembre.";Normas derivadas de la pandemia del coronavirus:   Es obligatorio el uso de mascarilla en el interior de la biblioteca. Se recomienda aplicar gel hidroalcohólico al entrar en el edificio y en aquellos espacios en los que esté a disposición de los usuarios.   Espacios:   Sala de consulta y lectura. Sala polivalente y de actividades. Zona de publicaciones periódicas. Sala infantil y juvenil. Bebeteca.    Servicios:   Préstamo de libros, multimedia y revistas. Préstamo de dispositivos de ayuda a la lectura (lupas para libros). Servicio de acceso público a Internet. Zona wifi. Información bibliográfica. Animación a la lectura y formación de usuarios: adaptadas a las medidas sanitarias.;Metro: Campamento  Bus: 25, 36, 39, 65, 121, 131, 138, H;Superficie: 2.811 metros cuadrados  Puestos de lectura: 309  Puestos de Internet: 34 (con lector de pantalla NVDA, que permite a las personas ciegas y con discapacidad visual usar ordenadores)  Puestos de la sala polivalente: 60  Puestos de la sala de actividades: 18   Página en Facebook;1,6;http://www.madrid.es/sites/v/index.jsp?vgnextchannel=bfa48ab43d6bb410VgnVCM100000171f5a0aRCRD&vgnextoid=ec750a2153ef9210VgnVCM2000000c205a0aRCRD;GRANJA DE TORREHERMOSA;CALLE;V;1;;MADRID;MADRID;28024;ALUCHE;LATINA;434954;4472113;40.397.074.625.115.900;-37.664.885.474.841.500;91 512 35 42;;bpangelgonzalez@madrid.es;/contenido/entidadesYorganismos/BibliotecasPublicas; 
1798;Biblioteca Pública Pedro Salinas (Centro);;"De lunes a viernes de 9:00 a 21:00 horas Días de cierre: Sábados: todos. Domingos: todos. Festivos: 1 y 6 de enero; 19 de marzo; 1 y 2 de abril ; 3 y 15 mayo; 12 octubre; 1 y 9 de noviembre; 6, 8, 24 y 31 de diciembre.";Wifi gratuito.;Metro: Puerta Toledo (línea 5)  Bus: 002, 17, 18, 23, 35, 60, C03, SE712, 148, 3, C2  Bicimad: Estación 45 (Glorieta de la Puerta de Toledo, 1)  Aparcamiento: Puerta Toledo (64), Glorieta Puerta Toledo con vuelta Capitán Salazar Martínez;Lectura fácil, letra grande, audiodescripción;1;http://www.madrid.es/sites/v/index.jsp?vgnextchannel=bfa48ab43d6bb410VgnVCM100000171f5a0aRCRD&vgnextoid=67ed995a8bf5d010VgnVCM2000000c205a0aRCRD;PUERTA DE TOLEDO;GLORIETA;V;1;;MADRID;MADRID;28005;EMBAJADORES;CENTRO;439667;4473185;4.040.709.558.029.400;-3.711.046.518.464.510;913 665 407;913 657 523;bib.centro@madrid.org;/contenido/entidadesYorganismos/BibliotecasPublicas; 
66904;Biblioteca Pública Rafael Alberti (Fuencarral - El Pardo);;"De lunes a viernes de 9:00 a 21:00 horas Infantil y juvenil de 15:00 a 21:00 horas Sábados de 9:00 a 14:00 horas Días de cierre: Sábados: 12 de enero; 20 de marzo; 3 de abril; todos los sábados de julio, agosto y septiembre. Domingos: todos. Festivos: 1 y 6 de enero; 19 de marzo; 1 y 2 de abril; 1, 3 y 15 mayo; 12 octubre; 1 y 9 de noviembre; 6, 8, 24, 25 y 31 de diciembre.";Wifi gratuito.;Bus: 67, 83, 175, 178, 125, 165, 166  Cercanías Renfe: Ramón y Cajal (líneas C3, C7, C8);Lectura fácil, letra grande, audiodescripción;1;http://www.madrid.es/sites/v/index.jsp?vgnextchannel=bfa48ab43d6bb410VgnVCM100000171f5a0aRCRD&vgnextoid=260e995a8bf5d010VgnVCM2000000c205a0aRCRD;SANGENJO;CALLE;V;38;;MADRID;MADRID;28034;LA PAZ;FUENCARRAL-EL PARDO;440811;4482147;4.048.791.129.077.100;-36.984.002.338.920.000;917 319 552 / 917 319 553;917 398 231;bib.fuencarral@madrid.org;/contenido/entidadesYorganismos/BibliotecasPublicas; 
1777;Biblioteca Pública Ruiz Egea (Chamberí);;"De lunes a viernes de 9:00 a 21:00 horas Días de cierre: Sábados: todos. Domingos: todos. Festivos: 1 y 6 de enero; 19 de marzo; 1 y 2 de abril ; 3 y 15 mayo; 12 octubre; 1 y 9 de noviembre; 6, 8, 24, 25 y 31 de diciembre.";Especializada en cine, música y material audiovisual;Metro: Cuatro Caminos (líneas 1, 2 y 6)  Bus: 149, C2, C1, 124, 66, 3, 37, 64, 128, 127, F, 45, 128  Bicimad: Estación 132 (calle Santa Engracia, 168) / Estación 204 (calle Doctor Santero, 1);;1;http://www.madrid.es/sites/v/index.jsp?vgnextchannel=bfa48ab43d6bb410VgnVCM100000171f5a0aRCRD&vgnextoid=b2413d0b5e71c010VgnVCM1000000b205a0aRCRD;RAIMUNDO FERNANDEZ VILLAVERDE;CALLE;V;6;;MADRID;MADRID;28003;RIOS ROSAS;CHAMBERI;440394;4477564;40.446.595.985.821.700;-37.028.897.237.155.600;915 349 029;915 337 809;bib.ruizegea@madrid.org;/contenido/entidadesYorganismos/BibliotecasPublicas; 
1765;Biblioteca Pública del Estado Manuel Alvar  (Salamanca);;"De lunes a viernes de 9 a 21 horas. Fin de semana y festivos de 11 a 19 horas. Los servicios de préstamo y acceso a internet finalizan 15 minutos antes del cierre de la Biblioteca. Días de cierre: 1 y 6  de enero; 1 de mayo; fines de semana y festivos del mes de agosto; 24, 25 y 31 de diciembre.";Wifi gratuito;Metro: Diego de León (líneas 4, 5, 6)  Bus: 43, 48, 1;Lectura fácil, letra grande, audiodescripción;1;http://www.madrid.es/sites/v/index.jsp?vgnextchannel=bfa48ab43d6bb410VgnVCM100000171f5a0aRCRD&vgnextoid=d51979262ef5d010VgnVCM1000000b205a0aRCRD;AZCONA;CALLE;V;42;;MADRID;MADRID;28028;GUINDALERA;SALAMANCA;443260;4476188;4.043.440.083.847.040;-366.897.244.650.415;917 263 701;913 555 425;bib.salamanca@madrid.org;/contenido/entidadesYorganismos/BibliotecasPublicas; 
10318420;Biblioteca Regional Joaquín Leguina;;De lunes a viernes de 9:00 a 21:00 horas.;;Metro: Delicias (línea 3), Méndez Álvaro (línea 6)  Bus: 8, 19, 45  Cercanías RENFE: Delicias   Bicimad: Estación 188 (calle Juan Martín el Empecinado, 14);;3;http://www.madrid.es/sites/v/index.jsp?vgnextchannel=bfa48ab43d6bb410VgnVCM100000171f5a0aRCRD&vgnextoid=71c2f95a5875b510VgnVCM2000001f4a900aRCRD;RAMIREZ DE PRADO;CALLE;V;3;;MADRID;MADRID;28045;DELICIAS;ARGANZUELA;441443;4472373;4.039.990.747.999.320;-3.690.042.467.266.190;917 208 850 / 917 208 860;;biblio.regional@madrid.org;/contenido/entidadesYorganismos/BibliotecasPublicas; 
1788;Casa San Cristobal;;De lunes a viernes de 9 a 21 horas Sábados de 10 a 14 horas;Espacio de mayores con cafetería. Salas de actividades. Biblioteca de adultos (170 puestos). Biblioteca infantil (40 puestos). Mediateca (11 ordenadores). 2 aulas de formación equipadas con tecnologías para la educación.;Metro: San Cristóbal (línea 3).  Bus: 59, 79.  Cercanías Renfe: San Cristóbal de los Angeles (línea C3).;;3;http://www.madrid.es/sites/v/index.jsp?vgnextchannel=bfa48ab43d6bb410VgnVCM100000171f5a0aRCRD&vgnextoid=dcdb3d0b5e71c010VgnVCM1000000b205a0aRCRD;ROCAFORT;CALLE;V;101;;MADRID;MADRID;28021;SAN CRISTOBAL;VILLAVERDE;441669;4465993;4.034.244.856.729.780;-3.686.807.481.597.240;917 966 048;;;/contenido/entidadesYorganismos/BibliotecasPublicas; 
103331;Centro Social y Cultural La Casa Encendida;Edificio de carácter monumental. De estilo neomudéjar, fue diseñado por el arquitecto Fernando Arbós e inaugurado en el año 1913. Cuenta con más de 6000 metros cuadrados de instalaciones divididas en 4 plantas y una azotea.;De martes a domingo de 10 a 22 horas. Cierre de salas de exposiciones 21:45 horas.  Más horarios en la pestaña 'Servicios'.;Biblioteca:  de martes a domingos de 10 a 14 y de 16:30 a 21 horas. El servicio de mediateca los fines de semana es de 10 a 14 y de 17 a 21 horas.   Mediateca: de martes a domingo mañanas de 10 a 11:45 y de 12:15 a 14, tardes de17 a 18:45 y de 19:15 a 21 horas.  Espacio para el Voluntariado: de martes a jueves de 16 a 20, viernes de 10 a 14 horas.  Ecotienda solidaria:  De martes a jueves de 11 a 15 y de 17 a 21 horas. Viernes y sábados de 10 a 15 y de 17 a 22 horas. Domingos de 10 a 14 y de 17 a 21 horas.    Cafetería: de martes a domingo de 10 a 19:30 horas.;Metro: Embajadores (línea 3).  Bus: 119, 27, 34, 36, 41, C03, C2, C1.  Cercanías Renfe: Embajadores (línea C5).  Bicimad: Estación 49 (ronda de Atocha, 34).  Aparcamiento: Garaje Amparo (75), calle Amparo.;;1,6;http://www.madrid.es/sites/v/index.jsp?vgnextchannel=bfa48ab43d6bb410VgnVCM100000171f5a0aRCRD&vgnextoid=c27f8899fc81c010VgnVCM1000000b205a0aRCRD;VALENCIA;RONDA;V;2;;MADRID;MADRID;28012;EMBAJADORES;CENTRO;440622;4473051;4.040.595.710.517.700;-3.699.779.793.558.760;915 062 180;;;/contenido/entidadesYorganismos/MonumentosEdificiosArtisticos; 
