Clase,PK,NOMBRE,DESCRIPCION-ENTIDAD,HORARIO,EQUIPAMIENTO,TRANSPORTE,DESCRIPCION,CONTENT-URL,DIRECCION,ParsedStreet,NUM,LOCALIDAD,PROVINCIA,CODIGO-POSTAL,ParsedPostal,BARRIO,DISTRITO,LATITUD,CoorParsed,LONGITUD,TELEFONO,EMAIL,TIPO,SUBTIPO,SubTipoParseado,FECHA,AUTORES,PDF
museos,4847190,Casa Museo Lope De Vega,'Mi casilla_ mi quietud_ mi g&amp;uuml;ertecillo y estudio'. As#i define su casa F#elix Lope de Vega (1562-1635) en una carta dirigida a un amigo. Situada en pleno centro hist#orico_ en el Barrio de las Letras_ la Casa Museo Lope de Vega se ubica en el edificio donde el escritor vivi#o sus #ultimos 25 años. La recreaci#on de ambientes_ cuyo objetivo es que se respire la presencia de Lope_ evoca la vida cotidiana del Siglo de Oro y nos acerca a su intimidad. El equipamiento de la casa incorpora obras de arte_ mobiliario_ enseres y ediciones bibliogr#aficas vinculadas al literato y su tiempo.  Visitas Guiadas: de nartres a domingo_ para todos los p#ublicos. M#as informaci#on en web,De martes a domingo de 10 a 18 horas  Cerrado los lunes_ d#ias 1 y 6 de enero_ 1 de mayo_ 9 de noviembre y 24_ 25 y 31 de diciembre.,NOConocido,Metro: Ant#on Mart#in (l#inea 1).  Bus: M1  Bicimad: Estaci#on 27 (calle Jes#us) / Estaci#on 52 (Plaza de Santa Ana)  Cercan#ias Renfe: Sol (l#ineas C3 y C4),NOConocido,http://www.madrid.es/sites/v/index.jsp?vgnextchannel=bfa48ab43d6bb410VgnVCM100000171f5a0aRCRD&vgnextoid=4eff8c46145e8110VgnVCM2000000c205a0aRCRD,CALLE CERVANTES,CalleCervantesNum7353,11,MADRID,MADRID,28014,28014N29110,CORTES,CENTRO,40.414358466555235,414358466555235N253,-3.6974741545860015,914 299 216,casamuseolopedevega@madrid.org,Museos,NoIdentificado,Noidentificado,NOConocido,NOConocido,NOConocido
museos,4949641,Casita - Museo Del Rat#on P#erez,La residencia de la familia P#erez est#a situada en los s#otanos de la confiter#ia Prasi_ en el n#umero ocho de la calle del Arenal_ seg#un cita Luis Coloma.,Reserva y compra de entradas: de martes a s#abado (excepto festivos)_ de 11 a 14 y de 17 a 20 horas.   Visitas: de martes a viernes_ de 11 a 14 y de 17 a 20 horas. S#abados_ de 11 a 20 horas. Domingos_ de 11 a 18 horas.,NOConocido,Metro: Sol (l#ineas: 1_ 2 y 3)_ Ópera (l#inea 3_ Ramal Ópera Pr#incipe P#io)_ Callao (l#inea 3_ 5) Bus: 3 Bicimad:   Estaci#on 31 (calle Mayor_ 20) Estaci#on 25 a y b (Plaza Celenque_ 1),Venta de entradas a trav#es de whatsapp 634 297 294 Aforo limitado.,http://www.madrid.es/sites/v/index.jsp?vgnextchannel=bfa48ab43d6bb410VgnVCM100000171f5a0aRCRD&vgnextoid=990950e86d4ca110VgnVCM2000000c205a0aRCRD,CALLE ARENAL,CalleArenalNum46040,8,MADRID,MADRID,28013,28013N70330,SOL,CENTRO,40.41704834412296,41704834412296N4353,-3.7055288844865233,915 226 968,info@casamuseoratonperez.es,Museos,NoIdentificado,Noidentificado,NOConocido,NOConocido,NOConocido
museos,5682031,Castillo De La Alameda,El Castillo de la Alameda o de Barajas se trata de uno de los escasos vestigios de la arquitectura militar del pasado siglo XV y uno de los pocos castillos que ha sobrevivido al paso del tiempo. Bajo #el y su entorno_ existen restos de asentamientos antiguos desde la Edad del Bronce hasta la Época Romana.En el edificio se realizan talleres para escolares y actividades en verano.,Abierto solo en fin de semana (s#abado y domingo) y festivos (lunes festivos incluidos)  Del 1 de abril al 15 de junio de 10 a 21 horas. Del 16 de junio al 15 de septiembre de 10 a 20 horas. Del 15 al 30 de septiembre de 10 a 21 horas. De octubre a marzo de 10 a 18 horas.  Cerrado: 1 y 6 de enero_ 1 de mayo_ 24_ 25 y 31 de diciembre.,NOConocido,Metro: Alameda de Osuna y El Capricho (l#inea 5). Bus: 101_ 105_ 112_ 114_ 115 y 151.,Accesibilidad   Rampas de acceso. Aseos adaptados para personas con movilidad reducida. Informaci#on en Braille para personas con discapacidad visual.,http://www.madrid.es/sites/v/index.jsp?vgnextchannel=bfa48ab43d6bb410VgnVCM100000171f5a0aRCRD&vgnextoid=fe43c4be8e688210VgnVCM1000000b205a0aRCRD,CALLE ANTONIO SANCHA,CalleAntonioSanchaNum33765,1,MADRID,MADRID,28042,28042N8408,ALAMEDA DE OSUNA,BARAJAS,40.45835460563491,45835460563491N5100,-3.5932903820278788,913 667 415,castilloalameda@madrid.es,MonumentosEdificiosArtisticos,NoIdentificado,Noidentificado,NOConocido,NOConocido,NOConocido
museos,2064,Cas#on Del Buen Retiro. Museo Nacional Del Prado_ Centro De Estudios,Edificio que forma parte del Museo Nacional del Prado_ donde pueden consultarse fondos de la Biblioteca_ del Archivo y del Servicio de Documentaci#on de la colecci#on del Museo y de otras fuentes relativas a la historia del arte.,NOConocido,NOConocido,Metro: Estaci#on del Arte (Atocha) (l#inea 1)  Bus: 19  Renfe: Atocha  Bicimad: Estaci#on 65 (calle Antonio Maura_ 15)  Parking: Montalb#an (49)_ C/ Montalb#an (entre C/ Alfonso XI y P&amp;ordm; Prado),Descripci#on monumental  El Cas#on o Sal#on de Baile es el #unico volumen que permanece del antiguo Palacio del buen Retiro_ ejecutado en 1637 con un proyecto de Alonso Carbonel. A#un se conserva la b#oveda de cañon con lunetas_ pintada al fresco por Lucas Jord#an en 1692 con la Alegor#ia del Tois#on de Oro. Su fachada principal_ a poniente_ arrasada la primitiva en 1886 por un cicl#on_ es de Vel#azquez Bosco. La #ultima rehabilitaci#on ha sido realizada por Jaime Torruell.,http://www.madrid.es/sites/v/index.jsp?vgnextchannel=bfa48ab43d6bb410VgnVCM100000171f5a0aRCRD&vgnextoid=f0443d0b5e71c010VgnVCM1000000b205a0aRCRD,CALLE ALFONSO XII,CalleAlfonsoXiiNum38566,28,MADRID,MADRID,28014,28014N21560,LOS JERONIMOS,RETIRO,40.415263749471535,415263749471535N1995,-3.689232811717636,NOConocido,biblioteca@museodelprado.es,MonumentosEdificiosArtisticos,NoIdentificado,Noidentificado,NOConocido,NOConocido,NOConocido
museos,2069,Centro Cultural La Corrala. Museo De Artes Y Tradiciones Populares,NOConocido,Lunes a viernes de 12 a 20 horas. S#abados de 10 a 14 horas. Cerrado domingos_ festivos y mes de agosto_ 24 y 31 diciembre.,Reserva previa y obligatoria para grupos en el tel#efono del Museo o en visitas.atp@uam.es. Las visitas individuales (inferiores a 7 personas) no necesitan reserva previa.,Metro: La Latina (l#inea 5)  Bus: 17_ 18_ 23_ 35_ 60.  Bicimad: Estaci#on 44 (calle Mes#on de Paredes_ 35).,NOConocido,http://www.madrid.es/sites/v/index.jsp?vgnextchannel=bfa48ab43d6bb410VgnVCM100000171f5a0aRCRD&vgnextoid=5c39ef4d7f71c010VgnVCM1000000b205a0aRCRD,CALLE CARLOS ARNICHES,CalleCarlosArnichesNum95688,3,MADRID,MADRID,28005,28005N78781,EMBAJADORES,CENTRO,40.40882397197274,40882397197274N9457,-3.708330456274069,914 976 500,museoatp@uam.es / lacorrala@uam.es,Museos,NoIdentificado,Noidentificado,NOConocido,NOConocido,NOConocido
museos,103331,Centro Social Y Cultural La Casa Encendida,Edificio de car#acter monumental. De estilo neomud#ejar_ fue diseñado por el arquitecto Fernando Arb#os e inaugurado en el año 1913. Cuenta con m#as de 6000 metros cuadrados de instalaciones divididas en 4 plantas y una azotea.,De martes a domingo de 10 a 22 horas. Cierre de salas de exposiciones 21:45 horas.  M#as horarios en la pestaña 'Servicios'.,Biblioteca:  de martes a domingos de 10 a 14 y de 16:30 a 21 horas. El servicio de mediateca los fines de semana es de 10 a 14 y de 17 a 21 horas.   Mediateca: de martes a domingo mañanas de 10 a 11:45 y de 12:15 a 14_ tardes de17 a 18:45 y de 19:15 a 21 horas.  Espacio para el Voluntariado: de martes a jueves de 16 a 20_ viernes de 10 a 14 horas.  Ecotienda solidaria:  De martes a jueves de 11 a 15 y de 17 a 21 horas. Viernes y s#abados de 10 a 15 y de 17 a 22 horas. Domingos de 10 a 14 y de 17 a 21 horas.    Cafeter#ia: de martes a domingo de 10 a 19:30 horas.,Metro: Embajadores (l#inea 3).  Bus: 119_ 27_ 34_ 36_ 41_ C03_ C2_ C1.  Cercan#ias Renfe: Embajadores (l#inea C5).  Bicimad: Estaci#on 49 (ronda de Atocha_ 34).  Aparcamiento: Garaje Amparo (75)_ calle Amparo.,NOConocido,http://www.madrid.es/sites/v/index.jsp?vgnextchannel=bfa48ab43d6bb410VgnVCM100000171f5a0aRCRD&vgnextoid=c27f8899fc81c010VgnVCM1000000b205a0aRCRD,RONDA VALENCIA,RondaValenciaNum18301,2,MADRID,MADRID,28012,28012N3896,EMBAJADORES,CENTRO,40.40595710517701,40595710517701N5054,-3.699779793558763,915 062 180,NOConocido,MonumentosEdificiosArtisticos,NoIdentificado,Noidentificado,NOConocido,NOConocido,NOConocido
museos,6469186,Ermita De San Antonio De La Florida (museo),Ermita dedicada a San Antonio de Padua y pequeño museo. Las pinturas murales que la decoran son de Francisco de Goya. Alberga los restos mortales del artista desde 1919. Para preservar sus pinturas_ en 1929 se traslad#o el culto a una ermita gemela construida a su lado_ dejando el edificio original como museo.,General   De martes a domingos de 9:30 a 20 horas.   Verano (del 15 de junio al 15 de septiembre)   De martes a domingos de 9:30 a 19 horas.   Cerrado:  lunes (incluidos festivos)_ 1 y 6 de enero_ 1 de mayo_ 24_ 25 y 31 de diciembre.  Último pase de visita: 20 minutos antes del cierre (el desalojo de las salas comenzar#a 10 minutos antes) Este horario y la apertura de salas pueden sufrir modificaciones.,Tienda_ en la que se pueden adquirir las gu#ias y publicaciones sobre la ermita editadas por el Museo y otros organismos p#ublicos_ as#i como cat#alogos y publicaciones de instituciones culturales del Ayuntamiento de Madrid.,Metro: Pr#incipe P#io (l#ineas 5_ 10 y ramal Ópera - Pr#incipe P#io)  Bus: 41_ 46 y 75 (Intercambiador Pr#incipe P#io)  Renfe: Pr#incipe P#io  BICIMAD: Estaci#on 161 (Paseo de la Florida 8),NOConocido,http://www.madrid.es/sites/v/index.jsp?vgnextchannel=bfa48ab43d6bb410VgnVCM100000171f5a0aRCRD&vgnextoid=75950204770e7310VgnVCM2000000c205a0aRCRD,GLORIETA SAN ANTONIO DE LA FLORIDA,GlorietaSanAntonioDeLaFloridaNum83130,5,MADRID,MADRID,28008,28008N28671,CASA DE CAMPO,MONCLOA-ARAVACA,40.425256682855846,425256682855846N9390,-3.725725718176111,915 420 722,sanantonio@madrid.es,MonumentosEdificiosArtisticos,NoIdentificado,Noidentificado,NOConocido,NOConocido,NOConocido
museos,58353,Espacio Fundaci#on Telef#onica,NOConocido,De martes a domingo_ de 10 a 20 horas. Cerrado al p#ublico todos los lunes y d#ias 25 de diciembre_ 1 y 6 de enero.,Reserva de entrada online   Visitas guiadas y talleres educativos: 91 522 66 45 actividades.espacio@fundaciontelefonica.com   Informaci#on general: 91 580 87 00 espacio@fundaciontelefonica.com,Metro: Gran V#ia (l#ineas 1_ 5)  Bus: 002_ 001_ 1_ 2_ 46_ 74_ 146  Bicimad: Estaci#on 211 (Desengaño_ 1) / Estaci#on 210 (Tres Cruces_ 7)  Parking: BARCO 1 (88)_ Calle Barco,NOConocido,http://www.madrid.es/sites/v/index.jsp?vgnextchannel=bfa48ab43d6bb410VgnVCM100000171f5a0aRCRD&vgnextoid=87748ed67151c010VgnVCM2000000c205a0aRCRD,CALLE FUENCARRAL,CalleFuencarralNum70101,3,MADRID,MADRID,28004,28004N43965,UNIVERSIDAD,CENTRO,40.42041458612889,42041458612889N8425,-3.7016034186955076,915 808 700,espacio@fundaciontelefonica.com,Museos,NoIdentificado,Noidentificado,NOConocido,NOConocido,NOConocido
museos,6017808,Fundaci#on Amyc (arte Moderno Y Contempor#aneo). Casa Museo Fuente Del Rey,NOConocido,Martes a s#abado_ de 10 a 19 horas. Lunes_ domingos y festivos cerrado. Visitas para grupos de hasta 25 personas dentro de los horarios de apertura. Pueden ser con gu#ia propio o con gu#ia de la Fundaci#on_ y la duraci#on de la misma es de una hora_ previa reserva telef#onica o por email.,NOConocido,Bus: 161,NOConocido,http://www.madrid.es/sites/v/index.jsp?vgnextchannel=bfa48ab43d6bb410VgnVCM100000171f5a0aRCRD&vgnextoid=5c1260101310f210VgnVCM1000000b205a0aRCRD,CALLE FUENTE DEL REY,CalleFuenteDelReyNum55738,11,MADRID,MADRID,28023,28023N13146,ARAVACA,MONCLOA-ARAVACA,40.45546180290319,45546180290319N227,-3.7705836264842576,913 579 116,info@fundacionamyc.org,FundacionesCulturales,NoIdentificado,Noidentificado,NOConocido,NOConocido,NOConocido
museos,5873478,Museo Abc,Centro de arte_ dibujo e ilustraci#on.,Consultar.,NOConocido,Metro: San Bernardo (l#ineas 2_ 4)_ Noviciado (l#inea 2)_ Ventura Rodr#iguez (l#inea 3)_ Plaza de España (l#ineas 3_ 10)  Bus: M2_ C1_ C3_ 1_ 2_ 3_ 21_ 44_ 133_ 147_ 001_ 002   Bicimad: Estaci#on 13 (calle Conde Duque 22),NOConocido,http://www.madrid.es/sites/v/index.jsp?vgnextchannel=bfa48ab43d6bb410VgnVCM100000171f5a0aRCRD&vgnextoid=f0103fee6537c210VgnVCM1000000b205a0aRCRD,CALLE AMANIEL,CalleAmanielNum86185,29,MADRID,MADRID,28015,28015N32254,UNIVERSIDAD,CENTRO,40.42741121610518,42741121610518N3297,-3.709539260414957,917 588 379,info_museo@abc.es,Museos,NoIdentificado,Noidentificado,NOConocido,NOConocido,NOConocido
museos,2067,Museo Africano Misioneros Combonianos,NOConocido,Grupos con cita previa en el tel#efono 914 152 412 o en la web: de lunes a viernes de 9:30 a 13:30 horas.  Individuales: Visitas guiadas sin cita previa los domingos a las 11:30 horas.,NOConocido,Bus: 11_ 70_ 114_ 122_ 115_ 200.,NOConocido,http://www.madrid.es/sites/v/index.jsp?vgnextchannel=bfa48ab43d6bb410VgnVCM100000171f5a0aRCRD&vgnextoid=6ab8ef4d7f71c010VgnVCM1000000b205a0aRCRD,CALLE ARTURO SORIA,CalleArturoSoriaNum65102,101,MADRID,MADRID,28043,28043N5744,SAN JUAN BAUTISTA,CIUDAD LINEAL,40.449464654033605,449464654033605N394,-3.65149172790308,914 152 412,NOConocido,Museos,NoIdentificado,Noidentificado,NOConocido,NOConocido,NOConocido
museos,2050,Museo Arqueol#ogico Nacional,Fundado en 1867_ el MAN se inaugur#o en 1895 en su actual sede_ en el Palacio de Biblioteca y Museos_ edificio proyectado por Francisco Jareño y terminado por Antonio Ruiz de Salces.,De martes a s#abados de 9:30 a 20 horas. Domingos y festivos de 9:30 a 15 horas.   Cerrado   Todos los lunes del año. 1 y 6 de enero_ 1 y 15 de mayo_  24_ 25 y 31 de diciembre.  M#as informaci#on horarios,NOConocido,Metro: Serrano (l#inea 4)  Bus: 1_ 9_ 19_ 51_ 74_ 5_ 14_ 27_ 45_ 53_ 150  Cercan#ias Renfe: Recoletos (l#inea C1_ C2_ C7_ C-10 y Regional)  Bicimad: Estaci#on 95 (calle Claudio Coello 109)  Aparcamiento: Col#on (2)_ Plaza de Col#on s/n,NOConocido,http://www.madrid.es/sites/v/index.jsp?vgnextchannel=bfa48ab43d6bb410VgnVCM100000171f5a0aRCRD&vgnextoid=8fd8ef4d7f71c010VgnVCM1000000b205a0aRCRD,CALLE SERRANO,CalleSerranoNum51122,13,MADRID,MADRID,28001,28001N38723,RECOLETOS,SALAMANCA,40.42327763947072,42327763947072N4974,-3.688418705931963,915 777 912,NOConocido,Museos,NoIdentificado,Noidentificado,NOConocido,NOConocido,NOConocido
museos,2072,Museo Casa De La Moneda,NOConocido,De martes a viernes ininterrumpidamente de 10 a 20. S#abados_ domingos y festivos de 10 a 14:15 horas. Cerrado los lunes (incluidos festivos)_ y los d#ias 1 de enero;  1 y 2 de mayo;  24_ 25 y 31 de diciembre.,NOConocido,Metro: O&amp;acute;Donnell (l#inea 6)_ Goya (l#ineas 2_ 4)  Bus: 143_ 2_ 30_ 56_ 71_ C2_ 28  Bicimad: Estaci#on 101 (calle Jorge Juan_ 131).,NOConocido,http://www.madrid.es/sites/v/index.jsp?vgnextchannel=bfa48ab43d6bb410VgnVCM100000171f5a0aRCRD&vgnextoid=12f8ef4d7f71c010VgnVCM1000000b205a0aRCRD,CALLE DOCTOR ESQUERDO,CalleDoctorEsquerdoNum11119,36,MADRID,MADRID,28028,28028N13676,GOYA,SALAMANCA,40.42259797372905,42259797372905N2880,-3.6691502061733674,915 666 544,museocasadelamoneda@fnmt.es,Museos,NoIdentificado,Noidentificado,NOConocido,NOConocido,NOConocido
museos,4112,Museo Cerralbo,Este Palacio_ construido entre 1883 y 1893_ fue concebido como vivienda y como museo para sede de las obras de arte reunidas por los Marqueses de Cerralbo y sus hijos_ los Marqueses de Villa Huerta_ durante los numerosos viajes que realizaron por España y Europa.,De martes a s#abado de 9:30 a 15 horas. Jueves_ apertura extraordinaria por la tarde_ de 17 a 20 horas_ excepto festivos. Entrada gratuita. Domingos y festivos de 10 a 15 horas. Cerrado: todos los lunes_ 1 y 6 de enero_ 1 de mayo_ 24_ 25 y 31 de diciembre_ una fiesta local.,NOConocido,Metro: Plaza de España (l#ineas 3_ 10)_ Pr#incipe P#io (l#ineas 6 y 10)  Bus: 62_ 74.  Cercan#ias Renfe: Pr#incipe Pio (l#ineas C1_ C7 Y C10).  Bicimad: Estaci#on 14 (calle Ventura Rodr#iguez_ 2).,NOConocido,http://www.madrid.es/sites/v/index.jsp?vgnextchannel=bfa48ab43d6bb410VgnVCM100000171f5a0aRCRD&vgnextoid=a4efb0c40971c010VgnVCM1000000b205a0aRCRD,CALLE VENTURA RODRIGUEZ,CalleVenturaRodriguezNum85813,17,MADRID,MADRID,28008,28008N93638,ARGUELLES,MONCLOA-ARAVACA,40.42376732078657,42376732078657N9304,-3.7146170388153497,915 473 646,museo.cerralbo@cultura.gob.es,Museos,NoIdentificado,Noidentificado,NOConocido,NOConocido,NOConocido
museos,10091450,Museo Emt,El Museo de la EMT se ha convertido en realidad tras una d#ecada de duro trabajo de recuperaci#on_ restauraci#on y reparaci#on del patrimonio hist#orico de la Empresa Municipal de Transportes de Madrid_ especialmente_ material m#ovil_ mobiliario_ piezas mec#anicas_ maquinaria y otros elementos inherentes a la actividad de la EMT en sus 70 años de historia.,Visitas (con cita previa)  Apertura estacional durante seis meses al año: todos los s#abados de abril_ mayo_ junio_ julio_ septiembre y octubre)_ a las 10_ a las 11:30 y a las 13 horas. Por ser un centro de trabajo #unicamente pueden realizarse de forma organizada_ previamente concertadas y limitadas a un m#aximo de 40 personas por turno. Duraci#on: 60 minutos aproximadamente. Compra de entradas y reserva de horarios a trav#es de la web: http://tienda.emtmadrid.es (a partir del 1 de marzo de 2018).,Si tiene una discapacidad f#isica o sensorial_ contacta con el Museo antes de reservar la visita y le informar#an de la accesibilidad a la instalaci#on.,Metro: Begoña (l#inea 10). Bus: 66_ 173_ 174_ 176_ 191_ 193_ 194_ 195_ 196_ 197_ 712_ 713_ 714_ 716_ L171.,NOConocido,http://www.madrid.es/sites/v/index.jsp?vgnextchannel=bfa48ab43d6bb410VgnVCM100000171f5a0aRCRD&vgnextoid=d56ad05b2a255510VgnVCM2000001f4a900aRCRD,CALLE MAURICIO LEGENDRE,CalleMauricioLegendreNum60654,40,MADRID,MADRID,28046,28046N65113,CASTILLA,CHAMARTIN,40.480173612860305,480173612860305N9501,-3.6831595451893273,914 068 810,NOConocido,OrganismosEmpresasMunicipales,NoIdentificado,Noidentificado,NOConocido,NOConocido,NOConocido
museos,10237457,Museo F#elix Cañada,Una selecci#on de m#as de quinientas obras de arte de entre las cerca de mil de la donaci#on original_ constituyen la Colecci#on Permanente que se puede visitar en las salas del Museo F#elix Cañada de la Fundaci#on G#omez Pardo_ adscrita a la Escuela T#ecnica Superior de Ingenieros de Minas y Energ#ia de la Universidad Polit#ecnica de Madrid. Donada por el ingeniero de minas Doctor F#elix Cañada Guerrero a la Fundaci#on G#omez Pardo_ re#une una amplia representaci#on de trabajos de destacados artistas_ pintores_ escultores_ ilustradores_ grabadores_ orfebres_ ceramistas_ etc. abarcando diferentes periodos desde el siglo XI hasta nuestros d#ias.,Lunes_ mi#ercoles y viernes_ de 10 a 13 horas_ previa solicitud descargando el impreso en formato PDF y enviarlo cumplimentado a museo@fgomezpardo.es o bien mediante fax al 91 442 95 29. .,NOConocido,Metro: Rios Rosas (l#inea 1).  Bus: 45_ 12_ 149_ 3_ 37.  Bicimad: Estaci#on 130 (calle Santa Engracia_ 127).,NOConocido,http://www.madrid.es/sites/v/index.jsp?vgnextchannel=bfa48ab43d6bb410VgnVCM100000171f5a0aRCRD&vgnextoid=cb22820a52799510VgnVCM1000001d4a900aRCRD,CALLE ALENZA,CalleAlenzaNum67012,1,MADRID,MADRID,28003,28003N88348,RIOS ROSAS,CHAMBERI,40.442581673356834,442581673356834N1324,-3.700796192332983,914 417 921,museo@fgomezpardo.es,Museos,NoIdentificado,Noidentificado,NOConocido,NOConocido,NOConocido
museos,2074,Museo Geominero,Los objetivos del Museo Geominero son conservar_ investigar y difundir la riqueza y diversidad del patrimonio geol#ogico_ paleontol#ogico y mineral#ogico a trav#es de las importantes colecciones de minerales_ rocas y f#osiles procedentes de todas las regiones españolas y de antiguos territorios coloniales_ as#i como de yacimientos significados del registro mundial,De lunes a domingo y festivos de 9 a 14 horas. Cerrado los d#ias 1 y 6 de enero y 24_ 25 y 31 de diciembre.,NOConocido,Metro: R#ios Rosas (l#inea 1) y Alonso Cano (l#inea 7).  Bus: 45_ 12_ 149_ 3_ 37_ 5.  Bicimad: Estaci#on 130 (calle Santa Engracia_ 127).,NOConocido,http://www.madrid.es/sites/v/index.jsp?vgnextchannel=bfa48ab43d6bb410VgnVCM100000171f5a0aRCRD&vgnextoid=ff0bef4d7f71c010VgnVCM1000000b205a0aRCRD,CALLE RIOS ROSAS,CalleRiosRosasNum12701,23,MADRID,MADRID,28003,28003N83090,RIOS ROSAS,CHAMBERI,40.442047952073665,442047952073665N4296,-3.699670468881422,913 495 759,m.geominero@igme.es,Museos,NoIdentificado,Noidentificado,NOConocido,NOConocido,NOConocido
museos,2075,Museo Hist#orico Minero Don Felipe De Borb#on Y Grecia,Ubicado en la Escuela T#ecnica Superior de Ingenieros de Minas de Madrid,De lunes a viernes_ de 9 a 14 horas.,NOConocido,Metro: R#ios Rosas (l#inea 1)  Bus: 3_ 12_ 37_ 45_ 149  Bicimad: Estaci#on 130 (calle Santa Engracia_ 127),NOConocido,http://www.madrid.es/sites/v/index.jsp?vgnextchannel=bfa48ab43d6bb410VgnVCM100000171f5a0aRCRD&vgnextoid=822bef4d7f71c010VgnVCM1000000b205a0aRCRD,CALLE RIOS ROSAS,CalleRiosRosasNum53258,21,MADRID,MADRID,28003,28003N86384,RIOS ROSAS,CHAMBERI,40.44207963042673,44207963042673N3609,-3.7003900716027776,913 367 017,NOConocido,Museos,NoIdentificado,Noidentificado,NOConocido,NOConocido,NOConocido
museos,18176,Museo Ico,NOConocido,De martes a s#abados: de 11 a 20 horas.   Domingos y festivos: de 10 a 14 horas.    Cerrado: Todos los lunes del año.   Horarios especiales: 24 y 31 de diciembre de 10 a 14 horas. 1 de mayo y 25 de diciembre cerrado.,NOConocido,Metro: Sevilla (l#inea 2).  Bus: 53_ 15_ 20_ M1_ 150_ 5_ 46_ 52.  BICIMAD: estaci#on 28 (calle Alcal#a_ 27).,NOConocido,http://www.madrid.es/sites/v/index.jsp?vgnextchannel=bfa48ab43d6bb410VgnVCM100000171f5a0aRCRD&vgnextoid=2886444a2951c010VgnVCM2000000c205a0aRCRD,CALLE ZORRILLA,CalleZorrillaNum18375,3,MADRID,MADRID,28014,28014N7056,CORTES,CENTRO,40.41675330128869,41675330128869N5506,-3.6977346235068373,914 201 242,museoico@ico.es,Museos,NoIdentificado,Noidentificado,NOConocido,NOConocido,NOConocido
museos,6019032,Museo Los Caños Del Peral. Estaci#on De Metro Ópera,La estaci#on de Ópera cuenta con el mayor museo arqueol#ogico bajo tierra de Madrid_ un espacio de 200 m2 donde se pueden ver restos arqueol#ogicos de los siglos XVI y XVII pertenecientes a la Fuente de los Caños del Peral_ el Acueducto de Amaniel y la Alcantarilla del Arenal.,Previa reserva en la p#agina museosmetromadrid.es.  Viernes: de 16:00 a 20:00 horas. S#abados: de 10:00 a 14:00 horas y de 16:00 a 20:00 horas. Domingos: de 10:00 a 14:00 horas.,NOConocido,Metro: Ópera (l#ineas 2_ 5 y Ramal).   Bicimad: Estaci#on 24 (calle Carlos III_ 1).    Aparcamiento: Descalzas (20)_ plaza Descalzas y plaza San Mart#in.,NOConocido,http://www.madrid.es/sites/v/index.jsp?vgnextchannel=bfa48ab43d6bb410VgnVCM100000171f5a0aRCRD&vgnextoid=435950262d50f210VgnVCM2000000c205a0aRCRD,PLAZA ISABEL II,PlazaIsabelIiNum947,1,MADRID,MADRID,28013,28013N8308,PALACIO,CENTRO,40.41775560280743,41775560280743N4108,-3.709202070089538,NOConocido,NOConocido,Museos,NoIdentificado,Noidentificado,NOConocido,NOConocido,NOConocido
museos,2053,Museo L#azaro Galdiano,NOConocido,Martes a domingo_ de 9:30 a 15 horas. Lunes cerrado.,NOConocido,Metro: Gregorio Marañ#on (l#inea 7 y 10)  Bus: 12_ 16_ 9_ 19_ 51_ 61,NOConocido,http://www.madrid.es/sites/v/index.jsp?vgnextchannel=bfa48ab43d6bb410VgnVCM100000171f5a0aRCRD&vgnextoid=7d1aef4d7f71c010VgnVCM1000000b205a0aRCRD,CALLE SERRANO,CalleSerranoNum39732,122,MADRID,MADRID,28006,28006N68009,CASTELLANA,SALAMANCA,40.436750328725985,436750328725985N7133,-3.6861980129207894,915 616 084,NOConocido,MonumentosEdificiosArtisticos,NoIdentificado,Noidentificado,NOConocido,NOConocido,NOConocido
museos,5349304,Museo Nacional Centro De Arte Reina Sof#ia (mncars),Edificio Sabatini: calle Santa Isabel 52.  Edificio Nouvel (ampliaci#on): ronda de Atocha_ esquina a plaza del Emperador Carlos V.  Espacios en el parque del Retiro: Palacio de Vel#azquez y Palacio de Cristal.,Lunes y de mi#ercoles a s#abado_ de 10 a 20 horas. Martes cerrado (incluso festivos). Domingos de 10 a 14:30 horas.  Cerrado: 1 y 6 enero_ 1 y 15 mayo_ 9 noviembre_ 24_ 25 y 31 diciembre.,NOConocido,Metro: Estaci#on del Arte (Atocha) (l#inea 1)  Bus: 27_ 34_ C03_ C1_ 26_ 32_ 6_ 59_ 85_ E1_ C2_ 119_ 36_ 41_ 001_ 10_ 14_ 37_ 45  Cercan#ias Renfe: Atocha (l#ineas C1_ C2_ C3_ C4_ C5_ C7_ C8_ C10)  Bicimad: Estaci#on 50 (calle Santa Isabel_ 57) / Estaci#on 51 (Ronda de Atocha_ 2)  Parking: S#anchez Bustillo (37)_ C/ S#anchez Bustillo,NOConocido,http://www.madrid.es/sites/v/index.jsp?vgnextchannel=bfa48ab43d6bb410VgnVCM100000171f5a0aRCRD&vgnextoid=69d8275bad5a1210VgnVCM2000000c205a0aRCRD,CALLE SANTA ISABEL,CalleSantaIsabelNum42262,52,MADRID,MADRID,28012,28012N53575,EMBAJADORES,CENTRO,40.40854131574014,40854131574014N2322,-3.6940316511856017,917 741 000,museoreinasofia@clorian.com,Museos,NoIdentificado,Noidentificado,NOConocido,NOConocido,NOConocido
museos,2099,Museo Nacional Thyssen-bornemisza,El palacio donde se ubica la colecci#on fue el antiguo palacio del duque de Villahermosa. Edificaci#on neocl#asica. Posteriormente se adapta como entidad bancaria perdiento sus espacios interiores. M#as tarde_ pas#o a formar parte de los edificios del Museo del Prado. Desde principios de los 90 alberga la Colecci#on Thyssen. El museo ofrece un recorrido por la historia de la pintura europea desde sus inicios en el siglo XIII_ hasta finales del siglo XX.,Colecciones permanentes:  lunes de 12 a 16 horas (acceso gratuito gracias al patrocinio de MasterCard). Martes a domingos de 10 a 19 horas.   Exposiciones temporales: consultar horario espec#ifico en Museo.  Avisos y aperturas extraordinarias: los d#ias 1 de enero_ 1 de mayo y 25 de diciembre el Museo permanecer#a cerrado. El 24 y el 31 de diciembre el horario de apertura del Museo ser#a de 10 a 15 horas.,NOConocido,Metro: Banco de España (l#inea 2)  Bus: 10_ 14_ 27_ 34_ 37_ 45_ C03  Cercan#ias Renfe: Recoletos  Bicimad: Estaci#on 27 (calle Jes#us_ 1) / Estaci#on 29 (calle Marqu#es de Cubas_ 25)  Parking: Cortes (46)_ Plaza de las Cortes,Arquitecto: Antonio L#opez Aguado (1805 - 1806)  Adecuaci#on: Rafael Moneo (1989 - 1992)  Ampliaci#on: BOPBAA (1999 - 2004),http://www.madrid.es/sites/v/index.jsp?vgnextchannel=bfa48ab43d6bb410VgnVCM100000171f5a0aRCRD&vgnextoid=0b8079262ef5d010VgnVCM1000000b205a0aRCRD,PASEO PRADO,PaseoPradoNum49651,8,MADRID,MADRID,28014,28014N19205,CORTES,CENTRO,40.41600553697803,41600553697803N4051,-3.694744831131079,917 911 370,cav@museothyssen.org,MonumentosEdificiosArtisticos,NoIdentificado,Noidentificado,NOConocido,NOConocido,NOConocido
museos,2057,Museo Nacional De Antropolog#ia,El Museo est#a instalado en el edificio de estilo clasicista construido por el Marqu#es de Cubas en 1875 por encargo del Doctor Gonz#alez Velasco_ fundador de la instituci#on.,De martes a s#abado de 9:30 a 20 horas. Domingos: de 10 a 15 horas. Cerrado todos los lunes del año y los d#ias 1 y 6 de enero_ 1 de mayo_ 24_ 25 y 31 de diciembre y un festivo local. La taquilla se cerrar#a 15 minutos antes del cierre.,NOConocido,Metro: Estaci#on del Arte (l#inea 1).  Bus: 19_  C1_ 10_ 14_ 26_ 32_ 102_ 37_ 59_ 001_ C2_ 203_ 85_ 141.  Cercan#ias Renfe: Atocha (l#ineas C1_ C2_ C3_ C4_ C5_ C7_ C8_ C10).  Bicimad: Estaci#on 80 a y b (paseo Infanta Isabel_ 3).,NOConocido,http://www.madrid.es/sites/v/index.jsp?vgnextchannel=bfa48ab43d6bb410VgnVCM100000171f5a0aRCRD&vgnextoid=456079262ef5d010VgnVCM1000000b205a0aRCRD,CALLE ALFONSO XII,CalleAlfonsoXiiNum36736,68,MADRID,MADRID,28014,28014N46840,LOS JERONIMOS,RETIRO,40.407887537677716,407887537677716N4891,-3.688862923660605,915 306 418,antropologico@cultura.gob.es,Museos,NoIdentificado,Noidentificado,NOConocido,NOConocido,NOConocido
museos,2055,Museo Nacional De Artes Decorativas,Inaugurado en 1912_ su sede es un t#ipico palacete madrileño del #ultimo tercio del siglo XIX. El museo posee muebles_ cer#amicas_ vidrios_ joyas_ tejidos_ arte oriental_ y hasta 30 000 objetos distintos que a lo largo de la historia han servido para embellecer las casas_ palacios y los monumentos de distintas culturas. El museo posee muestras como el Jarr#on de Sevres regalo de Napole#on III_ la Cocina Valenciana del siglo XVIII compuesta por m#as de 1500 azulejos de Manises_ la Mesa de plata del siglo XVI o la colecci#on de alfombras españolas de los siglos XV al XVII.,Martes a s#abados de 9:30 a 15 horas. Domingo y festivos: de 10 a 15 horas. Jueves tarde de 17 a 20 horas (excepto julio y agosto).  Cerrado:  todos los lunes_ 1 y 6 de enero_ 1 y 15 de mayo_ 24_ 25 y 31 de diciembre.    La venta de entradas finalizar#a 30 minutos antes del cierre.,NOConocido,Metro: Retiro (l#inea 2).  Bus: 19_ 1_ 146_ 15_ 2_ 20_ 51_ 52_ 74_ 9_ E1_ 203_ 14_ 27_ 37_ 45.  Cercan#ias Renfe: Recoletos (l#ineas C1_ C2_ C7_ C8 Y C10).  Bicimad: Estaciones 65 (calle Antonio Maura_ 15) y 60 (plaza de la Independencia_ 6).  Parking: Montalb#an (49)_ C/ Montalb#an (entre C/ Alfonso XI y P&amp;ordm; Prado),El Museo dispone de una rampa de acceso al edificio en la calle Montalb#an. Para su uso_ es necesario avisar con antelaci#on al personal del Museo.El acceso a las diferentes plantas_ puede realizarse mediante ascensor. Debido a las dimensiones del mismo_ es necesario emplear en #el las sillas de ruedas que el Museo pone a su disposici#on_ previa solicitud.,http://www.madrid.es/sites/v/index.jsp?vgnextchannel=bfa48ab43d6bb410VgnVCM100000171f5a0aRCRD&vgnextoid=287079262ef5d010VgnVCM1000000b205a0aRCRD,CALLE MONTALBAN,CalleMontalbanNum59794,12,MADRID,MADRID,28014,28014N44692,LOS JERONIMOS,RETIRO,40.417891279015194,417891279015194N2052,-3.689754685481908,915 326 499,mnad@cultura.gob.es,MonumentosEdificiosArtisticos,NoIdentificado,Noidentificado,NOConocido,NOConocido,NOConocido
museos,2056,Museo Nacional De Ciencias Naturales,NOConocido,De martes a viernes de 10 a 17 horas. S#abados_ domingos y festivos de 10 a 20 horas. Agosto_de 10 a 15 horas. Cerrado los lunes (excepto los festivos). Cerrado el 1 y 6 de enero_ el 1 de mayo y el 25 de diciembre. Los d#ias 24 y 31 de diciembre el museo permanecer#a abierto de 10 a 15 horas.,NOConocido,Metro: Gregorio Marañ#on (l#ineas 7_ 10).  Bus: 12_ 45_ 14_ 147_ 150_ 27_ 40_ 7.  Bicimad: Estaci#on 139 (Calle Jos#e Guti#errez Abascal_ 2).,NOConocido,http://www.madrid.es/sites/v/index.jsp?vgnextchannel=bfa48ab43d6bb410VgnVCM100000171f5a0aRCRD&vgnextoid=8edbef4d7f71c010VgnVCM1000000b205a0aRCRD,CALLE JOSE GUTIERREZ ABASCAL,CalleJoseGutierrezAbascalNum62459,2,MADRID,MADRID,28006,28006N74676,EL VISO,CHAMARTIN,40.44042007613476,44042007613476N4234,-3.690220716379925,NOConocido,NOConocido,MonumentosEdificiosArtisticos,NoIdentificado,Noidentificado,NOConocido,NOConocido,NOConocido
museos,2076,Museo Naval,Tem#atica: Historia de la navegaci#on española.,De martes a domingo de 10 a 19 horas. Durante el mes de agosto_ horario reducido de 10 a 15 horas. El desalojo del museo se har#a entre 15 y 30 min antes del cierre_ dependiendo de las personas que haya en las salas y de las normas en vigor por la COVID-19. El museo en su totalidad o alguna de sus salas podr#an cerrarse de manera excepcional fuera de estas fechas_ comunic#andose al p#ublico con la debida antelaci#on.,NOConocido,Metro: Banco de España (l#inea 2).  Bus: E1_ 14_ 27_ 37_ 45_ C03_ 203_ 001_ 34_ 1_ 146_ 15_ 2_ 20_ 51_ 52_ 74_ 9.  Bicimad: Estaci#on 86 (plaza de Cibeles).    Aparcamiento: Montalb#an (49)_ calle Montalb#an entre calle Alfonso XI y paseo del Prado.,NOConocido,http://www.madrid.es/sites/v/index.jsp?vgnextchannel=bfa48ab43d6bb410VgnVCM100000171f5a0aRCRD&vgnextoid=a30cef4d7f71c010VgnVCM1000000b205a0aRCRD,PASEO PRADO,PaseoPradoNum96737,5,MADRID,MADRID,28014,28014N31090,LOS JERONIMOS,RETIRO,40.41751289873052,41751289873052N703,-3.692768317427539,915 238 516,museonavalmadrid@fn.mde.es y reservas_museonaval@fn.mde.es,Museos,NoIdentificado,Noidentificado,NOConocido,NOConocido,NOConocido
museos,2085,Museo Postal Y Telegr#afico,El  Museo Postal y Telegr#afico ofrece al visitante un recorrido tem#atico y cronol#ogico a trav#es  de la historia de las comunicaciones_ desde la m#as tradicional_ la carta_ hasta las comunicaciones por sat#elite. En este museo se conservan y exhiben los fondos postales y de telecomunicaci#on desde los primeros hitos conocidos hasta nuestros d#ias.,De lunes a viernes de 9 a 14 y de 16 a 18 horas.,Bus: 161.,NOConocido,NOConocido,http://www.madrid.es/sites/v/index.jsp?vgnextchannel=bfa48ab43d6bb410VgnVCM100000171f5a0aRCRD&vgnextoid=c82cef4d7f71c010VgnVCM1000000b205a0aRCRD,CALLE TAPIA DE CASARIEGO,CalleTapiaDeCasariegoNum14007,6,MADRID,MADRID,28023,28023N99675,VALDEMARIN,MONCLOA-ARAVACA,40.467706026917405,467706026917405N7409,-3.7690721403206724,917 401 440,info@museopostalytelegrafico.com,Museos,NoIdentificado,Noidentificado,NOConocido,NOConocido,NOConocido
museos,4997114,Museo Sorolla,NOConocido,De martes a s#abado: de 9:30 a 20 horas  Domingos y festivos: de 10 a 15 horas Cerrado: todos los lunes del año_ 1 de enero_ 6 de enero_ 1 de mayo_ 9 noviembre_ 24_ 25 y 31 de diciembre,NOConocido,Metro: Rub#en Dar#io (l#inea 5)_ Gregorio Marañ#on (l#ineas 7_ 10)_ Iglesia (l#inea 1)  Bus: 16_ 5_ 61_ 147_ 40_ 7,NOConocido,http://www.madrid.es/sites/v/index.jsp?vgnextchannel=bfa48ab43d6bb410VgnVCM100000171f5a0aRCRD&vgnextoid=6dd05e93aad9c110VgnVCM1000000b205a0aRCRD,PASEO GENERAL MARTINEZ CAMPOS,PaseoGeneralMartinezCamposNum92228,37,MADRID,MADRID,28010,28010N82578,ALMAGRO,CHAMBERI,40.43557863874977,43557863874977N1897,-3.6923288211390055,913 101 584,museo.sorolla@cultura.gob.es,Museos,NoIdentificado,Noidentificado,NOConocido,NOConocido,NOConocido
museos,2077,Museo Taurino De La Comunidad De Madrid,Situado en el Patio de Caballos_ ofrece a sus visitantes un atractivo recorrido por la historia del toreo_ demostrando la relevancia de la Tauromaquia en la historia y la cultura de España. De acceso gratuito_ octavo monumento m#as visitado en la Comunidad de Madrid_ en este espacio se pueden contemplar grabados de Goya_ vestidos_ monteras y capotes de paseo de grandes toreros del siglo XX o un rinc#on dedicado a la figura de Manolete.,De lunes a domingo_ de 10 a 15 horas.,NOConocido,Metro: Ventas (l#ineas 2_ 5).  Bus: 106_ 110_ 146_ 21_ 210_ 38_ 53.  Bicimad: Estaci#on 187 (calle Alejandro Gonz#alez_ 1).,NOConocido,http://www.madrid.es/sites/v/index.jsp?vgnextchannel=bfa48ab43d6bb410VgnVCM100000171f5a0aRCRD&vgnextoid=958cef4d7f71c010VgnVCM1000000b205a0aRCRD,CALLE ALCALA,CalleAlcalaNum49758,237,MADRID,MADRID,28028,28028N73047,GUINDALERA,SALAMANCA,40.43157110306013,43157110306013N3092,-3.662872780933851,912 761 287,museotaurinolasventas@madrid.org,Museos,NoIdentificado,Noidentificado,NOConocido,NOConocido,NOConocido
museos,2101,Museo Tiflol#ogico,Edificio con una superficie de 1.500 m2 dividido en tres zonas con maquetas de monumentos nacionales e internacionales realizadas por invidentes e instrumentos utilizados por los invidentes desde hace 200 años. Es un espacio concebido para que sus visitantes puedan ver y tocar las piezas expuestas.,Martes a viernes_ de 10 a 15 horas y de 16 a 19 horas. S#abados de 10 a 14 horas. Cerrado: lunes_ domingos y festivos. Consultar cierres especiales en http://museo.once.es,NOConocido,Metro: Estrecho (l#inea 1)  Bus: 66_ 124_ 126,NOConocido,http://www.madrid.es/sites/v/index.jsp?vgnextchannel=bfa48ab43d6bb410VgnVCM100000171f5a0aRCRD&vgnextoid=baacef4d7f71c010VgnVCM1000000b205a0aRCRD,CALLE LA CORUÑA,CalleLaCoruñaNum84601,18,MADRID,MADRID,28020,28020N69317,CUATRO CAMINOS,TETUAN,40.45519790204094,45519790204094N6882,-3.7001960485997545,915 894 219,museo@once.es,Museos,NoIdentificado,Noidentificado,NOConocido,NOConocido,NOConocido
museos,2068,Museo De Aeron#autica Y Astron#autica,El museo tiene por finalidad la adquisici#on_ conservaci#on y exposici#on de los bienes que constituyen el Patrimonio Hist#orico de la Aeron#autica Española. Dispone de una exposici#on exterior y siete hangares que albergan aeronaves_ uniformes_ condecoraciones_ motores_ maquetas y otros fondos relacionados con la aviaci#on. Terminada la Guerra Civil y una vez creado el Ej#ercito del Aire_ se concibe la idea de crear un museo que reflejara la evoluci#on e historia de nuestra aeron#autica. Desde 1975 el Museo est#a en Cuatro Vientos y se han sucedido varias ampliaciones que le convierten en un referente europeo de la aeron#autica.,De martes a domingo de 10 a 14 horas.  El aforo est#a actualmente limitado_ siendo obligatoria la reserva online a trav#es de la p#agina de Reserva de visita al Museo.,Aparcamiento: gratuito_ de 10 a 14 horas Cafeter#ia: de 10 a 13:30 horas Punto de venta: de 10 a 13:30 horas  Visitas guiadas para grupos: de martes a domingo de 10 a 14 horas_ previa petici#on de autorizaci#on por carta o correo electr#onico (museodelaire@ea.mde.es). Se recomienda anticipar las peticiones por tel#efono de lunes a viernes. Grupo m#inimo de 10 personas.,NOConocido,NOConocido,http://www.madrid.es/sites/v/index.jsp?vgnextchannel=bfa48ab43d6bb410VgnVCM100000171f5a0aRCRD&vgnextoid=90aaef4d7f71c010VgnVCM1000000b205a0aRCRD,AUTOVIA A-5,AutoviaA-5Num29652,10,MADRID,MADRID,28024,28024N92904,CUATRO VIENTOS,LATINA,40.37362,37362N7058,-3.80843,915 091 690,museodelaire@ea.mde.es,Museos,NoIdentificado,Noidentificado,NOConocido,NOConocido,NOConocido
museos,2091,Museo De Am#erica,NOConocido,Horario:   De martes a s#abado_ de 9:30 a 15 horas. Jueves_ apertura continuada de 9:30 a 19 horas. Domingos y festivos de 10 a 15 horas.,NOConocido,Metro: Moncloa (l#ineas 3_ 6)_ Islas Filipinas (l#inea 7)  Autob#us: 138_ 62_ 1_ 132_ 44_ 82_ C2_ C1  Bicimad: Estaci#on 128 (calle Cea Berm#udez_ 59),NOConocido,http://www.madrid.es/sites/v/index.jsp?vgnextchannel=bfa48ab43d6bb410VgnVCM100000171f5a0aRCRD&vgnextoid=c929ef4d7f71c010VgnVCM1000000b205a0aRCRD,AVENIDA REYES CATOLICOS,AvenidaReyesCatolicosNum49821,6,MADRID,MADRID,28040,28040N29709,CIUDAD UNIVERSITARIA,MONCLOA-ARAVACA,40.43792950973577,43792950973577N5188,-3.72186494128936,915 492 641,museo.america@mecd.es,Museos,NoIdentificado,Noidentificado,NOConocido,NOConocido,NOConocido
museos,83922,Museo De Arte Contempor#aneo De Madrid,Al igual que otros museos de arte contempor#aneo_ nacionales o extranjeros_ se ha utilizado un edificio hist#orico para albergar las colecciones: el Cuartel del Conde Duque. El Museo de Arte Contempor#aneo recupera para los madrileños el despacho del escritor vanguardista Ram#on G#omez de la Serna_ como parte de su colecci#on permanente.,De martes a viernes / Tuesday to Friday:  mañanas de 10 a 14 horas tardes de 15 a 21:00 horas    S#abados/ Saturday   mañanas de 10 a 14 horas tardes de 17:30 a 21:00 horas   Domingos y festivos/ Sunday &amp;amp; Holidays: 10:30 a 14:30 horas       Cierres: Todos los lunes /Every Monday_ 1 y 6 de enero/January_ 1 de mayo/ May_ 24_ 25 y 31 de diciembre/ December. Las salas se desalojan 15 minutos antes del cierre/ Gallery will be clear 15 minutes before closing.,NOConocido,Metro: Ventura Rodr#iguez_ Plaza de España_ San Bernardo_ Noviciado.  Bus: 1_ 2_ 21_ 44_ 74_ 133_ C_ M2  Bicimad: Estaci#on 13_ Calle Conde Duque n&amp;ordm;22.  Parking:  Plaza de España,NOConocido,http://www.madrid.es/sites/v/index.jsp?vgnextchannel=bfa48ab43d6bb410VgnVCM100000171f5a0aRCRD&vgnextoid=84a55c2cdc41c010VgnVCM2000000c205a0aRCRD,CALLE CONDE DUQUE,CalleCondeDuqueNum98962,9,MADRID,MADRID,28015,28015N84623,CENTRO,CENTRO,40.42737760210632,42737760210632N6228,-3.7106116887809817,NOConocido,mmacmdifusion@madrid.es,Museos,NoIdentificado,Noidentificado,NOConocido,NOConocido,NOConocido
museos,2092,Museo De Astronom#ia Y Geodesia,El museo de Astronom#ia y Geodesia_ situado en la Facultad de Ciencias Matem#aticas de la Universidad Complutense de Madrid_ agrupa una importante colecci#on de instrumentos de Astronom#ia_ Geodesia y Topograf#ia_ reunidos con el af#an did#actico de dar a conocer la evoluci#on de los m#etodos utilizados en estas disciplinas durante los #ultimos 150 años.,Visita con cita previa.,NOConocido,Bus: 132_ F_ 82_ G_ U.  Bicimad: Estaci#on 260 (calle Jos#e Antonio Novais_ frente al n#umero 12).,NOConocido,http://www.madrid.es/sites/v/index.jsp?vgnextchannel=bfa48ab43d6bb410VgnVCM100000171f5a0aRCRD&vgnextoid=ee49ef4d7f71c010VgnVCM1000000b205a0aRCRD,PLAZA CIENCIAS,PlazaCienciasNum55396,3,MADRID,MADRID,28040,28040N46851,CIUDAD UNIVERSITARIA,MONCLOA-ARAVACA,40.44942472705852,44942472705852N8273,-3.7262214898219117,913 944 615,astronomia_geodesia@mat.ucm.es,Museos,NoIdentificado,Noidentificado,NOConocido,NOConocido,NOConocido
museos,5727435,Museo De Bomberos De Madrid,NOConocido,Visitas Guiadas   Debido al cierre por obras de esta instalaci#on_ quedan suspendidas las visitas.,Exposici#on fotogr#afica Un recorrido por toda su historia: grandes incendios_ construcci#on de los primeros parques_ bomberos fallecidos en acto de servicio...  Veh#iculos Una amplia gama de los veh#iculos utilizados en los #ultimos 400 años: Las primeras bombas brazales_ cl#asicos de los años veinte y veh#iculos adaptados de la II Guerra Mundial.  Herramientas y equipos Diferentes escalas de gancho_ extintores primitivos o las primeras lonas de salvamento nos dan una idea de c#omo han trabajado los bomberos en los #ultimos siglos as#i como herramientas de distintas #epocas que nos muestran el avance tecnol#ogico en la lucha contra el fuego y salvamento.  Cascos Amplia exposici#on en la que se muestra la evoluci#on de los cascos en Madrid. Adem#as se expone una colecci#on internacional en la que se aprecia_ en su diseño_ la mezcla de protecci#on_ materiales y comodidad en los diferentes pa#ises del mundo.  Uniformes De #epoca_ trajes de gala_ as#i como varios modelos que fueron utilizados en sucesos destacados de la historia de Madrid. Completan esta colecci#on varios trajes de aproximaci#on al fuego y protecci#on qu#imica especial entre otros.  Comunicaciones Antiguamente los bomberos se comunicaban mediante toques de corneta. Esta exposici#on muestra las partituras con sus particulares comandas. Adem#as_ la exposici#on incluye la evoluci#on de los equipos de comunicaciones.  Sanitario Una c#amara de recuperaci#on respiratoria para los bomberos intoxicados por el humo en los fuegos es uno de los mayores atractivos de este #area.,Metro: L1- Buenos Aires Bus: 141 y 143,Abierto al p#ublico en 1982_ re#une todos los instrumentos usados por los bomberos durante m#as de cuatro siglos.    Accesible                           Entrada gratuita     Visita para grupos            Apropiado para niños y niñas,http://www.madrid.es/sites/v/index.jsp?vgnextchannel=bfa48ab43d6bb410VgnVCM100000171f5a0aRCRD&vgnextoid=9f0966a8bba49210VgnVCM2000000c205a0aRCRD,CALLE BOADA,CalleBoadaNum68205,4,MADRID,MADRID,28038,28038N81495,NUMANCIA,PUENTE DE VALLECAS,40.39453171263195,39453171263195N6800,-3.6539313207612207,NOConocido,jcbomberos@madrid.es,Museos,NoIdentificado,Noidentificado,NOConocido,NOConocido,NOConocido
museos,2090,Museo De Calcograf#ia Nacional,Re#une un extraordinario conjunto de planchas grabadas por los m#as significados artistas españoles_ hasta conformar una de las mayores y mejores colecciones de matrices calcogr#aficas del mundo. Su principal tesoro son las planchas de cobre grabadas al aguafuerte por Francisco de Goya_ obras cumbres de la historia universal del grabado.,Abierto con el mismo horario que la exposici#on temporal. En ausencia de exposiciones temporales_ consultar en la taquilla del museo_ telef#onicamente o en la web.,Sala de exposiciones temporales_ Gabinete de Francisco de Goya y biblioteca de referencia.,Metro: Sol (l#ineas 1_ 2_ 3)_ Sevilla (l#inea 2).  Bus: 002_ 15_ 150_ 20_ 5_ 53_ M1_ 51_ 46_ 146.  Cercan#ias Renfe: Sol (l#ineas C3 y C4).  Bicimad: Estaciones 1a y 1b (Puerta del Sol_ 1) y 28 (calle Alcal#a_ 27).  Aparcamiento: Sevilla (41)_ calle Sevilla y calle Alcal#a.,NOConocido,http://www.madrid.es/sites/v/index.jsp?vgnextchannel=bfa48ab43d6bb410VgnVCM100000171f5a0aRCRD&vgnextoid=7169ef4d7f71c010VgnVCM1000000b205a0aRCRD,CALLE ALCALA,CalleAlcalaNum4341,13,MADRID,MADRID,28014,28014N9192,SOL,CENTRO,40.41764548040709,41764548040709N1253,-3.700667044636178,915 240 864,calcografianacional.archivo@rabasf.org,Museos,NoIdentificado,Noidentificado,NOConocido,NOConocido,NOConocido
museos,2084,Museo De Cera,NOConocido,Horario de verano (Mayo a Septiembre)  Taquilla: 11 a 20 horas P#ublico:  11 a 20:30 horas  Horario de invierno (Octubre a Abril)  Taquilla: de 11 a 18:30 horas P#ublico: de 11 a 19 horas,NOConocido,Metro: Col#on (l#inea 4)  Bus: 14_ 150_ 27_ 45_ 5_ 53_ 21_ 37  Cercan#ias Renfe: Recoletos (l#ineas C1_ C2_ C7_ C10)  Bicimad: Estaci#on 10 (Calle Marqu#es de la Ensenada_ 16)  Parking: Col#on (2)_ Plaza de Col#on s/n,NOConocido,http://www.madrid.es/sites/v/index.jsp?vgnextchannel=bfa48ab43d6bb410VgnVCM100000171f5a0aRCRD&vgnextoid=9689ef4d7f71c010VgnVCM1000000b205a0aRCRD,PASEO RECOLETOS,PaseoRecoletosNum72813,41,MADRID,MADRID,28004,28004N10132,JUSTICIA,CENTRO,40.424403779665376,424403779665376N7650,-3.6914362030084815,913 199 330,info@museoceramadrid.com,Museos,NoIdentificado,Noidentificado,NOConocido,NOConocido,NOConocido
museos,2071,Museo De Escultura Al Aire Libre De La Castellana,El Museo de Escultura al Aire Libre de La Castellana_ est#a situado bajo el paso elevado que une las calles de Juan Bravo y Eduardo Dato_ contiene una excelente colecci#on de escultura abstracta española.,Entrada libre. Espacio urbano abierto Abierto 24 horas al d#ia los 365 d#ias del año.,NOConocido,Transporte p#ublico m#as pr#oximo   Metro: Rub#en Dar#io (l#inea 5)  Bus: 5_ 14_ 27_ 45_ 150  BICIMAD: Estaci#on 142 (Paseo de la Castellana n&amp;ordm;42),NOConocido,http://www.madrid.es/sites/v/index.jsp?vgnextchannel=bfa48ab43d6bb410VgnVCM100000171f5a0aRCRD&vgnextoid=eca9ef4d7f71c010VgnVCM1000000b205a0aRCRD,PASEO CASTELLANA,PaseoCastellanaNum63064,40,MADRID,MADRID,28046,28046N60097,CASTELLANA,SALAMANCA,40.433219398671156,433219398671156N7379,-3.6876122680805956,915 885 921,mmacmdifusion@madrid.es,MonumentosEdificiosArtisticos,NoIdentificado,Noidentificado,NOConocido,NOConocido,NOConocido
museos,2054,Museo De Historia De Madrid,Fue creado como museo municipal en 1929 y rebautizado como Museo de Historia de Madrid en 2007. En el año 2014 se hace una profunda remodelaci#on y reabre sus puertas con un montaje moderno y una puesta al d#ia de sus colecciones.,De martes a domingos de 10 a 20 horas.  Verano: de martes a domingos de 10 a 19 horas.  Cerrado: lunes y los d#ias 1 y 6 de enero_ 1 de mayo_  24_ 25 y 31 de diciembre.   El desalojo de las salas se har#a diez minutos antes del cierre.,Biblioteca de investigaci#on Servicio de documentaci#on Guardarropa Zona wifi,Metro: Tribunal_ Bilbao y Alonso Mart#inez. Bus: 3_ 21_ 37_ 40_ 147 y 149. BICIMAD: Estaci#on 54 (Calle Barcel#o 7) Aparcamiento p#ublico: Barcel#o.,Accesibilidad f#isica:   Rampa de acceso a la entrada. Ascensores. Aseos adaptados. Silla de ruedas.,http://www.madrid.es/sites/v/index.jsp?vgnextchannel=bfa48ab43d6bb410VgnVCM100000171f5a0aRCRD&vgnextoid=8f3079262ef5d010VgnVCM1000000b205a0aRCRD,CALLE FUENCARRAL,CalleFuencarralNum48250,78,MADRID,MADRID,28004,28004N95828,JUSTICIA,CENTRO,40.42577054821346,42577054821346N8792,-3.700845660719608,917 011 863,smuseosm@madrid.es,MonumentosEdificiosArtisticos,NoIdentificado,Noidentificado,NOConocido,NOConocido,NOConocido
museos,4545827,Museo De Historia De La Comunidad Jud#ia De Madrid,NOConocido,NOConocido,Visitas guiadas   Para realizar las  visitas tiene que solicitarse previamente en el correo electr#onico info@cjmadrid.org_ aportando nombre_ apellidos y Documento Nacional de Identidad.,Metro: Iglesia (l#inea 1).  Bus: 16_ 61_ 3_ 37_ 149.  Bicimad: Estaci#on 246 (calle Santa Engracia_ 87).,NOConocido,http://www.madrid.es/sites/v/index.jsp?vgnextchannel=bfa48ab43d6bb410VgnVCM100000171f5a0aRCRD&vgnextoid=8f2a4a659ee71110VgnVCM1000000b205a0aRCRD,CALLE BALMES,CalleBalmesNum32960,3,MADRID,MADRID,28010,28010N76452,TRAFALGAR,CHAMBERI,40.43534317115623,43534317115623N855,-3.700013620203689,915 913 131,info@cjmadrid.org,Museos,NoIdentificado,Noidentificado,NOConocido,NOConocido,NOConocido
museos,2095,Museo De Mineralog#ia,Presenta colecciones de minerales clasificados por su composici#on qu#imica y vitrinas murales con ejemplares de exhibici#on procedentes de todo el mundo.,Martes_ mi#ercoles y jueves_ de 12:30 a 14:30 horas Visitas guiadas o a otras horas_ concertando previamente en el tel#efono 913 974 132.,NOConocido,Renfe: Cantoblanco Universidad,NOConocido,http://www.madrid.es/sites/v/index.jsp?vgnextchannel=bfa48ab43d6bb410VgnVCM100000171f5a0aRCRD&vgnextoid=255aef4d7f71c010VgnVCM1000000b205a0aRCRD,CALLE FRANCISCO TOMAS Y VALIENTE,CalleFranciscoTomasYValienteNum51339,7,MADRID,MADRID,28049,28049N90867,EL GOLOSO,FUENCARRAL-EL PARDO,40.54537941407227,54537941407227N9689,-3.6951833197962536,914 974 132,museo.mineralogia@uam.es,Museos,NoIdentificado,Noidentificado,NOConocido,NOConocido,NOConocido
museos,2112,Museo De San Isidro. Los Or#igenes De Madrid,Este espacio museogr#afico propone un viaje por la historia de la ciudad de Madrid desde la Prehistoria hasta el establecimiento de la Corte_ a trav#es de distintas salas como la de San Isidro_ el Patio renacentista_ el Jard#in arqueobot#anico o el Almac#en visitable.,De martes a domingo y festivos de 10 a 20 horas.  Último pase de visita 15 minutos antes del cierre.    Verano_ del 16 de junio al 15 de septiembre: de martes a domingo de 10 a 19 horas.  Cerrado todos los lunes_ el 1 y 6 de enero_ el 1 de mayo y los d#ias 24_ 25 y 31 de diciembre.,Sala de investigadores. Biblioteca especializada en arqueolog#ia e historia madrileña. Archivo documental. Almac#en visitable con m#as de 600 piezas arqueol#ogicas. Jard#in arqueobot#anico_ con informaci#on documentada sobre las especies de la ciudad.  Investigadores: los fondos del Museo est#an a disposici#on de la comunidad cient#ifica y los investigadores podr#an acceder tramitando su correspondiente solicitud. Visitas guiadas por voluntarios culturales. Talleres did#acticos para grupos escolares. Zona wifi (Almac#en visitable y sal#on de actos),Metro: Latina _ Tirso de Molina Bus: 3 _ 17 _ 18 _ 23 _ 35 _ 60 _ 65 _ 148 BICIMAD: Estaci#on 38 (Carrera de San Francisco 1),NOConocido,http://www.madrid.es/sites/v/index.jsp?vgnextchannel=bfa48ab43d6bb410VgnVCM100000171f5a0aRCRD&vgnextoid=7b7aef4d7f71c010VgnVCM1000000b205a0aRCRD,PLAZA SAN ANDRES,PlazaSanAndresNum74770,1,MADRID,MADRID,28005,28005N73529,PALACIO,CENTRO,40.41207900253883,41207900253883N5426,-3.7108161027466378,913 667 415,museosanisidro@madrid.es,Museos,NoIdentificado,Noidentificado,NOConocido,NOConocido,NOConocido
museos,85301,Museo De Sanidad E Higiene P#ublica,Con sede en el Instituto de Salud Carlos III_ ocupa las antiguas dependencias del Laboratorio de Microbiolog#ia del Hospital del Rey. 300 m2 conservados tal cual su antiguo uso_ con fondos de mobiliario_ instrumental y bibliograf#ia de los antiguos hospitales para enfermos infecciosos del complejo. Se resaltan hitos hist#oricos relevantes en salud p#ublica mediante l#aminas enmarcadas.,S#olo visitas de grupo con cita previa: de lunes a viernes laborables_ de 10 a 14 horas.,Solicitud cita previa en tel#efono 918 222 414 o museodesanidad@isciii.es,Metro: Chamart#in (l#ineas 1_ 10)_ Plaza de Castilla (1_ 9_ 10)  Bus: 134_ 137  Renfe: Chamart#in,NOConocido,http://www.madrid.es/sites/v/index.jsp?vgnextchannel=bfa48ab43d6bb410VgnVCM100000171f5a0aRCRD&vgnextoid=3e755c2cdc41c010VgnVCM2000000c205a0aRCRD,AVENIDA MONFORTE DE LEMOS,AvenidaMonforteDeLemosNum91920,5,MADRID,MADRID,28029,28029N44096,LA PAZ,FUENCARRAL-EL PARDO,40.47546597881768,47546597881768N385,-3.6900603941123107,918 222 414,museodesanidad@iscii.es,Museos,NoIdentificado,Noidentificado,NOConocido,NOConocido,NOConocido
museos,4591873,Museo De La Biblioteca Nacional De España,El Museo de la Biblioteca Nacional de España_ antiguo Museo del Libro_ es responsable de la oferta educativa_ formativa_ cultural y de ocio de la instituci#on y divulga las colecciones_ funcionamiento e historia de la Biblioteca para todos los p#ublicos.,Temporalmente cerrado. Consultar calendario de cierre.,NOConocido,Metro: Col#on_ (l#inea 4)_ Retiro (L#inea 2)  Bus: 14_ 150_ 27_ 37_ 45_ 5_ 53_ C03.  Cercan#ias Renfe: Recoletos (l#ineas C1_ C2_ C7_ C8  y C10).  Bicimad: Estaci#on 94 (Paseo Recoletos_ 20)  Aparcamiento: Col#on (2)_ plaza de Col#on.,NOConocido,http://www.madrid.es/sites/v/index.jsp?vgnextchannel=bfa48ab43d6bb410VgnVCM100000171f5a0aRCRD&vgnextoid=05920d3b4c503110VgnVCM2000000c205a0aRCRD,PASEO RECOLETOS,PaseoRecoletosNum54623,20,MADRID,MADRID,28001,28001N63323,RECOLETOS,SALAMANCA,40.423001908945956,423001908945956N4271,-3.69084423390357,915 168 967,museo@bne.es,Museos,NoIdentificado,Noidentificado,NOConocido,NOConocido,NOConocido
museos,4566286,Museo De La Catedral De La Almudena,NOConocido,De lunes a s#abado de 10 a 14:30 horas. Cerrado los domingos_ fiestas de precepto y d#ias de actos de culto especiales en la Catedral.,NOConocido,Bus: 3.  Metro: Ópera (L#ineas 2_ 5 y Ramal Ópera Pr#incipe P#io).  Bicimad: Estaci#on 36 (plaza Ramales_ 1).,Imprescindible reserva previa en  reservasmuseo@catedraldelaalmudena.es o tel#efono 915 592 874,http://www.madrid.es/sites/v/index.jsp?vgnextchannel=bfa48ab43d6bb410VgnVCM100000171f5a0aRCRD&vgnextoid=82cb8d0e78d22110VgnVCM1000000b205a0aRCRD,CALLE BAILEN,CalleBailenNum716,10,MADRID,MADRID,28013,28013N6358,PALACIO,CENTRO,40.415538770017406,415538770017406N2358,-3.7136931154460564,915 592 874,reservasmuseo@catedraldelaalmudena.es,Museos,NoIdentificado,Noidentificado,NOConocido,NOConocido,NOConocido
museos,2073,Museo De La Farmacia Hispana,NOConocido,El Museo de la Farmacia Hispana solo puede visitarse realizando una reserva con antelaci#on.La visita es gratuita_ guiada y tiene una duraci#on aproximada de 1 hora y media. Se realizan durante el curso lectivo_ de lunes a viernes y en horario de mañana. El grupo no debe superar las 22 personas.,NOConocido,Metro: Ciudad Universitaria (l#inea 6).  Bus: 132_ 82_ G_ U.  Bicimad: Estaciones 258 y 259 (avenida de la Complutense (Metro Ciudad Universitaria).,NOConocido,http://www.madrid.es/sites/v/index.jsp?vgnextchannel=bfa48ab43d6bb410VgnVCM100000171f5a0aRCRD&vgnextoid=58f9ef4d7f71c010VgnVCM1000000b205a0aRCRD,PLAZA RAMON Y CAJAL,PlazaRamonYCajalNum85756,NOConocido,MADRID,MADRID,28040,28040N43113,CIUDAD UNIVERSITARIA,MONCLOA-ARAVACA,40.4445328804645,4445328804645N3946,-3.7262160043788155,913 941 797,museofar@ucm.es,Museos,NoIdentificado,Noidentificado,NOConocido,NOConocido,NOConocido
museos,2107,Museo De La Guardia Civil,NOConocido,Horario: de lunes a viernes de 9 a 14 horas. Cerrado_ s#abados_ domingos y festivos.,NOConocido,Metro: Guzm#an el Bueno (l#ineas 6_ 7). Bus: 2_ 45_ 44. Bicimad: Estaciones 256 (calle Beatriz de Bobadilla_ 2) y 203 (calle General Ampudia_ 2).,NOConocido,http://www.madrid.es/sites/v/index.jsp?vgnextchannel=bfa48ab43d6bb410VgnVCM100000171f5a0aRCRD&vgnextoid=003aef4d7f71c010VgnVCM1000000b205a0aRCRD,CALLE GUZMAN EL BUENO,CalleGuzmanElBuenoNum60266,110,MADRID,MADRID,28003,28003N44542,VALLEHERMOSO,CHAMBERI,40.44438523242585,44438523242585N6417,-3.712300118990835,915 146 000,dg-estuhistoricos-registro@guardiacivil.org,Museos,NoIdentificado,Noidentificado,NOConocido,NOConocido,NOConocido
museos,2114,Museo De La Real Academia De Bellas Artes De San Fernando,Construido inicialmente para palacio de Don Juan de Goyeneche_ el edificio fue adquirido por la Academia de Bellas Artes en 1773 y reformado bajo la direcci#on de Fernando Chueca Goitia en 1973 y la fachada por Diego de Villanueva en 1774.,Colecci#on permanente:  De martes a domingos y festivos de 10 a 14 horas.  Cerrado: todos los lunes y el mes de agosto.   Exposiciones temporales: consultar el apartado espec#ifico de la exposici#on temporal. D#ias cerrados: 1 y 6 de enero; 1 y 30 de mayo; 9 de noviembre; 24_ 25 y 31 de diciembre.  En periodos vacacionales pueden sufrir cambios.,Sala de exposiciones - Accesible a personas con minusval#ia (f#isica).,Metro: Sol (l#ineas 1_ 2_ 3)_ Sevilla (l#inea 2).  Bus: 002_ 15_ 150_ 20_ 5_ 53_ M1_ 51_ 46_ 146.  Cercan#ias Renfe: Sol (l#ineas C3 y C4).  Bicimad: Estaciones 1a y 1b (Puerta del Sol_ 1) y 28 (calle Alcal#a_ 27).  Aparcamiento: Sevilla (41)_ calle Sevilla y calle Alcal#a.,Visitas guiadas (no grupos): 25 personas m#aximo (suspendidas temporalmente).  Martes_ jueves y viernes no festivos a las 11 horas_ excepto Navidad_ Semana Santa y agosto.   Visitas para grupos a otras instalaciones diferentes del Museo: jueves no festivos a las 11:30 horas.  Gratuitas y guiadas a los centros escolares y asociaciones a cargo de voluntarios culturales del Museo.   Previa solicitud:   Visitas de grupo: museo.visitas@rabasf.org. Visitas privadas a museo cerrado:  actos.culturales@rabasf.org.  Cumplimentando formulario de petici#on de reservas en la web.,http://www.madrid.es/sites/v/index.jsp?vgnextchannel=bfa48ab43d6bb410VgnVCM100000171f5a0aRCRD&vgnextoid=924aef4d7f71c010VgnVCM1000000b205a0aRCRD,CALLE ALCALA,CalleAlcalaNum58118,13,MADRID,MADRID,28014,28014N26913,SOL,CENTRO,40.41765456031193,41765456031193N3434,-3.7006553517170633,915 240 864,museo@rabasf.org,MonumentosEdificiosArtisticos,NoIdentificado,Noidentificado,NOConocido,NOConocido,NOConocido
museos,2066,Museo Del Ferrocarril De Madrid,Edificio de car#acter monumental. Proyectada por el ingeniero franc#es Émile Cacheli#evre e inaugurada el 30 de marzo de 1880_ la estaci#on de Delicias fue la primera gran estaci#on con car#acter definitivo de Madrid.,De octubre a mayo:   Lunes a viernes_ de 09:30 a 15:00 horas. S#abados y festivos_ de 10:00 a 19:00 horas. Domingo_ de 10:00 a 15:00 horas.   De junio a septiembre:   Lunes a domingo_ de 10 a 15 horas.   Cerrado: 25 de diciembre_ 1 y 6 de enero.,Mercado de Motores : segundo s#abado y domingo del mes_ de 11 a 21 horas (excepto agosto). El Museo cierra en su actividad ordinaria y el acceso es gratuito (www.mercadodemotores.es).    Feria del coleccionismo: primeros s#abados de cada mes (excepto agosto) de 10 horas a 15 horas.  Mercadillo de Modelismo: primer domingo de cada mes (excepto el mes de agosto) de 10 a 14 horas.  Tren de jard#in: todos los s#abados_ de 11:30 a 13:30 horas (excepto julio y agosto).   Teatro familiar: s#abados_ domingos y festivos_ a las 11:30 y 13 horas (excepto julio y agosto).,Metro: Delicias (l#inea 3).  Bus: 19_ 247_ 45_ 47_ 59_ 85_ 86_ 8_ 55_ 6.  Cercan#ias Renfe: Delicias (l#ineas C1_ C7_ C10 y Regional).  Bicimad: Estaci#on 172 (Bustamante_ 1).,NOConocido,http://www.madrid.es/sites/v/index.jsp?vgnextchannel=bfa48ab43d6bb410VgnVCM100000171f5a0aRCRD&vgnextoid=091c4291ae91f010VgnVCM2000000c205a0aRCRD,PASEO DELICIAS,PaseoDeliciasNum21819,61,MADRID,MADRID,28045,28045N91178,DELICIAS,ARGANZUELA,40.400281290485566,400281290485566N3660,-3.693817192160563,915 390 085,NOConocido,MonumentosEdificiosArtisticos,NoIdentificado,Noidentificado,NOConocido,NOConocido,NOConocido
museos,2058,Museo Del Prado,Construido inicialmente como Museo de Ciencias Naturales_ este edificio neocl#asico fue transformado en pinacoteca de las Colecciones Reales en 1818 con colecciones de pintura_ dibujos_ grabados_ monedas y medallas desde el Rom#anico hasta el siglo XIX.,De lunes a s#abado_ de 10 a 20 horas Domingos y festivos_ de 10 a 17 horas Cerrado los d#ias 1 de enero_ 1 de mayo y 25 de diciembre Horario reducido_ de 10 a 14 horas_ los d#ias 6 de enero_ 24 y 31 de diciembre Horario gratuito_ de lunes a s#abado_ de 18 a 20 horas; domingos y festivos_ de 15 a 17 horas,NOConocido,Metro: Estaci#on del Arte (Atocha) (l#inea 1)_ Banco de España (l#inea 2)_ Retiro (l#inea 2)  Bus: 10_ 14_ 27_ 34_ 37_ 45  Renfe: Atocha  Bicimad: Estaci#on 68 (calle Espalter_ 1),Arquitecto: Juan de Villanueva (1785 - 1808)  Adecuaci#on: Antonio L#opez Aguado (1818 - 1831)  Ampliaci#on: Rafael Moneo (2000 - 2007),http://www.madrid.es/sites/v/index.jsp?vgnextchannel=bfa48ab43d6bb410VgnVCM100000171f5a0aRCRD&vgnextoid=060079262ef5d010VgnVCM1000000b205a0aRCRD,CALLE RUIZ DE ALARCON,CalleRuizDeAlarconNum4694,23,MADRID,MADRID,28014,28014N67039,LOS JERONIMOS,RETIRO,40.41358458131178,41358458131178N3083,-3.691325445518223,913 302 800,NOConocido,Museos,NoIdentificado,Noidentificado,NOConocido,NOConocido,NOConocido
museos,2086,Museo Del Reloj Grassy,Arquitecto: Eladio Laredo Carranza (1916 - 1917). Fundado por el relojero franc#es Grassy en 1955_ este museo narra la historia de este aparato de medici#on. Sus fondos_ colecci#on privada_ consta de una amplia y variada colecci#on de diferentes nacionalidades y los m#as variados estilos.,El museo est#a temporalmente cerrado.,NOConocido,Metro: Banco de España (l#inea 2)_ Sevilla (l#inea 2)_ Gran V#ia (L#ineas 1 y 5).  Bus: 52_ 9_ 00_ 1_ 146_ 2_ 3_ 46_ 74_ 15_ 150_ 20_ 5_ 53_ 51.  Bicimad: Estaci#on 28 (calle Alcal#a_ 27).  Aparcamiento: Plaza del Rey (54).,NOConocido,http://www.madrid.es/sites/v/index.jsp?vgnextchannel=bfa48ab43d6bb410VgnVCM100000171f5a0aRCRD&vgnextoid=daeaef4d7f71c010VgnVCM1000000b205a0aRCRD,CALLE GRAN VIA,CalleGranViaNum48470,1,MADRID,MADRID,28013,28013N18227,CORTES,CENTRO,40.41914770731552,41914770731552N7131,-3.69806583195521,915 321 007,NOConocido,Museos,NoIdentificado,Noidentificado,NOConocido,NOConocido,NOConocido
museos,2059,Museo Del Romanticismo,NOConocido,Horario de invierno (de noviembre a abril) De martes a s#abado: de 9:30 a 18:30. Domingos y festivos: de 10 a 15 horas  Horario de verano (de mayo a octubre) De martes a s#abado: de 9:30 a 20:30. Domingos y festivos: de 10 a 15 horas  Cerrado: Todos los lunes_ 1 y 6 enero_ 1 mayo_ 9 noviembre_ 24_ 25 y 31 diciembre,Acceso para personas de movilidad reducida_ audiogu#ias_ signogu#ias_ bucle magn#etico_ lupas de aumento,Metro: Tribunal (l#ineas 1_ 10)_ Alonso Mart#inez (l#ineas 4_ 5_ 10)  Bus: 37_ 149_ 42_ 3  Renfe: Recoletos  Bicimad: Estaci#on 7 (calle Hortaleza_ 75) / Estaci#on 54 (calle Barcel#o_ 7)  Parking: Barcel#o (69)_ C/ Barcel#o_ s/n,Descripci#on monumental  Construido para casa palacio del Marqu#es de Matallana por el arquitecto Manuel Rodr#iguez_ dentro de unas l#ineas clasicistas_ tiene algunas leves reminiscencias del barroco_ como las molduras en forma de orejeras en los balcones. Las estancias nobles se organizan en torno a dos patios cuadrados. Conserva un interesante jard#in rom#antico. A finales del siglo XVIII el inmueble pas#o a estar habitado por los Condes de la Puebla del Maestre y despu#es_ desde junio de 1921_ fue sede de la Comisar#ia Regia de Turismo_ organismo creado por el II Marqu#es de la Vega-Incl#an. En 1924 se convirti#o en Museo Rom#antico y desde entonces ha sido restaurado e intervenido en diversas ocasiones con motivo de su funcionamiento como museo.  Desde 2001 a 2009 el Museo fue reformado y puesto a punto_ en aplicaci#on de un plan museol#ogico consistente en su renovaci#on_ ampliando su #ambito tem#atico desde lo meramente literario hasta lo hist#orico_ pol#itico_ art#istico y decorativo_ para dar una visi#on de conjunto de esta etapa de la vida española. Muestra la ambientaci#on de una casa rom#antica. Posee obras de los pintores m#as importantes del siglo XIX (Goya_ Madrazo y otros) junto a esculturas_ muebles_ porcelanas_ abanicos y todo tipo de complementos decorativos que nos recuerdan la forma de vida de una familia burguesa del siglo XIX.,http://www.madrid.es/sites/v/index.jsp?vgnextchannel=bfa48ab43d6bb410VgnVCM100000171f5a0aRCRD&vgnextoid=706cef4d7f71c010VgnVCM1000000b205a0aRCRD,CALLE SAN MATEO,CalleSanMateoNum56892,13,MADRID,MADRID,28004,28004N28693,JUSTICIA,CENTRO,40.42585510296794,42585510296794N5974,-3.6987835425963063,914 481 045,informacion.romanticismo@cultura.gob.es,Museos,NoIdentificado,Noidentificado,NOConocido,NOConocido,NOConocido
museos,6337393,Museo Del Seguro. Fundaci#on Mapfre,Ubicado en el edificio de Fundaci#on MAPFRE exhibe una amplia colecci#on de piezas relacionadas con la historia de la actividad aseguradora desde el siglo XVIII hasta nuestros d#ias. Ofrece visitas guiadas y gratuitas para grupos.,Visitas en grupo previa reserva en su web.,NOConocido,Metro: Col#on (l#inea 4).  Bus: 37_ 14_ 150_ 27_ 45_ 5_ 53_ C03.  Cercan#ias Renfe: Recoletos (L#ineas C1_ C2_ C7_ C8_ C10).  Bicimad: Estaciones 26 (plaza de las Salesas_ 7) y 94 (paseo Recoletos_ 20).  Aparcamiento: Garaje Piamonte (96)_ calle Piamonte_ 16.,NOConocido,http://www.madrid.es/sites/v/index.jsp?vgnextchannel=bfa48ab43d6bb410VgnVCM100000171f5a0aRCRD&vgnextoid=479b95f8c72d5310VgnVCM2000000c205a0aRCRD,CALLE BARBARA DE BRAGANZA,CalleBarbaraDeBraganzaNum85222,14,MADRID,MADRID,28004,28004N7717,JUSTICIA,CENTRO,40.42326356132727,42326356132727N7295,-3.6922850587679505,NOConocido,NOConocido,Museos,NoIdentificado,Noidentificado,NOConocido,NOConocido,NOConocido
museos,2115,Museo Del Traje. Centro De Investigaci#on Del Patrimonio Etnol#ogico (cipe),Edificio de car#acter monumental_ construido por Jaime L#opez de Asia#in en 1969.,Salas de exposiciones   Martes a s#abado_ de 9:30 a 19:00 horas Domingos y festivos_ de 10 a 15:00 horas  La taquilla finaliza su actividad de venta de entradas 15 minutos antes de la hora del cierre de la exposici#on.  Noches de verano - Verano en el Museo   Los jueves de julio y agosto_ apertura extraordinaria: 9:30 - 22:30 horas  Cerrado: lunes_ 1 enero_ 1 y 15 mayo_ 24_ 25 y 31 diciembre,NOConocido,Metro: Ciudad Universitaria (l#inea 6)  Bus: 46_ 160_ 161_ U_ 82_ G_ 132_ 83_ 133_ 162,NOConocido,http://www.madrid.es/sites/v/index.jsp?vgnextchannel=bfa48ab43d6bb410VgnVCM100000171f5a0aRCRD&vgnextoid=053c4291ae91f010VgnVCM2000000c205a0aRCRD,AVENIDA JUAN DE HERRERA,AvenidaJuanDeHerreraNum7701,2,MADRID,MADRID,28040,28040N55082,CIUDAD UNIVERSITARIA,MONCLOA-ARAVACA,40.439657822278555,439657822278555N1891,-3.7278378564088275,915 504 700,NOConocido,Museos,NoIdentificado,Noidentificado,NOConocido,NOConocido,NOConocido
museos,2061,Palacio Real De El Pardo,Recinto en el que se conserva el Palacio_ construido sobre el castillo del siglo XV_ la Casita del Pr#incipe_ del siglo XVIII y la Quinta del Duque de Arco (Palacete que fue Casa de Labor y sus tierras). Desde 1983 ha sido adecuado para residencia de Jefes de Estado extranjeros en visita oficial.,Consultar la  web  o telef#onicamente.,NOConocido,Bus: 601 (Madrid - Colonia Mingorrubio).,NOConocido,http://www.madrid.es/sites/v/index.jsp?vgnextchannel=bfa48ab43d6bb410VgnVCM100000171f5a0aRCRD&vgnextoid=9f9def4d7f71c010VgnVCM1000000b205a0aRCRD,CALLE MANUEL ALONSO,CalleManuelAlonsoNum1834,8,MADRID,MADRID,28048,28048N20406,EL PARDO,FUENCARRAL-EL PARDO,40.520522342970146,520522342970146N2532,-3.7762390614462853,914 548 700,info@patrimonionacional.es,MonumentosEdificiosArtisticos,NoIdentificado,Noidentificado,NOConocido,NOConocido,NOConocido
museos,2062,Palacio Real De Madrid,Construido sobre el solar del antiguo Alc#azar tras un incendio en 1734. Proyectado por Juvara en 1735 y construido por Sachet de 1738 a 1764 bajo las influencias del clasicismo barroco. A partir de 1770_ Sabatini añadi#o el ala sudeste y realiz#o la gran escalera. Es de destacar el gran patio que articula el edificio y la fachada principal que aloja el balc#on y Escudo Real.,Lunes a s#abado_ de 10 a 18 horas. Domingos y festivos_ de 10 a 16 horas.  Para cierres durante el año o motivados por la celebraci#on de actos oficiales o festividad en el municipio consultar la web.  Jardines del Campo del Moro   Todos los d#ias_ de 10 a 18 horas.,Relevo solemne de la Guardia en el Palacio Real de Madrid  La Guardia Real realiza este relevo los primeros mi#ercoles de cada mes_ a las 12 horas (excepcionalmente puede haber cambios_ consultar en http://www.guardiareal.org/. El acto tiene una duraci#on aproximada de 50 minutos_ y se desarrolla en la Plaza de la Armer#ia_ finalizando con un concierto de la Unidad de M#usica en la Puerta del Pr#incipe (calle Bail#en). La entrada es libre y gratuita_ hasta completar aforo. Se accede por el Arco de Santiago (calle Bail#en esquina con Requena). No se celebra en enero_ agosto y septiembre_ ni cuando coincide con actos oficiales.   Relevo de la Guardia en la Puerta del Pr#incipe del Palacio Real de Madrid  El acto se lleva a cabo todos los mi#ercoles y s#abados del mes_ desde las 11 hasta las 14 horas_ exceptuando del 19 de junio al 18 de septiembre que ser#a desde las 10 hasta las 12 horas_ siempre y cuando los actos oficiales o la climatolog#ia lo permitan. Tiene lugar en la calle Bail#en.,Metro: Ópera (l#ineas 2_ 5 y Ramal Ópera Norte).  Bus: 3_ 25_ 39_ 148.  Cercan#ias: Pr#incipe P#io.  Bicimad: Estaci#on 36 (Plaza de Ramales_ 1).,NOConocido,http://www.madrid.es/sites/v/index.jsp?vgnextchannel=bfa48ab43d6bb410VgnVCM100000171f5a0aRCRD&vgnextoid=47ddef4d7f71c010VgnVCM1000000b205a0aRCRD,CALLE BAILEN,CalleBailenNum79594,NOConocido,MADRID,MADRID,28013,28013N92418,PALACIO,CENTRO,40.42075212551193,42075212551193N6775,-3.712699107286406,914 548 700,info@patrimonionacional.es,MonumentosEdificiosArtisticos,NoIdentificado,Noidentificado,NOConocido,NOConocido,NOConocido
museos,2079,Pante#on De Hombres Ilustres,La construcci#on de este edificio responde a dos de las constantes de fines de siglo: la arquitectura historicista y la escultura funeraria. En #el reposan trece personajes ilustres de la historia pol#itica y militar española.,De martes a s#abado de 10 a 14 y de 16 a 18:30 horas Domingos y festivos de 10 a 15 horas Cerrado todos los lunes del año,NOConocido,Metro: Estaci#on del Arte (Atocha) (l#inea 1)  Bus: 10_ 14_ 24_ 32_ 37_ 54_ 57_ 141_ 26_ C1_ C2_ 102  Renfe: Atocha,NOConocido,http://www.madrid.es/sites/v/index.jsp?vgnextchannel=bfa48ab43d6bb410VgnVCM100000171f5a0aRCRD&vgnextoid=361cef4d7f71c010VgnVCM1000000b205a0aRCRD,CALLE JULIAN GAYARRE,CalleJulianGayarreNum71589,3,MADRID,MADRID,28014,28014N91881,PACIFICO,RETIRO,40.40622617519116,40622617519116N6411,-3.683413041846525,914 548 700,info@patrimonionacional.es,MonumentosEdificiosArtisticos,NoIdentificado,Noidentificado,NOConocido,NOConocido,NOConocido
museos,3362,Parroquia Santa Cruz,NOConocido,NOConocido,NOConocido,Metro: Sol (l#ineas 1_ 2 y 3)_ Tirso de Molina (l#inea 1).  Bus: 50_ 26_ 32_ 6_ 65_ 18_ 23_ 17_ 002_ M1_ 31.  Cercan#ias Renfe: Sol (l#ineas C3_C4 y Regional).  Bicimad: Estaciones 32 (plaza de la Provincia_ 1)_ 34 (plaza de Jacinto Benavente)_ 40 (plaza del Conde Romanones_ 9).  Aparcamientos: Plaza Mayor (55) y Jacinto Benavente (15) plaza Jacinto Benavente.,NOConocido,http://www.madrid.es/sites/v/index.jsp?vgnextchannel=bfa48ab43d6bb410VgnVCM100000171f5a0aRCRD&vgnextoid=40e0b069a541f010VgnVCM1000000b205a0aRCRD,CALLE ATOCHA,CalleAtochaNum90967,6,MADRID,MADRID,28012,28012N76362,SOL,CENTRO,40.414608558946085,414608558946085N5722,-3.705255882048698,913 691 239,santacruz@archimadrid.es,MonumentosEdificiosArtisticos,NoIdentificado,Noidentificado,NOConocido,NOConocido,NOConocido
museos,2213,Planetario De Madrid,Inaugurado el 29 de septiembre de 1986_ es un centro dependiente del Área de Cultura_ Turismo y Deporte del Ayuntamiento de Madrid. Durante los años 2016/2017 fue sometido a una profunda renovaci#on tanto tecnol#ogica como de las instalaciones y edificio_ posible en virtud de un acuerdo de colaboraci#on entre el Ayuntamiento de Madrid y la Obra Social &amp;ldquo;la Caixa&amp;rdquo; &amp;ndash; que incluye dotaci#on de contenidos_ renovaci#on de exposiciones y la realizaci#on de actividades varias en el campo de la divulgaci#on cient#ifica. Siempre con el fin de contribuir a la difusi#on de la astronom#ia y de la ciencia en general_ tanto entre escolares como entre el p#ublico de cualquier edad y condici#on_ posee una variada oferta de proyecciones audiovisuales_ exposiciones y actividades (talleres_ cursos_ conferencias_ observaciones p#ublicas...). Las proyecciones que se ofrecen en el Planetario de Madrid se renuevan peri#odicamente y tienen una duraci#on aproximada de 30 minutos. Existen dos programaciones b#asicas diferentes: una activa durante el verano y #epoca de vacaciones escolares_ y otra durante el curso escolar. Durante el curso escolar_ las proyecciones de las mañanas de los d#ias lectivos se reservan a escolares.   Video de presentaci#on del centro   Folleto informativo (PDF)  Planetario en  Google Maps,Horario del centro (curso escolar 2021-22_ adaptaci#on a CoviD-19): De martes a domingo_ de 10:00 a 13:30 y de 17:00 (*) a 19:30.  Acceso permitido s#olo a p#ublico con entradas ya adquiridas. Visita pautada.  Cerrado: Todos los lunes del año. D#ias 1 y 6 de enero; 1 de mayo; 24_ 25 y 31 de diciembre. (*) Viernes_ de 17:30 a 19:30 h.,Sala de Proyecci#on. Planta calle. Para acceder a ella es necesario adquirir una entrada.   Cuatro #areas expositivas de acceso gratuito_ distribuidas en dos plantas:   Sala de Astr#onomos. Planta baja. Vest#ibulo de la planta baja. Vest#ibulo de la planta calle. Zona Audiovisual con pantalla de retroproyecci#on. Planta calle.      Sala de Video. Planta baja_ en donde se desarrollan los talleres ofertados.,Metro: M#endez Álvaro (l#inea 6). Bus: 148_ 156. BICIMAD: Estaci#on 177 (Calle Bol#ivar 3).  Planetario en  Google Maps,NOConocido,http://www.madrid.es/sites/v/index.jsp?vgnextchannel=bfa48ab43d6bb410VgnVCM100000171f5a0aRCRD&vgnextoid=c9c5b069a541f010VgnVCM1000000b205a0aRCRD,AVENIDA PLANETARIO,AvenidaPlanetarioNum95947,16,MADRID,MADRID,28045,28045N26564,LEGAZPI,ARGANZUELA,40.392279999540044,392279999540044N9458,-3.684956957448299,914 673 461,buzon@planetmad.es,Planetarios,NoIdentificado,Noidentificado,NOConocido,NOConocido,NOConocido
museos,3359,Real Bas#ilica San Francisco El Grande,Conjunto conventual que sustituy#o al monasterio franciscano medieval_ construido por Francisco de las Cabezas entre 1761 y 1768_ que fue relevado por Antonio Polo y que concluye Francisco Sabatini en 1784 donde se exponen colecciones de pinturas de los siglos XVII al XIX.,Visita Guiada Museo:    De martes a viernes de 10:30 a 12:30 y de 16 a 18 horas.  Julio_ agosto y septiembre: de martes a viernes de 10:30 a 12:30 y de 17 a 19 horas.   S#abados de 10:30 a 12:30 y de 16 a 18 horas (entrada libre sin gu#ia).,NOConocido,Metro: La Latina (l#inea 5) _ Puerta de Toledo (l#inea 5).  Bus: 002_ 17_ 18_ 23_ 35_ 60.  Bicimad: Estaci#on 37 (Plaza San Francisco_ 5).  Aparcamiento: Parking VOT (97)_ Ventosa.,NOConocido,http://www.madrid.es/sites/v/index.jsp?vgnextchannel=bfa48ab43d6bb410VgnVCM100000171f5a0aRCRD&vgnextoid=ef8d0713fb71c010VgnVCM1000000b205a0aRCRD,CALLE SAN BUENAVENTURA,CalleSanBuenaventuraNum19873,1,MADRID,MADRID,28005,28005N28243,PALACIO,CENTRO,40.41084005024222,41084005024222N7004,-3.714503845728281,913 653 800,NOConocido,MonumentosEdificiosArtisticos,NoIdentificado,Noidentificado,NOConocido,NOConocido,NOConocido
museos,2087,Real F#abrica De Tapices,NOConocido,Visitas guiadas: Lunes a viernes a las 10_ 11_ 12 y 13 horas en castellano. Duraci#on de la visita 40 minutos. Es obligatorio efectuar una reserva previa mediante el correo electr#onico visitasmuseo@realfabricadetapices.com.,NOConocido,Metro: Men#endez Pelayo (l#inea 1).  Bus: 10_ 14_ 26_ 32_ C1_ C2_ 141_ 24_ 37_ 54_ 57_ 152.  Bicimad: Estaci#on 79 (avenida de men#endez Pelayo_ 38).,NOConocido,http://www.madrid.es/sites/v/index.jsp?vgnextchannel=bfa48ab43d6bb410VgnVCM100000171f5a0aRCRD&vgnextoid=53cbff632081c010VgnVCM1000000b205a0aRCRD,CALLE FUENTERRABIA,CalleFuenterrabiaNum14271,2,MADRID,MADRID,28014,28014N9526,PACIFICO,RETIRO,40.406087329011655,406087329011655N3387,-3.682515969574079,914 340 550,informacion@realfabricadetapices.com,MonumentosEdificiosArtisticos,NoIdentificado,Noidentificado,NOConocido,NOConocido,NOConocido
museos,4707297,Real Monasterio De Santa Isabel,El Real Monasterio de Santa Isabel est#a situado en Madrid_ dentro de la ciudad hist#orica_ en una gran manzana_ pr#oxima a Atocha. Santa Isabel agrupa dos fundaciones_ un colegio de niñas_ establecido por Felipe II_ y un convento de clausura de monjas agustinas recoletas_ fundado por la esposa de Felipe III_ doña Margarita de Austria. La arquitectura de la iglesia se debe a G#omez de Mora_ de mediados del siglo XVIII. En la clausura se conservan numerosas obras pict#oricas de los siglos XVII y XVIII.,El acceso al templo s#olo es posible en horario de culto.,NOConocido,Metro: Estaci#on del Arte (Atocha) (l#inea 1)  Bus: 26_ 32_ 6_ 27_ 34_ C1  Renfe: Atocha,NOConocido,http://www.madrid.es/sites/v/index.jsp?vgnextchannel=bfa48ab43d6bb410VgnVCM100000171f5a0aRCRD&vgnextoid=545b544a249c6110VgnVCM1000000b205a0aRCRD,CALLE SANTA ISABEL,CalleSantaIsabelNum74262,48,MADRID,MADRID,28012,28012N79380,EMBAJADORES,CENTRO,40.41213027498252,41213027498252N7174,-3.6994547941964946,914 548 700,info@patrimonionacional.es,MonumentosEdificiosArtisticos,NoIdentificado,Noidentificado,NOConocido,NOConocido,NOConocido
museos,3349,Real Monasterio De La Encarnaci#on,Edificio constru#ido por Juan G#omez de Mora de 1611 a 1616 como monasterio anejo al Alc#azar Real_ modelo de lo que se ha dado en llamar barroco madrileño. Cuenta con la reliquia de San Pantale#on.,Consultar horarios.,NOConocido,Metro: Ópera (l#ineas 2_ 5 y Ramal Ópera Pr#incipe P#io)_ Plaza de España (l#ineas 3_ 10)  Bus: 3_ 25_ 39_ 148  Bicimad: Estaci#on 25 a y b (Plaza Celenque_ 1),NOConocido,http://www.madrid.es/sites/v/index.jsp?vgnextchannel=bfa48ab43d6bb410VgnVCM100000171f5a0aRCRD&vgnextoid=72ad0713fb71c010VgnVCM1000000b205a0aRCRD,PLAZA ENCARNACION,PlazaEncarnacionNum22615,1,MADRID,MADRID,28013,28013N17775,PALACIO,CENTRO,40.41967800877382,41967800877382N7282,-3.711567962866152,914 548 700,info@patrimonionacional.es,MonumentosEdificiosArtisticos,NoIdentificado,Noidentificado,NOConocido,NOConocido,NOConocido
museos,3348,Real Monasterio De Las Descalzas Reales,Convento fundado por la Princesa Juana de Austria_ transformando un antiguo palacio de su madre Isabel de Portugal.,Consultar la  web  o telef#onicamente.,NOConocido,Metro: Ópera (l#ineas 2_ 5 y Ramal Ópera-Pr#incipe P#io).  Bus: 3_ 25_ 39_ 148.  Bicimad: Estaci#on 25 a y b (Plaza de Celenque).,NOConocido,http://www.madrid.es/sites/v/index.jsp?vgnextchannel=bfa48ab43d6bb410VgnVCM100000171f5a0aRCRD&vgnextoid=12e113db5b71c010VgnVCM1000000b205a0aRCRD,PLAZA DESCALZAS,PlazaDescalzasNum24115,3,MADRID,MADRID,28013,28013N64786,SOL,CENTRO,40.418233359889484,418233359889484N1492,-3.706213134639163,914 548 700,info@patrimonionacional.es,MonumentosEdificiosArtisticos,NoIdentificado,Noidentificado,NOConocido,NOConocido,NOConocido
museos,20605,Templo De Debod,Templo egipcio dedicado a Am#on de Debod y a Isis_ construido entre 185 AC y el siglo I de la Era. Fue donado por Egipto a España en 1968_ en agradecimiento por la ayuda en el salvamento de los templos de Abu Simbel.  Egyptian temple dedicated to Amun of Debod and Isis. It was built between 185 BC and the 1st century. It was donated by Egypt to Spain in 1968 for its help in the rescue of the temples of Abu Simbel.,Martes a domingo y festivos_ de 10 a 19  horas.  Cerrado los lunes y los d#ias 1 y 6 de enero_ 1 de mayo_ 24_ 25 y 31 de diciembre. Último pase de visita 30 minutos antes del cierre. El horario y la apertura de salas pueden sufrir modificaciones. Por favor_ conf#irmelo en el tel#efono de informaci#on del museo.,Obtenci#on de informaci#on sobre sus fondos y colecciones con fines de investigaci#on_ enseñanza o difusi#on.   Se pueden realizar fotograf#ias o grabaciones de v#ideo libremente en el exterior o en el interior del templo_ siempre y cuando no se utilicen flash o tr#ipode y su fin no sea comercial. Para la obtenci#on de reproducciones de fotograf#ias del archivo del templo de Debod con fines editoriales_ de investigaci#on_ difusi#on o comerciales el interesado deber#a cumplimentar la solicitud de Reproducciones Fotogr#aficas. La realizaci#on de reportajes fotogr#aficos y grabaciones profesionales en el recinto del templo de Debod (estanque delantero_ plataformas y edificio) s#olo ser#a autorizada cuando los fines para los que se solicita sean la divulgaci#on y difusi#on cultural del monumento o de las actividades muse#isticas que en #el se desarrollen. Cualquier otra finalidad_ gratuita o comercial_ ser#a desestimada. El horario de informaci#on telef#onica y telem#atica del Templo de Debod es de lunes a viernes de 8 a 15 horas. Fuera de este horario puede utilizar el tel#efono gratuito de L#inea Madridl 010 (915 298 210_ si llama desde fuera de la ciudad de Madrid_ con el prefijo 34 si llama desde fuera de España).,Metro: Plaza de España (l#ineas 3 y 10) y Ventura Rodr#iguez (l#inea 3) Bus: 1_ 2_ 3_ 25_ 39_ 44_ 46_ 74_ 75_ 133_ 138_ 148_ C1 y C2 Renfe: Pr#incipe P#io  Bus tur#istico: Ruta 1. PARADA 10 - Templo de Debod Otras formas de acceso:   Aparcamiento de coches: dentro del Área de Estacionamiento Regulado de la ciudad de Madrid.  BICIMAD (Servicio p#ublico de bicicletas de la ciudad de Madrid): Estaci#on 115 (calle Evaristo San Miguel s/n._entre Paseo Pintor Rosales y calle Ferraz),El templo de Debod no cuenta en la actualidad con accesos adaptados a personas con movilidad reducida y la circulaci#on en su interior es igualmente dif#icil. Puedes consultar en el documento Templo de Debod. Turismo accesible  las caracter#isticas de su accesibilidad.  Debod temple has currently no access adapted for people with reduced mobility.    El templo es un monumento hist#orico de una antig&amp;uuml;edad de 2.200 años. Su estructura interna_ que constituye el espacio de actual de exposici#on_ est#a formada por distintas salas de dimensiones reducidas_ con vanos estrechos y numerosas barreras_ que responden a los fines y necesidades de los cultos religiosos que en #el tuvieron lugar_ pero que imposibilitan la circulaci#on con sillas de ruedas convencionales.  La legislaci#on sobre accesibilidad vigente en nuestra Comunidad (Ley 8/1993 de 22 de Junio de Promoci#on de la Accesibilidad y Supresi#on de Barreras Arquitect#onicas)_ en su disposici#on adicional 7&amp;ordf;_ exime de su aplicaci#on en los inmuebles declarados Bien de Inter#es Cultural o en aquellos edificios de valor hist#orico-art#istico. No obstante_ se est#a trabajando en hacer accesibles las plataformas en las que se levanta el templo y sus dos portales.,http://www.madrid.es/sites/v/index.jsp?vgnextchannel=bfa48ab43d6bb410VgnVCM100000171f5a0aRCRD&vgnextoid=13b432df1d51c010VgnVCM2000000c205a0aRCRD,CALLE FERRAZ,CalleFerrazNum84339,1,MADRID,MADRID,28008,28008N22805,CASA DE CAMPO,MONCLOA-ARAVACA,40.42425096551599,42425096551599N5954,-3.716531855540272,913 667 415,templodebod@madrid.es,MonumentosEdificiosArtisticos,NoIdentificado,Noidentificado,NOConocido,NOConocido,NOConocido
museos,7685664,The Robot Museum (museo Del Robot),NOConocido,Viernes:  De 17:15 a 20:15 horas.   S#abados: De 16:15 a 20:15 horas.,NOConocido,Metro: Ruben Dar#io (l#inea 5)_ Nuñez de Balboa (l#ineas 5 y 9).  Bus: 19_ 51_ 9_ 14_ 150_ 27_ 45_ 5_ 1_ 74.  Bicimad: Estaci#on 142 (paseo de la Castellana_ 42).,NOConocido,http://www.madrid.es/sites/v/index.jsp?vgnextchannel=bfa48ab43d6bb410VgnVCM100000171f5a0aRCRD&vgnextoid=e0b7b8dc8f719410VgnVCM1000000b205a0aRCRD,CALLE SERRANO,CalleSerranoNum20592,61,MADRID,MADRID,28006,28006N77893,CASTELLANA,SALAMANCA,40.43221485554042,43221485554042N9,-3.6869551422270077,914 478 808,NOConocido,Museos,NoIdentificado,Noidentificado,NOConocido,NOConocido,NOConocido
museos,7071384,Yacimiento Paleontol#ogico. Estaci#on De Metro Carpetana,Durante las obras de remodelaci#on de la estaci#on de Carpetana se descubrieron restos paleontol#ogicos con valiosos hallazgos del Mioceno_ lo que ha hecho posible una reconstrucci#on de los paleoambientes en dos yacimientos verticales.,Todos los d#ias durante la apertura de la estaci#on_ de 6 a 1:30 horas.,NOConocido,Metro: Carpetana (l#inea 6).  Bus: 119_ 55_ 17_ 25.,NOConocido,http://www.madrid.es/sites/v/index.jsp?vgnextchannel=bfa48ab43d6bb410VgnVCM100000171f5a0aRCRD&vgnextoid=05fbb57fd3c70410VgnVCM1000000b205a0aRCRD,CALLE VIA CARPETANA,CalleViaCarpetanaNum36878,141,MADRID,MADRID,28047,28047N29299,VISTA ALEGRE,CARABANCHEL,40.39254099575156,39254099575156N1754,-3.7413026173286053,NOConocido,NOConocido,Museos,NoIdentificado,Noidentificado,NOConocido,NOConocido,NOConocido
museos,10873287,Zapadores Ciudad Del Arte,NOConocido,S#abados y domingos de 12 a 18 horas.,NOConocido,NOConocido,NOConocido,http://www.madrid.es/sites/v/index.jsp?vgnextchannel=bfa48ab43d6bb410VgnVCM100000171f5a0aRCRD&vgnextoid=c30ab3683ea58610VgnVCM2000001f4a900aRCRD,CALLE ANTONIO DE CABEZON,CalleAntonioDeCabezonNum91652,70,MADRID,MADRID,28034,28034N954,VALVERDE,FUENCARRAL-EL PARDO,40.49572804745456,49572804745456N2805,-3.6818117500732046,NOConocido,NOConocido,Museos,NoIdentificado,Noidentificado,NOConocido,NOConocido,NOConocido
