Clase,same_as_clase,PK,NOMBRE,DESCRIPCION-ENTIDAD,HORARIO,EQUIPAMIENTO,TRANSPORTE,DESCRIPCION,CONTENT-URL,DIRECCION,ParsedStreet,NUM,LOCALIDAD,same_as_localidad,PROVINCIA,same_as_provincia,CODIGO-POSTAL,ParsedPostal,BARRIO,same_as_barrio,DISTRITO,same_as_distrito,LATITUD,CoorParsed,LONGITUD,TELEFONO,EMAIL,TIPO,SUBTIPO,SubTipoParseado,FECHA,AUTORES,PDF
Spanish Museum,https://wikidata.org/entity/Q55188818,4847190,Casa Museo Lope De Vega,'Mi casilla_ mi quietud_ mi g&amp;uuml;ertecillo y estudio'. Asi define su casa Felix Lope de Vega (1562-1635) en una carta dirigida a un amigo. Situada en pleno centro historico_ en el Barrio de las Letras_ la Casa Museo Lope de Vega se ubica en el edificio donde el escritor vivio sus ultimos 25 años. La recreacion de ambientes_ cuyo objetivo es que se respire la presencia de Lope_ evoca la vida cotidiana del Siglo de Oro y nos acerca a su intimidad. El equipamiento de la casa incorpora obras de arte_ mobiliario_ enseres y ediciones bibliograficas vinculadas al literato y su tiempo.  Visitas Guiadas: de nartres a domingo_ para todos los publicos. Mas informacion en web,De martes a domingo de 10 a 18 horas  Cerrado los lunes_ dias 1 y 6 de enero_ 1 de mayo_ 9 de noviembre y 24_ 25 y 31 de diciembre.,NOConocido,Metro: Anton Martin (linea 1).  Bus: M1  Bicimad: Estacion 27 (calle Jesus) / Estacion 52 (Plaza de Santa Ana)  Cercanias Renfe: Sol (lineas C3 y C4),NOConocido,http://www.madrid.es/sites/v/index.jsp?vgnextchannel=bfa48ab43d6bb410VgnVCM100000171f5a0aRCRD&vgnextoid=4eff8c46145e8110VgnVCM2000000c205a0aRCRD,CALLE CERVANTES,CalleCervantesNum7353,11,Madrid,https://wikidata.org/entity/Q2807,Community of Madrid,https://wikidata.org/entity/Q5756,28014,28014N29110,Cortes,https://wikidata.org/entity/Q2535637,Centro,https://wikidata.org/entity/Q1763376,40.414358466555235,414358466555235N253,-3.6974741545860015,914 299 216,casamuseolopedevega@madrid.org,Museos,NoIdentificado,Noidentificado,NOConocido,NOConocido,NOConocido
Spanish Museum,https://wikidata.org/entity/Q55188818,4949641,Casita - Museo Del Raton Perez,La residencia de la familia Perez esta situada en los sotanos de la confiteria Prasi_ en el numero ocho de la calle del Arenal_ segun cita Luis Coloma.,Reserva y compra de entradas: de martes a sabado (excepto festivos)_ de 11 a 14 y de 17 a 20 horas.   Visitas: de martes a viernes_ de 11 a 14 y de 17 a 20 horas. Sabados_ de 11 a 20 horas. Domingos_ de 11 a 18 horas.,NOConocido,Metro: Sol (lineas: 1_ 2 y 3)_ Ópera (linea 3_ Ramal Ópera Principe Pio)_ Callao (linea 3_ 5) Bus: 3 Bicimad:   Estacion 31 (calle Mayor_ 20) Estacion 25 a y b (Plaza Celenque_ 1),Venta de entradas a traves de whatsapp 634 297 294 Aforo limitado.,http://www.madrid.es/sites/v/index.jsp?vgnextchannel=bfa48ab43d6bb410VgnVCM100000171f5a0aRCRD&vgnextoid=990950e86d4ca110VgnVCM2000000c205a0aRCRD,CALLE ARENAL,CalleArenalNum46040,8,Madrid,https://wikidata.org/entity/Q2807,Community of Madrid,https://wikidata.org/entity/Q5756,28013,28013N70330,Sol,https://wikidata.org/entity/Q2465181,Centro,https://wikidata.org/entity/Q1763376,40.41704834412296,41704834412296N4353,-3.7055288844865233,915 226 968,info@casamuseoratonperez.es,Museos,NoIdentificado,Noidentificado,NOConocido,NOConocido,NOConocido
Spanish Museum,https://wikidata.org/entity/Q55188818,5682031,Castillo De La Alameda,El Castillo de la Alameda o de Barajas se trata de uno de los escasos vestigios de la arquitectura militar del pasado siglo XV y uno de los pocos castillos que ha sobrevivido al paso del tiempo. Bajo el y su entorno_ existen restos de asentamientos antiguos desde la Edad del Bronce hasta la Época Romana.En el edificio se realizan talleres para escolares y actividades en verano.,Abierto solo en fin de semana (sabado y domingo) y festivos (lunes festivos incluidos)  Del 1 de abril al 15 de junio de 10 a 21 horas. Del 16 de junio al 15 de septiembre de 10 a 20 horas. Del 15 al 30 de septiembre de 10 a 21 horas. De octubre a marzo de 10 a 18 horas.  Cerrado: 1 y 6 de enero_ 1 de mayo_ 24_ 25 y 31 de diciembre.,NOConocido,Metro: Alameda de Osuna y El Capricho (linea 5). Bus: 101_ 105_ 112_ 114_ 115 y 151.,Accesibilidad   Rampas de acceso. Aseos adaptados para personas con movilidad reducida. Informacion en Braille para personas con discapacidad visual.,http://www.madrid.es/sites/v/index.jsp?vgnextchannel=bfa48ab43d6bb410VgnVCM100000171f5a0aRCRD&vgnextoid=fe43c4be8e688210VgnVCM1000000b205a0aRCRD,CALLE ANTONIO SANCHA,CalleAntonioSanchaNum33765,1,Madrid,https://wikidata.org/entity/Q2807,Community of Madrid,https://wikidata.org/entity/Q5756,28042,28042N8408,Alameda-de-osuna,https://wikidata.org/entity/Q760737,Barajas,https://wikidata.org/entity/Q807230,40.45835460563491,45835460563491N5100,-3.5932903820278788,913 667 415,castilloalameda@madrid.es,MonumentosEdificiosArtisticos,NoIdentificado,Noidentificado,NOConocido,NOConocido,NOConocido
Spanish Museum,https://wikidata.org/entity/Q55188818,2064,Cason Del Buen Retiro. Museo Nacional Del Prado_ Centro De Estudios,Edificio que forma parte del Museo Nacional del Prado_ donde pueden consultarse fondos de la Biblioteca_ del Archivo y del Servicio de Documentacion de la coleccion del Museo y de otras fuentes relativas a la historia del arte.,NOConocido,NOConocido,Metro: Estacion del Arte (Atocha) (linea 1)  Bus: 19  Renfe: Atocha  Bicimad: Estacion 65 (calle Antonio Maura_ 15)  Parking: Montalban (49)_ C/ Montalban (entre C/ Alfonso XI y P&amp;ordm; Prado),Descripcion monumental  El Cason o Salon de Baile es el unico volumen que permanece del antiguo Palacio del buen Retiro_ ejecutado en 1637 con un proyecto de Alonso Carbonel. Aun se conserva la boveda de cañon con lunetas_ pintada al fresco por Lucas Jordan en 1692 con la Alegoria del Toison de Oro. Su fachada principal_ a poniente_ arrasada la primitiva en 1886 por un ciclon_ es de Velazquez Bosco. La ultima rehabilitacion ha sido realizada por Jaime Torruell.,http://www.madrid.es/sites/v/index.jsp?vgnextchannel=bfa48ab43d6bb410VgnVCM100000171f5a0aRCRD&vgnextoid=f0443d0b5e71c010VgnVCM1000000b205a0aRCRD,CALLE ALFONSO XII,CalleAlfonsoXiiNum38566,28,Madrid,https://wikidata.org/entity/Q2807,Community of Madrid,https://wikidata.org/entity/Q5756,28014,28014N21560,Jeronimos,https://wikidata.org/entity/Q10306766,Retiro,https://wikidata.org/entity/Q2002296,40.415263749471535,415263749471535N1995,-3.689232811717636,NOConocido,biblioteca@museodelprado.es,MonumentosEdificiosArtisticos,NoIdentificado,Noidentificado,NOConocido,NOConocido,NOConocido
Spanish Museum,https://wikidata.org/entity/Q55188818,2069,Centro Cultural La Corrala. Museo De Artes Y Tradiciones Populares,NOConocido,Lunes a viernes de 12 a 20 horas. Sabados de 10 a 14 horas. Cerrado domingos_ festivos y mes de agosto_ 24 y 31 diciembre.,Reserva previa y obligatoria para grupos en el telefono del Museo o en visitas.atp@uam.es. Las visitas individuales (inferiores a 7 personas) no necesitan reserva previa.,Metro: La Latina (linea 5)  Bus: 17_ 18_ 23_ 35_ 60.  Bicimad: Estacion 44 (calle Meson de Paredes_ 35).,NOConocido,http://www.madrid.es/sites/v/index.jsp?vgnextchannel=bfa48ab43d6bb410VgnVCM100000171f5a0aRCRD&vgnextoid=5c39ef4d7f71c010VgnVCM1000000b205a0aRCRD,CALLE CARLOS ARNICHES,CalleCarlosArnichesNum95688,3,Madrid,https://wikidata.org/entity/Q2807,Community of Madrid,https://wikidata.org/entity/Q5756,28005,28005N78781,Embajadores,https://wikidata.org/entity/Q2449844,Centro,https://wikidata.org/entity/Q1763376,40.40882397197274,40882397197274N9457,-3.708330456274069,914 976 500,museoatp@uam.es / lacorrala@uam.es,Museos,NoIdentificado,Noidentificado,NOConocido,NOConocido,NOConocido
Spanish Museum,https://wikidata.org/entity/Q55188818,103331,Centro Social Y Cultural La Casa Encendida,Edificio de caracter monumental. De estilo neomudejar_ fue diseñado por el arquitecto Fernando Arbos e inaugurado en el año 1913. Cuenta con mas de 6000 metros cuadrados de instalaciones divididas en 4 plantas y una azotea.,De martes a domingo de 10 a 22 horas. Cierre de salas de exposiciones 21:45 horas.  Mas horarios en la pestaña 'Servicios'.,Biblioteca:  de martes a domingos de 10 a 14 y de 16:30 a 21 horas. El servicio de mediateca los fines de semana es de 10 a 14 y de 17 a 21 horas.   Mediateca: de martes a domingo mañanas de 10 a 11:45 y de 12:15 a 14_ tardes de17 a 18:45 y de 19:15 a 21 horas.  Espacio para el Voluntariado: de martes a jueves de 16 a 20_ viernes de 10 a 14 horas.  Ecotienda solidaria:  De martes a jueves de 11 a 15 y de 17 a 21 horas. Viernes y sabados de 10 a 15 y de 17 a 22 horas. Domingos de 10 a 14 y de 17 a 21 horas.    Cafeteria: de martes a domingo de 10 a 19:30 horas.,Metro: Embajadores (linea 3).  Bus: 119_ 27_ 34_ 36_ 41_ C03_ C2_ C1.  Cercanias Renfe: Embajadores (linea C5).  Bicimad: Estacion 49 (ronda de Atocha_ 34).  Aparcamiento: Garaje Amparo (75)_ calle Amparo.,NOConocido,http://www.madrid.es/sites/v/index.jsp?vgnextchannel=bfa48ab43d6bb410VgnVCM100000171f5a0aRCRD&vgnextoid=c27f8899fc81c010VgnVCM1000000b205a0aRCRD,RONDA VALENCIA,RondaValenciaNum18301,2,Madrid,https://wikidata.org/entity/Q2807,Community of Madrid,https://wikidata.org/entity/Q5756,28012,28012N3896,Embajadores,https://wikidata.org/entity/Q2449844,Centro,https://wikidata.org/entity/Q1763376,40.40595710517701,40595710517701N5054,-3.699779793558763,915 062 180,NOConocido,MonumentosEdificiosArtisticos,NoIdentificado,Noidentificado,NOConocido,NOConocido,NOConocido
Spanish Museum,https://wikidata.org/entity/Q55188818,6469186,Ermita De San Antonio De La Florida (museo),Ermita dedicada a San Antonio de Padua y pequeño museo. Las pinturas murales que la decoran son de Francisco de Goya. Alberga los restos mortales del artista desde 1919. Para preservar sus pinturas_ en 1929 se traslado el culto a una ermita gemela construida a su lado_ dejando el edificio original como museo.,General   De martes a domingos de 9:30 a 20 horas.   Verano (del 15 de junio al 15 de septiembre)   De martes a domingos de 9:30 a 19 horas.   Cerrado:  lunes (incluidos festivos)_ 1 y 6 de enero_ 1 de mayo_ 24_ 25 y 31 de diciembre.  Último pase de visita: 20 minutos antes del cierre (el desalojo de las salas comenzara 10 minutos antes) Este horario y la apertura de salas pueden sufrir modificaciones.,Tienda_ en la que se pueden adquirir las guias y publicaciones sobre la ermita editadas por el Museo y otros organismos publicos_ asi como catalogos y publicaciones de instituciones culturales del Ayuntamiento de Madrid.,Metro: Principe Pio (lineas 5_ 10 y ramal Ópera - Principe Pio)  Bus: 41_ 46 y 75 (Intercambiador Principe Pio)  Renfe: Principe Pio  BICIMAD: Estacion 161 (Paseo de la Florida 8),NOConocido,http://www.madrid.es/sites/v/index.jsp?vgnextchannel=bfa48ab43d6bb410VgnVCM100000171f5a0aRCRD&vgnextoid=75950204770e7310VgnVCM2000000c205a0aRCRD,GLORIETA SAN ANTONIO DE LA FLORIDA,GlorietaSanAntonioDeLaFloridaNum83130,5,Madrid,https://wikidata.org/entity/Q2807,Community of Madrid,https://wikidata.org/entity/Q5756,28008,28008N28671,Casa-de-campo,https://wikidata.org/entity/Q16302441,Moncloa-Aravaca,https://wikidata.org/entity/Q2017682,40.425256682855846,425256682855846N9390,-3.725725718176111,915 420 722,sanantonio@madrid.es,MonumentosEdificiosArtisticos,NoIdentificado,Noidentificado,NOConocido,NOConocido,NOConocido
Spanish Museum,https://wikidata.org/entity/Q55188818,58353,Espacio Fundacion Telefonica,NOConocido,De martes a domingo_ de 10 a 20 horas. Cerrado al publico todos los lunes y dias 25 de diciembre_ 1 y 6 de enero.,Reserva de entrada online   Visitas guiadas y talleres educativos: 91 522 66 45 actividades.espacio@fundaciontelefonica.com   Informacion general: 91 580 87 00 espacio@fundaciontelefonica.com,Metro: Gran Via (lineas 1_ 5)  Bus: 002_ 001_ 1_ 2_ 46_ 74_ 146  Bicimad: Estacion 211 (Desengaño_ 1) / Estacion 210 (Tres Cruces_ 7)  Parking: BARCO 1 (88)_ Calle Barco,NOConocido,http://www.madrid.es/sites/v/index.jsp?vgnextchannel=bfa48ab43d6bb410VgnVCM100000171f5a0aRCRD&vgnextoid=87748ed67151c010VgnVCM2000000c205a0aRCRD,CALLE FUENCARRAL,CalleFuencarralNum70101,3,Madrid,https://wikidata.org/entity/Q2807,Community of Madrid,https://wikidata.org/entity/Q5756,28004,28004N43965,Universidad,https://wikidata.org/entity/Q10387767,Centro,https://wikidata.org/entity/Q1763376,40.42041458612889,42041458612889N8425,-3.7016034186955076,915 808 700,espacio@fundaciontelefonica.com,Museos,NoIdentificado,Noidentificado,NOConocido,NOConocido,NOConocido
Spanish Museum,https://wikidata.org/entity/Q55188818,6017808,Fundacion Amyc (arte Moderno Y Contemporaneo). Casa Museo Fuente Del Rey,NOConocido,Martes a sabado_ de 10 a 19 horas. Lunes_ domingos y festivos cerrado. Visitas para grupos de hasta 25 personas dentro de los horarios de apertura. Pueden ser con guia propio o con guia de la Fundacion_ y la duracion de la misma es de una hora_ previa reserva telefonica o por email.,NOConocido,Bus: 161,NOConocido,http://www.madrid.es/sites/v/index.jsp?vgnextchannel=bfa48ab43d6bb410VgnVCM100000171f5a0aRCRD&vgnextoid=5c1260101310f210VgnVCM1000000b205a0aRCRD,CALLE FUENTE DEL REY,CalleFuenteDelReyNum55738,11,Madrid,https://wikidata.org/entity/Q2807,Community of Madrid,https://wikidata.org/entity/Q5756,28023,28023N13146,Aravaca,https://wikidata.org/entity/Q3314682,Moncloa-Aravaca,https://wikidata.org/entity/Q2017682,40.45546180290319,45546180290319N227,-3.7705836264842576,913 579 116,info@fundacionamyc.org,FundacionesCulturales,NoIdentificado,Noidentificado,NOConocido,NOConocido,NOConocido
Spanish Museum,https://wikidata.org/entity/Q55188818,5873478,Museo Abc,Centro de arte_ dibujo e ilustracion.,Consultar.,NOConocido,Metro: San Bernardo (lineas 2_ 4)_ Noviciado (linea 2)_ Ventura Rodriguez (linea 3)_ Plaza de España (lineas 3_ 10)  Bus: M2_ C1_ C3_ 1_ 2_ 3_ 21_ 44_ 133_ 147_ 001_ 002   Bicimad: Estacion 13 (calle Conde Duque 22),NOConocido,http://www.madrid.es/sites/v/index.jsp?vgnextchannel=bfa48ab43d6bb410VgnVCM100000171f5a0aRCRD&vgnextoid=f0103fee6537c210VgnVCM1000000b205a0aRCRD,CALLE AMANIEL,CalleAmanielNum86185,29,Madrid,https://wikidata.org/entity/Q2807,Community of Madrid,https://wikidata.org/entity/Q5756,28015,28015N32254,Universidad,https://wikidata.org/entity/Q10387767,Centro,https://wikidata.org/entity/Q1763376,40.42741121610518,42741121610518N3297,-3.709539260414957,917 588 379,info_museo@abc.es,Museos,NoIdentificado,Noidentificado,NOConocido,NOConocido,NOConocido
Spanish Museum,https://wikidata.org/entity/Q55188818,2067,Museo Africano Misioneros Combonianos,NOConocido,Grupos con cita previa en el telefono 914 152 412 o en la web: de lunes a viernes de 9:30 a 13:30 horas.  Individuales: Visitas guiadas sin cita previa los domingos a las 11:30 horas.,NOConocido,Bus: 11_ 70_ 114_ 122_ 115_ 200.,NOConocido,http://www.madrid.es/sites/v/index.jsp?vgnextchannel=bfa48ab43d6bb410VgnVCM100000171f5a0aRCRD&vgnextoid=6ab8ef4d7f71c010VgnVCM1000000b205a0aRCRD,CALLE ARTURO SORIA,CalleArturoSoriaNum65102,101,Madrid,https://wikidata.org/entity/Q2807,Community of Madrid,https://wikidata.org/entity/Q5756,28043,28043N5744,San-juan-bautista,https://wikidata.org/entity/Q165609,Ciudad-Lineal,https://wikidata.org/entity/Q1763694,40.449464654033605,449464654033605N394,-3.65149172790308,914 152 412,NOConocido,Museos,NoIdentificado,Noidentificado,NOConocido,NOConocido,NOConocido
Spanish Museum,https://wikidata.org/entity/Q55188818,2050,Museo Arqueologico Nacional,Fundado en 1867_ el MAN se inauguro en 1895 en su actual sede_ en el Palacio de Biblioteca y Museos_ edificio proyectado por Francisco Jareño y terminado por Antonio Ruiz de Salces.,De martes a sabados de 9:30 a 20 horas. Domingos y festivos de 9:30 a 15 horas.   Cerrado   Todos los lunes del año. 1 y 6 de enero_ 1 y 15 de mayo_  24_ 25 y 31 de diciembre.  Mas informacion horarios,NOConocido,Metro: Serrano (linea 4)  Bus: 1_ 9_ 19_ 51_ 74_ 5_ 14_ 27_ 45_ 53_ 150  Cercanias Renfe: Recoletos (linea C1_ C2_ C7_ C-10 y Regional)  Bicimad: Estacion 95 (calle Claudio Coello 109)  Aparcamiento: Colon (2)_ Plaza de Colon s/n,NOConocido,http://www.madrid.es/sites/v/index.jsp?vgnextchannel=bfa48ab43d6bb410VgnVCM100000171f5a0aRCRD&vgnextoid=8fd8ef4d7f71c010VgnVCM1000000b205a0aRCRD,CALLE SERRANO,CalleSerranoNum51122,13,Madrid,https://wikidata.org/entity/Q2807,Community of Madrid,https://wikidata.org/entity/Q5756,28001,28001N38723,Recoletos,https://wikidata.org/entity/Q3814551,Salamanca,https://wikidata.org/entity/Q1773521,40.42327763947072,42327763947072N4974,-3.688418705931963,915 777 912,NOConocido,Museos,NoIdentificado,Noidentificado,NOConocido,NOConocido,NOConocido
Spanish Museum,https://wikidata.org/entity/Q55188818,2072,Museo Casa De La Moneda,NOConocido,De martes a viernes ininterrumpidamente de 10 a 20. Sabados_ domingos y festivos de 10 a 14:15 horas. Cerrado los lunes (incluidos festivos)_ y los dias 1 de enero;  1 y 2 de mayo;  24_ 25 y 31 de diciembre.,NOConocido,Metro: O&amp;acute;Donnell (linea 6)_ Goya (lineas 2_ 4)  Bus: 143_ 2_ 30_ 56_ 71_ C2_ 28  Bicimad: Estacion 101 (calle Jorge Juan_ 131).,NOConocido,http://www.madrid.es/sites/v/index.jsp?vgnextchannel=bfa48ab43d6bb410VgnVCM100000171f5a0aRCRD&vgnextoid=12f8ef4d7f71c010VgnVCM1000000b205a0aRCRD,CALLE DOCTOR ESQUERDO,CalleDoctorEsquerdoNum11119,36,Madrid,https://wikidata.org/entity/Q2807,Community of Madrid,https://wikidata.org/entity/Q5756,28028,28028N13676,Goya,https://wikidata.org/entity/Q3814578,Salamanca,https://wikidata.org/entity/Q1773521,40.42259797372905,42259797372905N2880,-3.6691502061733674,915 666 544,museocasadelamoneda@fnmt.es,Museos,NoIdentificado,Noidentificado,NOConocido,NOConocido,NOConocido
Spanish Museum,https://wikidata.org/entity/Q55188818,4112,Museo Cerralbo,Este Palacio_ construido entre 1883 y 1893_ fue concebido como vivienda y como museo para sede de las obras de arte reunidas por los Marqueses de Cerralbo y sus hijos_ los Marqueses de Villa Huerta_ durante los numerosos viajes que realizaron por España y Europa.,De martes a sabado de 9:30 a 15 horas. Jueves_ apertura extraordinaria por la tarde_ de 17 a 20 horas_ excepto festivos. Entrada gratuita. Domingos y festivos de 10 a 15 horas. Cerrado: todos los lunes_ 1 y 6 de enero_ 1 de mayo_ 24_ 25 y 31 de diciembre_ una fiesta local.,NOConocido,Metro: Plaza de España (lineas 3_ 10)_ Principe Pio (lineas 6 y 10)  Bus: 62_ 74.  Cercanias Renfe: Principe Pio (lineas C1_ C7 Y C10).  Bicimad: Estacion 14 (calle Ventura Rodriguez_ 2).,NOConocido,http://www.madrid.es/sites/v/index.jsp?vgnextchannel=bfa48ab43d6bb410VgnVCM100000171f5a0aRCRD&vgnextoid=a4efb0c40971c010VgnVCM1000000b205a0aRCRD,CALLE VENTURA RODRIGUEZ,CalleVenturaRodriguezNum85813,17,Madrid,https://wikidata.org/entity/Q2807,Community of Madrid,https://wikidata.org/entity/Q5756,28008,28008N93638,Argüelles,https://wikidata.org/entity/Q64874,Moncloa-Aravaca,https://wikidata.org/entity/Q2017682,40.42376732078657,42376732078657N9304,-3.7146170388153497,915 473 646,museo.cerralbo@cultura.gob.es,Museos,NoIdentificado,Noidentificado,NOConocido,NOConocido,NOConocido
Spanish Museum,https://wikidata.org/entity/Q55188818,10091450,Museo Emt,El Museo de la EMT se ha convertido en realidad tras una decada de duro trabajo de recuperacion_ restauracion y reparacion del patrimonio historico de la Empresa Municipal de Transportes de Madrid_ especialmente_ material movil_ mobiliario_ piezas mecanicas_ maquinaria y otros elementos inherentes a la actividad de la EMT en sus 70 años de historia.,Visitas (con cita previa)  Apertura estacional durante seis meses al año: todos los sabados de abril_ mayo_ junio_ julio_ septiembre y octubre)_ a las 10_ a las 11:30 y a las 13 horas. Por ser un centro de trabajo unicamente pueden realizarse de forma organizada_ previamente concertadas y limitadas a un maximo de 40 personas por turno. Duracion: 60 minutos aproximadamente. Compra de entradas y reserva de horarios a traves de la web: http://tienda.emtmadrid.es (a partir del 1 de marzo de 2018).,Si tiene una discapacidad fisica o sensorial_ contacta con el Museo antes de reservar la visita y le informaran de la accesibilidad a la instalacion.,Metro: Begoña (linea 10). Bus: 66_ 173_ 174_ 176_ 191_ 193_ 194_ 195_ 196_ 197_ 712_ 713_ 714_ 716_ L171.,NOConocido,http://www.madrid.es/sites/v/index.jsp?vgnextchannel=bfa48ab43d6bb410VgnVCM100000171f5a0aRCRD&vgnextoid=d56ad05b2a255510VgnVCM2000001f4a900aRCRD,CALLE MAURICIO LEGENDRE,CalleMauricioLegendreNum60654,40,Madrid,https://wikidata.org/entity/Q2807,Community of Madrid,https://wikidata.org/entity/Q5756,28046,28046N65113,Castilla,https://wikidata.org/entity/Q3813735,Chamartin,https://wikidata.org/entity/Q1766348,40.480173612860305,480173612860305N9501,-3.6831595451893273,914 068 810,NOConocido,OrganismosEmpresasMunicipales,NoIdentificado,Noidentificado,NOConocido,NOConocido,NOConocido
Spanish Museum,https://wikidata.org/entity/Q55188818,10237457,Museo Felix Cañada,Una seleccion de mas de quinientas obras de arte de entre las cerca de mil de la donacion original_ constituyen la Coleccion Permanente que se puede visitar en las salas del Museo Felix Cañada de la Fundacion Gomez Pardo_ adscrita a la Escuela Tecnica Superior de Ingenieros de Minas y Energia de la Universidad Politecnica de Madrid. Donada por el ingeniero de minas Doctor Felix Cañada Guerrero a la Fundacion Gomez Pardo_ reune una amplia representacion de trabajos de destacados artistas_ pintores_ escultores_ ilustradores_ grabadores_ orfebres_ ceramistas_ etc. abarcando diferentes periodos desde el siglo XI hasta nuestros dias.,Lunes_ miercoles y viernes_ de 10 a 13 horas_ previa solicitud descargando el impreso en formato PDF y enviarlo cumplimentado a museo@fgomezpardo.es o bien mediante fax al 91 442 95 29. .,NOConocido,Metro: Rios Rosas (linea 1).  Bus: 45_ 12_ 149_ 3_ 37.  Bicimad: Estacion 130 (calle Santa Engracia_ 127).,NOConocido,http://www.madrid.es/sites/v/index.jsp?vgnextchannel=bfa48ab43d6bb410VgnVCM100000171f5a0aRCRD&vgnextoid=cb22820a52799510VgnVCM1000001d4a900aRCRD,CALLE ALENZA,CalleAlenzaNum67012,1,Madrid,https://wikidata.org/entity/Q2807,Community of Madrid,https://wikidata.org/entity/Q5756,28003,28003N88348,Rios-rosas,https://wikidata.org/entity/Q10366270,Chamberi,https://wikidata.org/entity/Q1763370,40.442581673356834,442581673356834N1324,-3.700796192332983,914 417 921,museo@fgomezpardo.es,Museos,NoIdentificado,Noidentificado,NOConocido,NOConocido,NOConocido
Spanish Museum,https://wikidata.org/entity/Q55188818,2074,Museo Geominero,Los objetivos del Museo Geominero son conservar_ investigar y difundir la riqueza y diversidad del patrimonio geologico_ paleontologico y mineralogico a traves de las importantes colecciones de minerales_ rocas y fosiles procedentes de todas las regiones españolas y de antiguos territorios coloniales_ asi como de yacimientos significados del registro mundial,De lunes a domingo y festivos de 9 a 14 horas. Cerrado los dias 1 y 6 de enero y 24_ 25 y 31 de diciembre.,NOConocido,Metro: Rios Rosas (linea 1) y Alonso Cano (linea 7).  Bus: 45_ 12_ 149_ 3_ 37_ 5.  Bicimad: Estacion 130 (calle Santa Engracia_ 127).,NOConocido,http://www.madrid.es/sites/v/index.jsp?vgnextchannel=bfa48ab43d6bb410VgnVCM100000171f5a0aRCRD&vgnextoid=ff0bef4d7f71c010VgnVCM1000000b205a0aRCRD,CALLE RIOS ROSAS,CalleRiosRosasNum12701,23,Madrid,https://wikidata.org/entity/Q2807,Community of Madrid,https://wikidata.org/entity/Q5756,28003,28003N83090,Rios-rosas,https://wikidata.org/entity/Q10366270,Chamberi,https://wikidata.org/entity/Q1763370,40.442047952073665,442047952073665N4296,-3.699670468881422,913 495 759,m.geominero@igme.es,Museos,NoIdentificado,Noidentificado,NOConocido,NOConocido,NOConocido
Spanish Museum,https://wikidata.org/entity/Q55188818,2075,Museo Historico Minero Don Felipe De Borbon Y Grecia,Ubicado en la Escuela Tecnica Superior de Ingenieros de Minas de Madrid,De lunes a viernes_ de 9 a 14 horas.,NOConocido,Metro: Rios Rosas (linea 1)  Bus: 3_ 12_ 37_ 45_ 149  Bicimad: Estacion 130 (calle Santa Engracia_ 127),NOConocido,http://www.madrid.es/sites/v/index.jsp?vgnextchannel=bfa48ab43d6bb410VgnVCM100000171f5a0aRCRD&vgnextoid=822bef4d7f71c010VgnVCM1000000b205a0aRCRD,CALLE RIOS ROSAS,CalleRiosRosasNum53258,21,Madrid,https://wikidata.org/entity/Q2807,Community of Madrid,https://wikidata.org/entity/Q5756,28003,28003N86384,Rios-rosas,https://wikidata.org/entity/Q10366270,Chamberi,https://wikidata.org/entity/Q1763370,40.44207963042673,44207963042673N3609,-3.7003900716027776,913 367 017,NOConocido,Museos,NoIdentificado,Noidentificado,NOConocido,NOConocido,NOConocido
Spanish Museum,https://wikidata.org/entity/Q55188818,18176,Museo Ico,NOConocido,De martes a sabados: de 11 a 20 horas.   Domingos y festivos: de 10 a 14 horas.    Cerrado: Todos los lunes del año.   Horarios especiales: 24 y 31 de diciembre de 10 a 14 horas. 1 de mayo y 25 de diciembre cerrado.,NOConocido,Metro: Sevilla (linea 2).  Bus: 53_ 15_ 20_ M1_ 150_ 5_ 46_ 52.  BICIMAD: estacion 28 (calle Alcala_ 27).,NOConocido,http://www.madrid.es/sites/v/index.jsp?vgnextchannel=bfa48ab43d6bb410VgnVCM100000171f5a0aRCRD&vgnextoid=2886444a2951c010VgnVCM2000000c205a0aRCRD,CALLE ZORRILLA,CalleZorrillaNum18375,3,Madrid,https://wikidata.org/entity/Q2807,Community of Madrid,https://wikidata.org/entity/Q5756,28014,28014N7056,Cortes,https://wikidata.org/entity/Q2535637,Centro,https://wikidata.org/entity/Q1763376,40.41675330128869,41675330128869N5506,-3.6977346235068373,914 201 242,museoico@ico.es,Museos,NoIdentificado,Noidentificado,NOConocido,NOConocido,NOConocido
Spanish Museum,https://wikidata.org/entity/Q55188818,6019032,Museo Los Caños Del Peral. Estacion De Metro Ópera,La estacion de Ópera cuenta con el mayor museo arqueologico bajo tierra de Madrid_ un espacio de 200 m2 donde se pueden ver restos arqueologicos de los siglos XVI y XVII pertenecientes a la Fuente de los Caños del Peral_ el Acueducto de Amaniel y la Alcantarilla del Arenal.,Previa reserva en la pagina museosmetromadrid.es.  Viernes: de 16:00 a 20:00 horas. Sabados: de 10:00 a 14:00 horas y de 16:00 a 20:00 horas. Domingos: de 10:00 a 14:00 horas.,NOConocido,Metro: Ópera (lineas 2_ 5 y Ramal).   Bicimad: Estacion 24 (calle Carlos III_ 1).    Aparcamiento: Descalzas (20)_ plaza Descalzas y plaza San Martin.,NOConocido,http://www.madrid.es/sites/v/index.jsp?vgnextchannel=bfa48ab43d6bb410VgnVCM100000171f5a0aRCRD&vgnextoid=435950262d50f210VgnVCM2000000c205a0aRCRD,PLAZA ISABEL II,PlazaIsabelIiNum947,1,Madrid,https://wikidata.org/entity/Q2807,Community of Madrid,https://wikidata.org/entity/Q5756,28013,28013N8308,Palacio,https://wikidata.org/entity/Q2136510,Centro,https://wikidata.org/entity/Q1763376,40.41775560280743,41775560280743N4108,-3.709202070089538,NOConocido,NOConocido,Museos,NoIdentificado,Noidentificado,NOConocido,NOConocido,NOConocido
Spanish Museum,https://wikidata.org/entity/Q55188818,2053,Museo Lazaro Galdiano,NOConocido,Martes a domingo_ de 9:30 a 15 horas. Lunes cerrado.,NOConocido,Metro: Gregorio Marañon (linea 7 y 10)  Bus: 12_ 16_ 9_ 19_ 51_ 61,NOConocido,http://www.madrid.es/sites/v/index.jsp?vgnextchannel=bfa48ab43d6bb410VgnVCM100000171f5a0aRCRD&vgnextoid=7d1aef4d7f71c010VgnVCM1000000b205a0aRCRD,CALLE SERRANO,CalleSerranoNum39732,122,Madrid,https://wikidata.org/entity/Q2807,Community of Madrid,https://wikidata.org/entity/Q5756,28006,28006N68009,Castellana,https://wikidata.org/entity/Q4781,Salamanca,https://wikidata.org/entity/Q1773521,40.436750328725985,436750328725985N7133,-3.6861980129207894,915 616 084,NOConocido,MonumentosEdificiosArtisticos,NoIdentificado,Noidentificado,NOConocido,NOConocido,NOConocido
Spanish Museum,https://wikidata.org/entity/Q55188818,5349304,Museo Nacional Centro De Arte Reina Sofia (mncars),Edificio Sabatini: calle Santa Isabel 52.  Edificio Nouvel (ampliacion): ronda de Atocha_ esquina a plaza del Emperador Carlos V.  Espacios en el parque del Retiro: Palacio de Velazquez y Palacio de Cristal.,Lunes y de miercoles a sabado_ de 10 a 20 horas. Martes cerrado (incluso festivos). Domingos de 10 a 14:30 horas.  Cerrado: 1 y 6 enero_ 1 y 15 mayo_ 9 noviembre_ 24_ 25 y 31 diciembre.,NOConocido,Metro: Estacion del Arte (Atocha) (linea 1)  Bus: 27_ 34_ C03_ C1_ 26_ 32_ 6_ 59_ 85_ E1_ C2_ 119_ 36_ 41_ 001_ 10_ 14_ 37_ 45  Cercanias Renfe: Atocha (lineas C1_ C2_ C3_ C4_ C5_ C7_ C8_ C10)  Bicimad: Estacion 50 (calle Santa Isabel_ 57) / Estacion 51 (Ronda de Atocha_ 2)  Parking: Sanchez Bustillo (37)_ C/ Sanchez Bustillo,NOConocido,http://www.madrid.es/sites/v/index.jsp?vgnextchannel=bfa48ab43d6bb410VgnVCM100000171f5a0aRCRD&vgnextoid=69d8275bad5a1210VgnVCM2000000c205a0aRCRD,CALLE SANTA ISABEL,CalleSantaIsabelNum42262,52,Madrid,https://wikidata.org/entity/Q2807,Community of Madrid,https://wikidata.org/entity/Q5756,28012,28012N53575,Embajadores,https://wikidata.org/entity/Q2449844,Centro,https://wikidata.org/entity/Q1763376,40.40854131574014,40854131574014N2322,-3.6940316511856017,917 741 000,museoreinasofia@clorian.com,Museos,NoIdentificado,Noidentificado,NOConocido,NOConocido,NOConocido
Spanish Museum,https://wikidata.org/entity/Q55188818,2099,Museo Nacional Thyssen-bornemisza,El palacio donde se ubica la coleccion fue el antiguo palacio del duque de Villahermosa. Edificacion neoclasica. Posteriormente se adapta como entidad bancaria perdiento sus espacios interiores. Mas tarde_ paso a formar parte de los edificios del Museo del Prado. Desde principios de los 90 alberga la Coleccion Thyssen. El museo ofrece un recorrido por la historia de la pintura europea desde sus inicios en el siglo XIII_ hasta finales del siglo XX.,Colecciones permanentes:  lunes de 12 a 16 horas (acceso gratuito gracias al patrocinio de MasterCard). Martes a domingos de 10 a 19 horas.   Exposiciones temporales: consultar horario especifico en Museo.  Avisos y aperturas extraordinarias: los dias 1 de enero_ 1 de mayo y 25 de diciembre el Museo permanecera cerrado. El 24 y el 31 de diciembre el horario de apertura del Museo sera de 10 a 15 horas.,NOConocido,Metro: Banco de España (linea 2)  Bus: 10_ 14_ 27_ 34_ 37_ 45_ C03  Cercanias Renfe: Recoletos  Bicimad: Estacion 27 (calle Jesus_ 1) / Estacion 29 (calle Marques de Cubas_ 25)  Parking: Cortes (46)_ Plaza de las Cortes,Arquitecto: Antonio Lopez Aguado (1805 - 1806)  Adecuacion: Rafael Moneo (1989 - 1992)  Ampliacion: BOPBAA (1999 - 2004),http://www.madrid.es/sites/v/index.jsp?vgnextchannel=bfa48ab43d6bb410VgnVCM100000171f5a0aRCRD&vgnextoid=0b8079262ef5d010VgnVCM1000000b205a0aRCRD,PASEO PRADO,PaseoPradoNum49651,8,Madrid,https://wikidata.org/entity/Q2807,Community of Madrid,https://wikidata.org/entity/Q5756,28014,28014N19205,Cortes,https://wikidata.org/entity/Q2535637,Centro,https://wikidata.org/entity/Q1763376,40.41600553697803,41600553697803N4051,-3.694744831131079,917 911 370,cav@museothyssen.org,MonumentosEdificiosArtisticos,NoIdentificado,Noidentificado,NOConocido,NOConocido,NOConocido
Spanish Museum,https://wikidata.org/entity/Q55188818,2057,Museo Nacional De Antropologia,El Museo esta instalado en el edificio de estilo clasicista construido por el Marques de Cubas en 1875 por encargo del Doctor Gonzalez Velasco_ fundador de la institucion.,De martes a sabado de 9:30 a 20 horas. Domingos: de 10 a 15 horas. Cerrado todos los lunes del año y los dias 1 y 6 de enero_ 1 de mayo_ 24_ 25 y 31 de diciembre y un festivo local. La taquilla se cerrara 15 minutos antes del cierre.,NOConocido,Metro: Estacion del Arte (linea 1).  Bus: 19_  C1_ 10_ 14_ 26_ 32_ 102_ 37_ 59_ 001_ C2_ 203_ 85_ 141.  Cercanias Renfe: Atocha (lineas C1_ C2_ C3_ C4_ C5_ C7_ C8_ C10).  Bicimad: Estacion 80 a y b (paseo Infanta Isabel_ 3).,NOConocido,http://www.madrid.es/sites/v/index.jsp?vgnextchannel=bfa48ab43d6bb410VgnVCM100000171f5a0aRCRD&vgnextoid=456079262ef5d010VgnVCM1000000b205a0aRCRD,CALLE ALFONSO XII,CalleAlfonsoXiiNum36736,68,Madrid,https://wikidata.org/entity/Q2807,Community of Madrid,https://wikidata.org/entity/Q5756,28014,28014N46840,Jeronimos,https://wikidata.org/entity/Q10306766,Retiro,https://wikidata.org/entity/Q2002296,40.407887537677716,407887537677716N4891,-3.688862923660605,915 306 418,antropologico@cultura.gob.es,Museos,NoIdentificado,Noidentificado,NOConocido,NOConocido,NOConocido
Spanish Museum,https://wikidata.org/entity/Q55188818,2055,Museo Nacional De Artes Decorativas,Inaugurado en 1912_ su sede es un tipico palacete madrileño del ultimo tercio del siglo XIX. El museo posee muebles_ ceramicas_ vidrios_ joyas_ tejidos_ arte oriental_ y hasta 30 000 objetos distintos que a lo largo de la historia han servido para embellecer las casas_ palacios y los monumentos de distintas culturas. El museo posee muestras como el Jarron de Sevres regalo de Napoleon III_ la Cocina Valenciana del siglo XVIII compuesta por mas de 1500 azulejos de Manises_ la Mesa de plata del siglo XVI o la coleccion de alfombras españolas de los siglos XV al XVII.,Martes a sabados de 9:30 a 15 horas. Domingo y festivos: de 10 a 15 horas. Jueves tarde de 17 a 20 horas (excepto julio y agosto).  Cerrado:  todos los lunes_ 1 y 6 de enero_ 1 y 15 de mayo_ 24_ 25 y 31 de diciembre.    La venta de entradas finalizara 30 minutos antes del cierre.,NOConocido,Metro: Retiro (linea 2).  Bus: 19_ 1_ 146_ 15_ 2_ 20_ 51_ 52_ 74_ 9_ E1_ 203_ 14_ 27_ 37_ 45.  Cercanias Renfe: Recoletos (lineas C1_ C2_ C7_ C8 Y C10).  Bicimad: Estaciones 65 (calle Antonio Maura_ 15) y 60 (plaza de la Independencia_ 6).  Parking: Montalban (49)_ C/ Montalban (entre C/ Alfonso XI y P&amp;ordm; Prado),El Museo dispone de una rampa de acceso al edificio en la calle Montalban. Para su uso_ es necesario avisar con antelacion al personal del Museo.El acceso a las diferentes plantas_ puede realizarse mediante ascensor. Debido a las dimensiones del mismo_ es necesario emplear en el las sillas de ruedas que el Museo pone a su disposicion_ previa solicitud.,http://www.madrid.es/sites/v/index.jsp?vgnextchannel=bfa48ab43d6bb410VgnVCM100000171f5a0aRCRD&vgnextoid=287079262ef5d010VgnVCM1000000b205a0aRCRD,CALLE MONTALBAN,CalleMontalbanNum59794,12,Madrid,https://wikidata.org/entity/Q2807,Community of Madrid,https://wikidata.org/entity/Q5756,28014,28014N44692,Jeronimos,https://wikidata.org/entity/Q10306766,Retiro,https://wikidata.org/entity/Q2002296,40.417891279015194,417891279015194N2052,-3.689754685481908,915 326 499,mnad@cultura.gob.es,MonumentosEdificiosArtisticos,NoIdentificado,Noidentificado,NOConocido,NOConocido,NOConocido
Spanish Museum,https://wikidata.org/entity/Q55188818,2056,Museo Nacional De Ciencias Naturales,NOConocido,De martes a viernes de 10 a 17 horas. Sabados_ domingos y festivos de 10 a 20 horas. Agosto_de 10 a 15 horas. Cerrado los lunes (excepto los festivos). Cerrado el 1 y 6 de enero_ el 1 de mayo y el 25 de diciembre. Los dias 24 y 31 de diciembre el museo permanecera abierto de 10 a 15 horas.,NOConocido,Metro: Gregorio Marañon (lineas 7_ 10).  Bus: 12_ 45_ 14_ 147_ 150_ 27_ 40_ 7.  Bicimad: Estacion 139 (Calle Jose Gutierrez Abascal_ 2).,NOConocido,http://www.madrid.es/sites/v/index.jsp?vgnextchannel=bfa48ab43d6bb410VgnVCM100000171f5a0aRCRD&vgnextoid=8edbef4d7f71c010VgnVCM1000000b205a0aRCRD,CALLE JOSE GUTIERREZ ABASCAL,CalleJoseGutierrezAbascalNum62459,2,Madrid,https://wikidata.org/entity/Q2807,Community of Madrid,https://wikidata.org/entity/Q5756,28006,28006N74676,El-viso,https://wikidata.org/entity/Q4778,Chamartin,https://wikidata.org/entity/Q1766348,40.44042007613476,44042007613476N4234,-3.690220716379925,NOConocido,NOConocido,MonumentosEdificiosArtisticos,NoIdentificado,Noidentificado,NOConocido,NOConocido,NOConocido
Spanish Museum,https://wikidata.org/entity/Q55188818,2076,Museo Naval,Tematica: Historia de la navegacion española.,De martes a domingo de 10 a 19 horas. Durante el mes de agosto_ horario reducido de 10 a 15 horas. El desalojo del museo se hara entre 15 y 30 min antes del cierre_ dependiendo de las personas que haya en las salas y de las normas en vigor por la COVID-19. El museo en su totalidad o alguna de sus salas podran cerrarse de manera excepcional fuera de estas fechas_ comunicandose al publico con la debida antelacion.,NOConocido,Metro: Banco de España (linea 2).  Bus: E1_ 14_ 27_ 37_ 45_ C03_ 203_ 001_ 34_ 1_ 146_ 15_ 2_ 20_ 51_ 52_ 74_ 9.  Bicimad: Estacion 86 (plaza de Cibeles).    Aparcamiento: Montalban (49)_ calle Montalban entre calle Alfonso XI y paseo del Prado.,NOConocido,http://www.madrid.es/sites/v/index.jsp?vgnextchannel=bfa48ab43d6bb410VgnVCM100000171f5a0aRCRD&vgnextoid=a30cef4d7f71c010VgnVCM1000000b205a0aRCRD,PASEO PRADO,PaseoPradoNum96737,5,Madrid,https://wikidata.org/entity/Q2807,Community of Madrid,https://wikidata.org/entity/Q5756,28014,28014N31090,Jeronimos,https://wikidata.org/entity/Q10306766,Retiro,https://wikidata.org/entity/Q2002296,40.41751289873052,41751289873052N703,-3.692768317427539,915 238 516,museonavalmadrid@fn.mde.es y reservas_museonaval@fn.mde.es,Museos,NoIdentificado,Noidentificado,NOConocido,NOConocido,NOConocido
Spanish Museum,https://wikidata.org/entity/Q55188818,2085,Museo Postal Y Telegrafico,El  Museo Postal y Telegrafico ofrece al visitante un recorrido tematico y cronologico a traves  de la historia de las comunicaciones_ desde la mas tradicional_ la carta_ hasta las comunicaciones por satelite. En este museo se conservan y exhiben los fondos postales y de telecomunicacion desde los primeros hitos conocidos hasta nuestros dias.,De lunes a viernes de 9 a 14 y de 16 a 18 horas.,Bus: 161.,NOConocido,NOConocido,http://www.madrid.es/sites/v/index.jsp?vgnextchannel=bfa48ab43d6bb410VgnVCM100000171f5a0aRCRD&vgnextoid=c82cef4d7f71c010VgnVCM1000000b205a0aRCRD,CALLE TAPIA DE CASARIEGO,CalleTapiaDeCasariegoNum14007,6,Madrid,https://wikidata.org/entity/Q2807,Community of Madrid,https://wikidata.org/entity/Q5756,28023,28023N99675,Valdemarin,https://wikidata.org/entity/Q10388725,Moncloa-Aravaca,https://wikidata.org/entity/Q2017682,40.467706026917405,467706026917405N7409,-3.7690721403206724,917 401 440,info@museopostalytelegrafico.com,Museos,NoIdentificado,Noidentificado,NOConocido,NOConocido,NOConocido
Spanish Museum,https://wikidata.org/entity/Q55188818,4997114,Museo Sorolla,NOConocido,De martes a sabado: de 9:30 a 20 horas  Domingos y festivos: de 10 a 15 horas Cerrado: todos los lunes del año_ 1 de enero_ 6 de enero_ 1 de mayo_ 9 noviembre_ 24_ 25 y 31 de diciembre,NOConocido,Metro: Ruben Dario (linea 5)_ Gregorio Marañon (lineas 7_ 10)_ Iglesia (linea 1)  Bus: 16_ 5_ 61_ 147_ 40_ 7,NOConocido,http://www.madrid.es/sites/v/index.jsp?vgnextchannel=bfa48ab43d6bb410VgnVCM100000171f5a0aRCRD&vgnextoid=6dd05e93aad9c110VgnVCM1000000b205a0aRCRD,PASEO GENERAL MARTINEZ CAMPOS,PaseoGeneralMartinezCamposNum92228,37,Madrid,https://wikidata.org/entity/Q2807,Community of Madrid,https://wikidata.org/entity/Q5756,28010,28010N82578,Almagro,https://wikidata.org/entity/Q10954432,Chamberi,https://wikidata.org/entity/Q1763370,40.43557863874977,43557863874977N1897,-3.6923288211390055,913 101 584,museo.sorolla@cultura.gob.es,Museos,NoIdentificado,Noidentificado,NOConocido,NOConocido,NOConocido
Spanish Museum,https://wikidata.org/entity/Q55188818,2077,Museo Taurino De La Comunidad De Madrid,Situado en el Patio de Caballos_ ofrece a sus visitantes un atractivo recorrido por la historia del toreo_ demostrando la relevancia de la Tauromaquia en la historia y la cultura de España. De acceso gratuito_ octavo monumento mas visitado en la Comunidad de Madrid_ en este espacio se pueden contemplar grabados de Goya_ vestidos_ monteras y capotes de paseo de grandes toreros del siglo XX o un rincon dedicado a la figura de Manolete.,De lunes a domingo_ de 10 a 15 horas.,NOConocido,Metro: Ventas (lineas 2_ 5).  Bus: 106_ 110_ 146_ 21_ 210_ 38_ 53.  Bicimad: Estacion 187 (calle Alejandro Gonzalez_ 1).,NOConocido,http://www.madrid.es/sites/v/index.jsp?vgnextchannel=bfa48ab43d6bb410VgnVCM100000171f5a0aRCRD&vgnextoid=958cef4d7f71c010VgnVCM1000000b205a0aRCRD,CALLE ALCALA,CalleAlcalaNum49758,237,Madrid,https://wikidata.org/entity/Q2807,Community of Madrid,https://wikidata.org/entity/Q5756,28028,28028N73047,La-guindalera,https://wikidata.org/entity/Q3814559,Salamanca,https://wikidata.org/entity/Q1773521,40.43157110306013,43157110306013N3092,-3.662872780933851,912 761 287,museotaurinolasventas@madrid.org,Museos,NoIdentificado,Noidentificado,NOConocido,NOConocido,NOConocido
Spanish Museum,https://wikidata.org/entity/Q55188818,2101,Museo Tiflologico,Edificio con una superficie de 1.500 m2 dividido en tres zonas con maquetas de monumentos nacionales e internacionales realizadas por invidentes e instrumentos utilizados por los invidentes desde hace 200 años. Es un espacio concebido para que sus visitantes puedan ver y tocar las piezas expuestas.,Martes a viernes_ de 10 a 15 horas y de 16 a 19 horas. Sabados de 10 a 14 horas. Cerrado: lunes_ domingos y festivos. Consultar cierres especiales en http://museo.once.es,NOConocido,Metro: Estrecho (linea 1)  Bus: 66_ 124_ 126,NOConocido,http://www.madrid.es/sites/v/index.jsp?vgnextchannel=bfa48ab43d6bb410VgnVCM100000171f5a0aRCRD&vgnextoid=baacef4d7f71c010VgnVCM1000000b205a0aRCRD,CALLE LA CORUÑA,CalleLaCoruñaNum84601,18,Madrid,https://wikidata.org/entity/Q2807,Community of Madrid,https://wikidata.org/entity/Q5756,28020,28020N69317,Cuatro-caminos,https://wikidata.org/entity/Q5824684,Tetuan,https://wikidata.org/entity/Q1773540,40.45519790204094,45519790204094N6882,-3.7001960485997545,915 894 219,museo@once.es,Museos,NoIdentificado,Noidentificado,NOConocido,NOConocido,NOConocido
Spanish Museum,https://wikidata.org/entity/Q55188818,2068,Museo De Aeronautica Y Astronautica,El museo tiene por finalidad la adquisicion_ conservacion y exposicion de los bienes que constituyen el Patrimonio Historico de la Aeronautica Española. Dispone de una exposicion exterior y siete hangares que albergan aeronaves_ uniformes_ condecoraciones_ motores_ maquetas y otros fondos relacionados con la aviacion. Terminada la Guerra Civil y una vez creado el Ejercito del Aire_ se concibe la idea de crear un museo que reflejara la evolucion e historia de nuestra aeronautica. Desde 1975 el Museo esta en Cuatro Vientos y se han sucedido varias ampliaciones que le convierten en un referente europeo de la aeronautica.,De martes a domingo de 10 a 14 horas.  El aforo esta actualmente limitado_ siendo obligatoria la reserva online a traves de la pagina de Reserva de visita al Museo.,Aparcamiento: gratuito_ de 10 a 14 horas Cafeteria: de 10 a 13:30 horas Punto de venta: de 10 a 13:30 horas  Visitas guiadas para grupos: de martes a domingo de 10 a 14 horas_ previa peticion de autorizacion por carta o correo electronico (museodelaire@ea.mde.es). Se recomienda anticipar las peticiones por telefono de lunes a viernes. Grupo minimo de 10 personas.,NOConocido,NOConocido,http://www.madrid.es/sites/v/index.jsp?vgnextchannel=bfa48ab43d6bb410VgnVCM100000171f5a0aRCRD&vgnextoid=90aaef4d7f71c010VgnVCM1000000b205a0aRCRD,AUTOVIA A-5,AutoviaA-5Num29652,10,Madrid,https://wikidata.org/entity/Q2807,Community of Madrid,https://wikidata.org/entity/Q5756,28024,28024N92904,Cuatro-vientos,https://wikidata.org/entity/Q5191881,Latina,https://wikidata.org/entity/Q794954,40.37362,37362N7058,-3.80843,915 091 690,museodelaire@ea.mde.es,Museos,NoIdentificado,Noidentificado,NOConocido,NOConocido,NOConocido
Spanish Museum,https://wikidata.org/entity/Q55188818,2091,Museo De America,NOConocido,Horario:   De martes a sabado_ de 9:30 a 15 horas. Jueves_ apertura continuada de 9:30 a 19 horas. Domingos y festivos de 10 a 15 horas.,NOConocido,Metro: Moncloa (lineas 3_ 6)_ Islas Filipinas (linea 7)  Autobus: 138_ 62_ 1_ 132_ 44_ 82_ C2_ C1  Bicimad: Estacion 128 (calle Cea Bermudez_ 59),NOConocido,http://www.madrid.es/sites/v/index.jsp?vgnextchannel=bfa48ab43d6bb410VgnVCM100000171f5a0aRCRD&vgnextoid=c929ef4d7f71c010VgnVCM1000000b205a0aRCRD,AVENIDA REYES CATOLICOS,AvenidaReyesCatolicosNum49821,6,Madrid,https://wikidata.org/entity/Q2807,Community of Madrid,https://wikidata.org/entity/Q5756,28040,28040N29709,Ciudad-universitaria,https://wikidata.org/entity/Q3319235,Moncloa-Aravaca,https://wikidata.org/entity/Q2017682,40.43792950973577,43792950973577N5188,-3.72186494128936,915 492 641,museo.america@mecd.es,Museos,NoIdentificado,Noidentificado,NOConocido,NOConocido,NOConocido
Spanish Museum,https://wikidata.org/entity/Q55188818,83922,Museo De Arte Contemporaneo De Madrid,Al igual que otros museos de arte contemporaneo_ nacionales o extranjeros_ se ha utilizado un edificio historico para albergar las colecciones: el Cuartel del Conde Duque. El Museo de Arte Contemporaneo recupera para los madrileños el despacho del escritor vanguardista Ramon Gomez de la Serna_ como parte de su coleccion permanente.,De martes a viernes / Tuesday to Friday:  mañanas de 10 a 14 horas tardes de 15 a 21:00 horas    Sabados/ Saturday   mañanas de 10 a 14 horas tardes de 17:30 a 21:00 horas   Domingos y festivos/ Sunday &amp;amp; Holidays: 10:30 a 14:30 horas       Cierres: Todos los lunes /Every Monday_ 1 y 6 de enero/January_ 1 de mayo/ May_ 24_ 25 y 31 de diciembre/ December. Las salas se desalojan 15 minutos antes del cierre/ Gallery will be clear 15 minutes before closing.,NOConocido,Metro: Ventura Rodriguez_ Plaza de España_ San Bernardo_ Noviciado.  Bus: 1_ 2_ 21_ 44_ 74_ 133_ C_ M2  Bicimad: Estacion 13_ Calle Conde Duque n&amp;ordm;22.  Parking:  Plaza de España,NOConocido,http://www.madrid.es/sites/v/index.jsp?vgnextchannel=bfa48ab43d6bb410VgnVCM100000171f5a0aRCRD&vgnextoid=84a55c2cdc41c010VgnVCM2000000c205a0aRCRD,CALLE CONDE DUQUE,CalleCondeDuqueNum98962,9,Madrid,https://wikidata.org/entity/Q2807,Community of Madrid,https://wikidata.org/entity/Q5756,28015,28015N84623,Centro,,Centro,https://wikidata.org/entity/Q1763376,40.42737760210632,42737760210632N6228,-3.7106116887809817,NOConocido,mmacmdifusion@madrid.es,Museos,NoIdentificado,Noidentificado,NOConocido,NOConocido,NOConocido
Spanish Museum,https://wikidata.org/entity/Q55188818,2092,Museo De Astronomia Y Geodesia,El museo de Astronomia y Geodesia_ situado en la Facultad de Ciencias Matematicas de la Universidad Complutense de Madrid_ agrupa una importante coleccion de instrumentos de Astronomia_ Geodesia y Topografia_ reunidos con el afan didactico de dar a conocer la evolucion de los metodos utilizados en estas disciplinas durante los ultimos 150 años.,Visita con cita previa.,NOConocido,Bus: 132_ F_ 82_ G_ U.  Bicimad: Estacion 260 (calle Jose Antonio Novais_ frente al numero 12).,NOConocido,http://www.madrid.es/sites/v/index.jsp?vgnextchannel=bfa48ab43d6bb410VgnVCM100000171f5a0aRCRD&vgnextoid=ee49ef4d7f71c010VgnVCM1000000b205a0aRCRD,PLAZA CIENCIAS,PlazaCienciasNum55396,3,Madrid,https://wikidata.org/entity/Q2807,Community of Madrid,https://wikidata.org/entity/Q5756,28040,28040N46851,Ciudad-universitaria,https://wikidata.org/entity/Q3319235,Moncloa-Aravaca,https://wikidata.org/entity/Q2017682,40.44942472705852,44942472705852N8273,-3.7262214898219117,913 944 615,astronomia_geodesia@mat.ucm.es,Museos,NoIdentificado,Noidentificado,NOConocido,NOConocido,NOConocido
Spanish Museum,https://wikidata.org/entity/Q55188818,5727435,Museo De Bomberos De Madrid,NOConocido,Visitas Guiadas   Debido al cierre por obras de esta instalacion_ quedan suspendidas las visitas.,Exposicion fotografica Un recorrido por toda su historia: grandes incendios_ construccion de los primeros parques_ bomberos fallecidos en acto de servicio...  Vehiculos Una amplia gama de los vehiculos utilizados en los ultimos 400 años: Las primeras bombas brazales_ clasicos de los años veinte y vehiculos adaptados de la II Guerra Mundial.  Herramientas y equipos Diferentes escalas de gancho_ extintores primitivos o las primeras lonas de salvamento nos dan una idea de como han trabajado los bomberos en los ultimos siglos asi como herramientas de distintas epocas que nos muestran el avance tecnologico en la lucha contra el fuego y salvamento.  Cascos Amplia exposicion en la que se muestra la evolucion de los cascos en Madrid. Ademas se expone una coleccion internacional en la que se aprecia_ en su diseño_ la mezcla de proteccion_ materiales y comodidad en los diferentes paises del mundo.  Uniformes De epoca_ trajes de gala_ asi como varios modelos que fueron utilizados en sucesos destacados de la historia de Madrid. Completan esta coleccion varios trajes de aproximacion al fuego y proteccion quimica especial entre otros.  Comunicaciones Antiguamente los bomberos se comunicaban mediante toques de corneta. Esta exposicion muestra las partituras con sus particulares comandas. Ademas_ la exposicion incluye la evolucion de los equipos de comunicaciones.  Sanitario Una camara de recuperacion respiratoria para los bomberos intoxicados por el humo en los fuegos es uno de los mayores atractivos de este area.,Metro: L1- Buenos Aires Bus: 141 y 143,Abierto al publico en 1982_ reune todos los instrumentos usados por los bomberos durante mas de cuatro siglos.    Accesible                           Entrada gratuita     Visita para grupos            Apropiado para niños y niñas,http://www.madrid.es/sites/v/index.jsp?vgnextchannel=bfa48ab43d6bb410VgnVCM100000171f5a0aRCRD&vgnextoid=9f0966a8bba49210VgnVCM2000000c205a0aRCRD,CALLE BOADA,CalleBoadaNum68205,4,Madrid,https://wikidata.org/entity/Q2807,Community of Madrid,https://wikidata.org/entity/Q5756,28038,28038N81495,Numancia,https://wikidata.org/entity/Q10338144,Puente-de-Vallecas,https://wikidata.org/entity/Q2003054,40.39453171263195,39453171263195N6800,-3.6539313207612207,NOConocido,jcbomberos@madrid.es,Museos,NoIdentificado,Noidentificado,NOConocido,NOConocido,NOConocido
Spanish Museum,https://wikidata.org/entity/Q55188818,2090,Museo De Calcografia Nacional,Reune un extraordinario conjunto de planchas grabadas por los mas significados artistas españoles_ hasta conformar una de las mayores y mejores colecciones de matrices calcograficas del mundo. Su principal tesoro son las planchas de cobre grabadas al aguafuerte por Francisco de Goya_ obras cumbres de la historia universal del grabado.,Abierto con el mismo horario que la exposicion temporal. En ausencia de exposiciones temporales_ consultar en la taquilla del museo_ telefonicamente o en la web.,Sala de exposiciones temporales_ Gabinete de Francisco de Goya y biblioteca de referencia.,Metro: Sol (lineas 1_ 2_ 3)_ Sevilla (linea 2).  Bus: 002_ 15_ 150_ 20_ 5_ 53_ M1_ 51_ 46_ 146.  Cercanias Renfe: Sol (lineas C3 y C4).  Bicimad: Estaciones 1a y 1b (Puerta del Sol_ 1) y 28 (calle Alcala_ 27).  Aparcamiento: Sevilla (41)_ calle Sevilla y calle Alcala.,NOConocido,http://www.madrid.es/sites/v/index.jsp?vgnextchannel=bfa48ab43d6bb410VgnVCM100000171f5a0aRCRD&vgnextoid=7169ef4d7f71c010VgnVCM1000000b205a0aRCRD,CALLE ALCALA,CalleAlcalaNum4341,13,Madrid,https://wikidata.org/entity/Q2807,Community of Madrid,https://wikidata.org/entity/Q5756,28014,28014N9192,Sol,https://wikidata.org/entity/Q2465181,Centro,https://wikidata.org/entity/Q1763376,40.41764548040709,41764548040709N1253,-3.700667044636178,915 240 864,calcografianacional.archivo@rabasf.org,Museos,NoIdentificado,Noidentificado,NOConocido,NOConocido,NOConocido
Spanish Museum,https://wikidata.org/entity/Q55188818,2084,Museo De Cera,NOConocido,Horario de verano (Mayo a Septiembre)  Taquilla: 11 a 20 horas Publico:  11 a 20:30 horas  Horario de invierno (Octubre a Abril)  Taquilla: de 11 a 18:30 horas Publico: de 11 a 19 horas,NOConocido,Metro: Colon (linea 4)  Bus: 14_ 150_ 27_ 45_ 5_ 53_ 21_ 37  Cercanias Renfe: Recoletos (lineas C1_ C2_ C7_ C10)  Bicimad: Estacion 10 (Calle Marques de la Ensenada_ 16)  Parking: Colon (2)_ Plaza de Colon s/n,NOConocido,http://www.madrid.es/sites/v/index.jsp?vgnextchannel=bfa48ab43d6bb410VgnVCM100000171f5a0aRCRD&vgnextoid=9689ef4d7f71c010VgnVCM1000000b205a0aRCRD,PASEO RECOLETOS,PaseoRecoletosNum72813,41,Madrid,https://wikidata.org/entity/Q2807,Community of Madrid,https://wikidata.org/entity/Q5756,28004,28004N10132,Justicia,https://wikidata.org/entity/Q1992319,Centro,https://wikidata.org/entity/Q1763376,40.424403779665376,424403779665376N7650,-3.6914362030084815,913 199 330,info@museoceramadrid.com,Museos,NoIdentificado,Noidentificado,NOConocido,NOConocido,NOConocido
Spanish Museum,https://wikidata.org/entity/Q55188818,2071,Museo De Escultura Al Aire Libre De La Castellana,El Museo de Escultura al Aire Libre de La Castellana_ esta situado bajo el paso elevado que une las calles de Juan Bravo y Eduardo Dato_ contiene una excelente coleccion de escultura abstracta española.,Entrada libre. Espacio urbano abierto Abierto 24 horas al dia los 365 dias del año.,NOConocido,Transporte publico mas proximo   Metro: Ruben Dario (linea 5)  Bus: 5_ 14_ 27_ 45_ 150  BICIMAD: Estacion 142 (Paseo de la Castellana n&amp;ordm;42),NOConocido,http://www.madrid.es/sites/v/index.jsp?vgnextchannel=bfa48ab43d6bb410VgnVCM100000171f5a0aRCRD&vgnextoid=eca9ef4d7f71c010VgnVCM1000000b205a0aRCRD,PASEO CASTELLANA,PaseoCastellanaNum63064,40,Madrid,https://wikidata.org/entity/Q2807,Community of Madrid,https://wikidata.org/entity/Q5756,28046,28046N60097,Castellana,https://wikidata.org/entity/Q4781,Salamanca,https://wikidata.org/entity/Q1773521,40.433219398671156,433219398671156N7379,-3.6876122680805956,915 885 921,mmacmdifusion@madrid.es,MonumentosEdificiosArtisticos,NoIdentificado,Noidentificado,NOConocido,NOConocido,NOConocido
Spanish Museum,https://wikidata.org/entity/Q55188818,2054,Museo De Historia De Madrid,Fue creado como museo municipal en 1929 y rebautizado como Museo de Historia de Madrid en 2007. En el año 2014 se hace una profunda remodelacion y reabre sus puertas con un montaje moderno y una puesta al dia de sus colecciones.,De martes a domingos de 10 a 20 horas.  Verano: de martes a domingos de 10 a 19 horas.  Cerrado: lunes y los dias 1 y 6 de enero_ 1 de mayo_  24_ 25 y 31 de diciembre.   El desalojo de las salas se hara diez minutos antes del cierre.,Biblioteca de investigacion Servicio de documentacion Guardarropa Zona wifi,Metro: Tribunal_ Bilbao y Alonso Martinez. Bus: 3_ 21_ 37_ 40_ 147 y 149. BICIMAD: Estacion 54 (Calle Barcelo 7) Aparcamiento publico: Barcelo.,Accesibilidad fisica:   Rampa de acceso a la entrada. Ascensores. Aseos adaptados. Silla de ruedas.,http://www.madrid.es/sites/v/index.jsp?vgnextchannel=bfa48ab43d6bb410VgnVCM100000171f5a0aRCRD&vgnextoid=8f3079262ef5d010VgnVCM1000000b205a0aRCRD,CALLE FUENCARRAL,CalleFuencarralNum48250,78,Madrid,https://wikidata.org/entity/Q2807,Community of Madrid,https://wikidata.org/entity/Q5756,28004,28004N95828,Justicia,https://wikidata.org/entity/Q1992319,Centro,https://wikidata.org/entity/Q1763376,40.42577054821346,42577054821346N8792,-3.700845660719608,917 011 863,smuseosm@madrid.es,MonumentosEdificiosArtisticos,NoIdentificado,Noidentificado,NOConocido,NOConocido,NOConocido
Spanish Museum,https://wikidata.org/entity/Q55188818,4545827,Museo De Historia De La Comunidad Judia De Madrid,NOConocido,NOConocido,Visitas guiadas   Para realizar las  visitas tiene que solicitarse previamente en el correo electronico info@cjmadrid.org_ aportando nombre_ apellidos y Documento Nacional de Identidad.,Metro: Iglesia (linea 1).  Bus: 16_ 61_ 3_ 37_ 149.  Bicimad: Estacion 246 (calle Santa Engracia_ 87).,NOConocido,http://www.madrid.es/sites/v/index.jsp?vgnextchannel=bfa48ab43d6bb410VgnVCM100000171f5a0aRCRD&vgnextoid=8f2a4a659ee71110VgnVCM1000000b205a0aRCRD,CALLE BALMES,CalleBalmesNum32960,3,Madrid,https://wikidata.org/entity/Q2807,Community of Madrid,https://wikidata.org/entity/Q5756,28010,28010N76452,Trafalgar,https://wikidata.org/entity/Q10384027,Chamberi,https://wikidata.org/entity/Q1763370,40.43534317115623,43534317115623N855,-3.700013620203689,915 913 131,info@cjmadrid.org,Museos,NoIdentificado,Noidentificado,NOConocido,NOConocido,NOConocido
Spanish Museum,https://wikidata.org/entity/Q55188818,2095,Museo De Mineralogia,Presenta colecciones de minerales clasificados por su composicion quimica y vitrinas murales con ejemplares de exhibicion procedentes de todo el mundo.,Martes_ miercoles y jueves_ de 12:30 a 14:30 horas Visitas guiadas o a otras horas_ concertando previamente en el telefono 913 974 132.,NOConocido,Renfe: Cantoblanco Universidad,NOConocido,http://www.madrid.es/sites/v/index.jsp?vgnextchannel=bfa48ab43d6bb410VgnVCM100000171f5a0aRCRD&vgnextoid=255aef4d7f71c010VgnVCM1000000b205a0aRCRD,CALLE FRANCISCO TOMAS Y VALIENTE,CalleFranciscoTomasYValienteNum51339,7,Madrid,https://wikidata.org/entity/Q2807,Community of Madrid,https://wikidata.org/entity/Q5756,28049,28049N90867,El-goloso,https://wikidata.org/entity/Q10271137,Fuencarral-El-Pardo,https://wikidata.org/entity/Q656196,40.54537941407227,54537941407227N9689,-3.6951833197962536,914 974 132,museo.mineralogia@uam.es,Museos,NoIdentificado,Noidentificado,NOConocido,NOConocido,NOConocido
Spanish Museum,https://wikidata.org/entity/Q55188818,2112,Museo De San Isidro. Los Origenes De Madrid,Este espacio museografico propone un viaje por la historia de la ciudad de Madrid desde la Prehistoria hasta el establecimiento de la Corte_ a traves de distintas salas como la de San Isidro_ el Patio renacentista_ el Jardin arqueobotanico o el Almacen visitable.,De martes a domingo y festivos de 10 a 20 horas.  Último pase de visita 15 minutos antes del cierre.    Verano_ del 16 de junio al 15 de septiembre: de martes a domingo de 10 a 19 horas.  Cerrado todos los lunes_ el 1 y 6 de enero_ el 1 de mayo y los dias 24_ 25 y 31 de diciembre.,Sala de investigadores. Biblioteca especializada en arqueologia e historia madrileña. Archivo documental. Almacen visitable con mas de 600 piezas arqueologicas. Jardin arqueobotanico_ con informacion documentada sobre las especies de la ciudad.  Investigadores: los fondos del Museo estan a disposicion de la comunidad cientifica y los investigadores podran acceder tramitando su correspondiente solicitud. Visitas guiadas por voluntarios culturales. Talleres didacticos para grupos escolares. Zona wifi (Almacen visitable y salon de actos),Metro: Latina _ Tirso de Molina Bus: 3 _ 17 _ 18 _ 23 _ 35 _ 60 _ 65 _ 148 BICIMAD: Estacion 38 (Carrera de San Francisco 1),NOConocido,http://www.madrid.es/sites/v/index.jsp?vgnextchannel=bfa48ab43d6bb410VgnVCM100000171f5a0aRCRD&vgnextoid=7b7aef4d7f71c010VgnVCM1000000b205a0aRCRD,PLAZA SAN ANDRES,PlazaSanAndresNum74770,1,Madrid,https://wikidata.org/entity/Q2807,Community of Madrid,https://wikidata.org/entity/Q5756,28005,28005N73529,Palacio,https://wikidata.org/entity/Q2136510,Centro,https://wikidata.org/entity/Q1763376,40.41207900253883,41207900253883N5426,-3.7108161027466378,913 667 415,museosanisidro@madrid.es,Museos,NoIdentificado,Noidentificado,NOConocido,NOConocido,NOConocido
Spanish Museum,https://wikidata.org/entity/Q55188818,85301,Museo De Sanidad E Higiene Publica,Con sede en el Instituto de Salud Carlos III_ ocupa las antiguas dependencias del Laboratorio de Microbiologia del Hospital del Rey. 300 m2 conservados tal cual su antiguo uso_ con fondos de mobiliario_ instrumental y bibliografia de los antiguos hospitales para enfermos infecciosos del complejo. Se resaltan hitos historicos relevantes en salud publica mediante laminas enmarcadas.,Solo visitas de grupo con cita previa: de lunes a viernes laborables_ de 10 a 14 horas.,Solicitud cita previa en telefono 918 222 414 o museodesanidad@isciii.es,Metro: Chamartin (lineas 1_ 10)_ Plaza de Castilla (1_ 9_ 10)  Bus: 134_ 137  Renfe: Chamartin,NOConocido,http://www.madrid.es/sites/v/index.jsp?vgnextchannel=bfa48ab43d6bb410VgnVCM100000171f5a0aRCRD&vgnextoid=3e755c2cdc41c010VgnVCM2000000c205a0aRCRD,AVENIDA MONFORTE DE LEMOS,AvenidaMonforteDeLemosNum91920,5,Madrid,https://wikidata.org/entity/Q2807,Community of Madrid,https://wikidata.org/entity/Q5756,28029,28029N44096,La-paz,https://wikidata.org/entity/Q5869740,Fuencarral-El-Pardo,https://wikidata.org/entity/Q656196,40.47546597881768,47546597881768N385,-3.6900603941123107,918 222 414,museodesanidad@iscii.es,Museos,NoIdentificado,Noidentificado,NOConocido,NOConocido,NOConocido
Spanish Museum,https://wikidata.org/entity/Q55188818,4591873,Museo De La Biblioteca Nacional De España,El Museo de la Biblioteca Nacional de España_ antiguo Museo del Libro_ es responsable de la oferta educativa_ formativa_ cultural y de ocio de la institucion y divulga las colecciones_ funcionamiento e historia de la Biblioteca para todos los publicos.,Temporalmente cerrado. Consultar calendario de cierre.,NOConocido,Metro: Colon_ (linea 4)_ Retiro (Linea 2)  Bus: 14_ 150_ 27_ 37_ 45_ 5_ 53_ C03.  Cercanias Renfe: Recoletos (lineas C1_ C2_ C7_ C8  y C10).  Bicimad: Estacion 94 (Paseo Recoletos_ 20)  Aparcamiento: Colon (2)_ plaza de Colon.,NOConocido,http://www.madrid.es/sites/v/index.jsp?vgnextchannel=bfa48ab43d6bb410VgnVCM100000171f5a0aRCRD&vgnextoid=05920d3b4c503110VgnVCM2000000c205a0aRCRD,PASEO RECOLETOS,PaseoRecoletosNum54623,20,Madrid,https://wikidata.org/entity/Q2807,Community of Madrid,https://wikidata.org/entity/Q5756,28001,28001N63323,Recoletos,https://wikidata.org/entity/Q3814551,Salamanca,https://wikidata.org/entity/Q1773521,40.423001908945956,423001908945956N4271,-3.69084423390357,915 168 967,museo@bne.es,Museos,NoIdentificado,Noidentificado,NOConocido,NOConocido,NOConocido
Spanish Museum,https://wikidata.org/entity/Q55188818,4566286,Museo De La Catedral De La Almudena,NOConocido,De lunes a sabado de 10 a 14:30 horas. Cerrado los domingos_ fiestas de precepto y dias de actos de culto especiales en la Catedral.,NOConocido,Bus: 3.  Metro: Ópera (Lineas 2_ 5 y Ramal Ópera Principe Pio).  Bicimad: Estacion 36 (plaza Ramales_ 1).,Imprescindible reserva previa en  reservasmuseo@catedraldelaalmudena.es o telefono 915 592 874,http://www.madrid.es/sites/v/index.jsp?vgnextchannel=bfa48ab43d6bb410VgnVCM100000171f5a0aRCRD&vgnextoid=82cb8d0e78d22110VgnVCM1000000b205a0aRCRD,CALLE BAILEN,CalleBailenNum716,10,Madrid,https://wikidata.org/entity/Q2807,Community of Madrid,https://wikidata.org/entity/Q5756,28013,28013N6358,Palacio,https://wikidata.org/entity/Q2136510,Centro,https://wikidata.org/entity/Q1763376,40.415538770017406,415538770017406N2358,-3.7136931154460564,915 592 874,reservasmuseo@catedraldelaalmudena.es,Museos,NoIdentificado,Noidentificado,NOConocido,NOConocido,NOConocido
Spanish Museum,https://wikidata.org/entity/Q55188818,2073,Museo De La Farmacia Hispana,NOConocido,El Museo de la Farmacia Hispana solo puede visitarse realizando una reserva con antelacion.La visita es gratuita_ guiada y tiene una duracion aproximada de 1 hora y media. Se realizan durante el curso lectivo_ de lunes a viernes y en horario de mañana. El grupo no debe superar las 22 personas.,NOConocido,Metro: Ciudad Universitaria (linea 6).  Bus: 132_ 82_ G_ U.  Bicimad: Estaciones 258 y 259 (avenida de la Complutense (Metro Ciudad Universitaria).,NOConocido,http://www.madrid.es/sites/v/index.jsp?vgnextchannel=bfa48ab43d6bb410VgnVCM100000171f5a0aRCRD&vgnextoid=58f9ef4d7f71c010VgnVCM1000000b205a0aRCRD,PLAZA RAMON Y CAJAL,PlazaRamonYCajalNum85756,NOConocido,Madrid,https://wikidata.org/entity/Q2807,Community of Madrid,https://wikidata.org/entity/Q5756,28040,28040N43113,Ciudad-universitaria,https://wikidata.org/entity/Q3319235,Moncloa-Aravaca,https://wikidata.org/entity/Q2017682,40.4445328804645,4445328804645N3946,-3.7262160043788155,913 941 797,museofar@ucm.es,Museos,NoIdentificado,Noidentificado,NOConocido,NOConocido,NOConocido
Spanish Museum,https://wikidata.org/entity/Q55188818,2107,Museo De La Guardia Civil,NOConocido,Horario: de lunes a viernes de 9 a 14 horas. Cerrado_ sabados_ domingos y festivos.,NOConocido,Metro: Guzman el Bueno (lineas 6_ 7). Bus: 2_ 45_ 44. Bicimad: Estaciones 256 (calle Beatriz de Bobadilla_ 2) y 203 (calle General Ampudia_ 2).,NOConocido,http://www.madrid.es/sites/v/index.jsp?vgnextchannel=bfa48ab43d6bb410VgnVCM100000171f5a0aRCRD&vgnextoid=003aef4d7f71c010VgnVCM1000000b205a0aRCRD,CALLE GUZMAN EL BUENO,CalleGuzmanElBuenoNum60266,110,Madrid,https://wikidata.org/entity/Q2807,Community of Madrid,https://wikidata.org/entity/Q5756,28003,28003N44542,Vallehermoso,https://wikidata.org/entity/Q6122685,Chamberi,https://wikidata.org/entity/Q1763370,40.44438523242585,44438523242585N6417,-3.712300118990835,915 146 000,dg-estuhistoricos-registro@guardiacivil.org,Museos,NoIdentificado,Noidentificado,NOConocido,NOConocido,NOConocido
Spanish Museum,https://wikidata.org/entity/Q55188818,2114,Museo De La Real Academia De Bellas Artes De San Fernando,Construido inicialmente para palacio de Don Juan de Goyeneche_ el edificio fue adquirido por la Academia de Bellas Artes en 1773 y reformado bajo la direccion de Fernando Chueca Goitia en 1973 y la fachada por Diego de Villanueva en 1774.,Coleccion permanente:  De martes a domingos y festivos de 10 a 14 horas.  Cerrado: todos los lunes y el mes de agosto.   Exposiciones temporales: consultar el apartado especifico de la exposicion temporal. Dias cerrados: 1 y 6 de enero; 1 y 30 de mayo; 9 de noviembre; 24_ 25 y 31 de diciembre.  En periodos vacacionales pueden sufrir cambios.,Sala de exposiciones - Accesible a personas con minusvalia (fisica).,Metro: Sol (lineas 1_ 2_ 3)_ Sevilla (linea 2).  Bus: 002_ 15_ 150_ 20_ 5_ 53_ M1_ 51_ 46_ 146.  Cercanias Renfe: Sol (lineas C3 y C4).  Bicimad: Estaciones 1a y 1b (Puerta del Sol_ 1) y 28 (calle Alcala_ 27).  Aparcamiento: Sevilla (41)_ calle Sevilla y calle Alcala.,Visitas guiadas (no grupos): 25 personas maximo (suspendidas temporalmente).  Martes_ jueves y viernes no festivos a las 11 horas_ excepto Navidad_ Semana Santa y agosto.   Visitas para grupos a otras instalaciones diferentes del Museo: jueves no festivos a las 11:30 horas.  Gratuitas y guiadas a los centros escolares y asociaciones a cargo de voluntarios culturales del Museo.   Previa solicitud:   Visitas de grupo: museo.visitas@rabasf.org. Visitas privadas a museo cerrado:  actos.culturales@rabasf.org.  Cumplimentando formulario de peticion de reservas en la web.,http://www.madrid.es/sites/v/index.jsp?vgnextchannel=bfa48ab43d6bb410VgnVCM100000171f5a0aRCRD&vgnextoid=924aef4d7f71c010VgnVCM1000000b205a0aRCRD,CALLE ALCALA,CalleAlcalaNum58118,13,Madrid,https://wikidata.org/entity/Q2807,Community of Madrid,https://wikidata.org/entity/Q5756,28014,28014N26913,Sol,https://wikidata.org/entity/Q2465181,Centro,https://wikidata.org/entity/Q1763376,40.41765456031193,41765456031193N3434,-3.7006553517170633,915 240 864,museo@rabasf.org,MonumentosEdificiosArtisticos,NoIdentificado,Noidentificado,NOConocido,NOConocido,NOConocido
Spanish Museum,https://wikidata.org/entity/Q55188818,2066,Museo Del Ferrocarril De Madrid,Edificio de caracter monumental. Proyectada por el ingeniero frances Émile Cachelievre e inaugurada el 30 de marzo de 1880_ la estacion de Delicias fue la primera gran estacion con caracter definitivo de Madrid.,De octubre a mayo:   Lunes a viernes_ de 09:30 a 15:00 horas. Sabados y festivos_ de 10:00 a 19:00 horas. Domingo_ de 10:00 a 15:00 horas.   De junio a septiembre:   Lunes a domingo_ de 10 a 15 horas.   Cerrado: 25 de diciembre_ 1 y 6 de enero.,Mercado de Motores : segundo sabado y domingo del mes_ de 11 a 21 horas (excepto agosto). El Museo cierra en su actividad ordinaria y el acceso es gratuito (www.mercadodemotores.es).    Feria del coleccionismo: primeros sabados de cada mes (excepto agosto) de 10 horas a 15 horas.  Mercadillo de Modelismo: primer domingo de cada mes (excepto el mes de agosto) de 10 a 14 horas.  Tren de jardin: todos los sabados_ de 11:30 a 13:30 horas (excepto julio y agosto).   Teatro familiar: sabados_ domingos y festivos_ a las 11:30 y 13 horas (excepto julio y agosto).,Metro: Delicias (linea 3).  Bus: 19_ 247_ 45_ 47_ 59_ 85_ 86_ 8_ 55_ 6.  Cercanias Renfe: Delicias (lineas C1_ C7_ C10 y Regional).  Bicimad: Estacion 172 (Bustamante_ 1).,NOConocido,http://www.madrid.es/sites/v/index.jsp?vgnextchannel=bfa48ab43d6bb410VgnVCM100000171f5a0aRCRD&vgnextoid=091c4291ae91f010VgnVCM2000000c205a0aRCRD,PASEO DELICIAS,PaseoDeliciasNum21819,61,Madrid,https://wikidata.org/entity/Q2807,Community of Madrid,https://wikidata.org/entity/Q5756,28045,28045N91178,Las-delicias,https://wikidata.org/entity/Q3773736,Arganzuela,https://wikidata.org/entity/Q2000929,40.400281290485566,400281290485566N3660,-3.693817192160563,915 390 085,NOConocido,MonumentosEdificiosArtisticos,NoIdentificado,Noidentificado,NOConocido,NOConocido,NOConocido
Spanish Museum,https://wikidata.org/entity/Q55188818,2058,Museo Del Prado,Construido inicialmente como Museo de Ciencias Naturales_ este edificio neoclasico fue transformado en pinacoteca de las Colecciones Reales en 1818 con colecciones de pintura_ dibujos_ grabados_ monedas y medallas desde el Romanico hasta el siglo XIX.,De lunes a sabado_ de 10 a 20 horas Domingos y festivos_ de 10 a 17 horas Cerrado los dias 1 de enero_ 1 de mayo y 25 de diciembre Horario reducido_ de 10 a 14 horas_ los dias 6 de enero_ 24 y 31 de diciembre Horario gratuito_ de lunes a sabado_ de 18 a 20 horas; domingos y festivos_ de 15 a 17 horas,NOConocido,Metro: Estacion del Arte (Atocha) (linea 1)_ Banco de España (linea 2)_ Retiro (linea 2)  Bus: 10_ 14_ 27_ 34_ 37_ 45  Renfe: Atocha  Bicimad: Estacion 68 (calle Espalter_ 1),Arquitecto: Juan de Villanueva (1785 - 1808)  Adecuacion: Antonio Lopez Aguado (1818 - 1831)  Ampliacion: Rafael Moneo (2000 - 2007),http://www.madrid.es/sites/v/index.jsp?vgnextchannel=bfa48ab43d6bb410VgnVCM100000171f5a0aRCRD&vgnextoid=060079262ef5d010VgnVCM1000000b205a0aRCRD,CALLE RUIZ DE ALARCON,CalleRuizDeAlarconNum4694,23,Madrid,https://wikidata.org/entity/Q2807,Community of Madrid,https://wikidata.org/entity/Q5756,28014,28014N67039,Jeronimos,https://wikidata.org/entity/Q10306766,Retiro,https://wikidata.org/entity/Q2002296,40.41358458131178,41358458131178N3083,-3.691325445518223,913 302 800,NOConocido,Museos,NoIdentificado,Noidentificado,NOConocido,NOConocido,NOConocido
Spanish Museum,https://wikidata.org/entity/Q55188818,2086,Museo Del Reloj Grassy,Arquitecto: Eladio Laredo Carranza (1916 - 1917). Fundado por el relojero frances Grassy en 1955_ este museo narra la historia de este aparato de medicion. Sus fondos_ coleccion privada_ consta de una amplia y variada coleccion de diferentes nacionalidades y los mas variados estilos.,El museo esta temporalmente cerrado.,NOConocido,Metro: Banco de España (linea 2)_ Sevilla (linea 2)_ Gran Via (Lineas 1 y 5).  Bus: 52_ 9_ 00_ 1_ 146_ 2_ 3_ 46_ 74_ 15_ 150_ 20_ 5_ 53_ 51.  Bicimad: Estacion 28 (calle Alcala_ 27).  Aparcamiento: Plaza del Rey (54).,NOConocido,http://www.madrid.es/sites/v/index.jsp?vgnextchannel=bfa48ab43d6bb410VgnVCM100000171f5a0aRCRD&vgnextoid=daeaef4d7f71c010VgnVCM1000000b205a0aRCRD,CALLE GRAN VIA,CalleGranViaNum48470,1,Madrid,https://wikidata.org/entity/Q2807,Community of Madrid,https://wikidata.org/entity/Q5756,28013,28013N18227,Cortes,https://wikidata.org/entity/Q2535637,Centro,https://wikidata.org/entity/Q1763376,40.41914770731552,41914770731552N7131,-3.69806583195521,915 321 007,NOConocido,Museos,NoIdentificado,Noidentificado,NOConocido,NOConocido,NOConocido
Spanish Museum,https://wikidata.org/entity/Q55188818,2059,Museo Del Romanticismo,NOConocido,Horario de invierno (de noviembre a abril) De martes a sabado: de 9:30 a 18:30. Domingos y festivos: de 10 a 15 horas  Horario de verano (de mayo a octubre) De martes a sabado: de 9:30 a 20:30. Domingos y festivos: de 10 a 15 horas  Cerrado: Todos los lunes_ 1 y 6 enero_ 1 mayo_ 9 noviembre_ 24_ 25 y 31 diciembre,Acceso para personas de movilidad reducida_ audioguias_ signoguias_ bucle magnetico_ lupas de aumento,Metro: Tribunal (lineas 1_ 10)_ Alonso Martinez (lineas 4_ 5_ 10)  Bus: 37_ 149_ 42_ 3  Renfe: Recoletos  Bicimad: Estacion 7 (calle Hortaleza_ 75) / Estacion 54 (calle Barcelo_ 7)  Parking: Barcelo (69)_ C/ Barcelo_ s/n,Descripcion monumental  Construido para casa palacio del Marques de Matallana por el arquitecto Manuel Rodriguez_ dentro de unas lineas clasicistas_ tiene algunas leves reminiscencias del barroco_ como las molduras en forma de orejeras en los balcones. Las estancias nobles se organizan en torno a dos patios cuadrados. Conserva un interesante jardin romantico. A finales del siglo XVIII el inmueble paso a estar habitado por los Condes de la Puebla del Maestre y despues_ desde junio de 1921_ fue sede de la Comisaria Regia de Turismo_ organismo creado por el II Marques de la Vega-Inclan. En 1924 se convirtio en Museo Romantico y desde entonces ha sido restaurado e intervenido en diversas ocasiones con motivo de su funcionamiento como museo.  Desde 2001 a 2009 el Museo fue reformado y puesto a punto_ en aplicacion de un plan museologico consistente en su renovacion_ ampliando su ambito tematico desde lo meramente literario hasta lo historico_ politico_ artistico y decorativo_ para dar una vision de conjunto de esta etapa de la vida española. Muestra la ambientacion de una casa romantica. Posee obras de los pintores mas importantes del siglo XIX (Goya_ Madrazo y otros) junto a esculturas_ muebles_ porcelanas_ abanicos y todo tipo de complementos decorativos que nos recuerdan la forma de vida de una familia burguesa del siglo XIX.,http://www.madrid.es/sites/v/index.jsp?vgnextchannel=bfa48ab43d6bb410VgnVCM100000171f5a0aRCRD&vgnextoid=706cef4d7f71c010VgnVCM1000000b205a0aRCRD,CALLE SAN MATEO,CalleSanMateoNum56892,13,Madrid,https://wikidata.org/entity/Q2807,Community of Madrid,https://wikidata.org/entity/Q5756,28004,28004N28693,Justicia,https://wikidata.org/entity/Q1992319,Centro,https://wikidata.org/entity/Q1763376,40.42585510296794,42585510296794N5974,-3.6987835425963063,914 481 045,informacion.romanticismo@cultura.gob.es,Museos,NoIdentificado,Noidentificado,NOConocido,NOConocido,NOConocido
Spanish Museum,https://wikidata.org/entity/Q55188818,6337393,Museo Del Seguro. Fundacion Mapfre,Ubicado en el edificio de Fundacion MAPFRE exhibe una amplia coleccion de piezas relacionadas con la historia de la actividad aseguradora desde el siglo XVIII hasta nuestros dias. Ofrece visitas guiadas y gratuitas para grupos.,Visitas en grupo previa reserva en su web.,NOConocido,Metro: Colon (linea 4).  Bus: 37_ 14_ 150_ 27_ 45_ 5_ 53_ C03.  Cercanias Renfe: Recoletos (Lineas C1_ C2_ C7_ C8_ C10).  Bicimad: Estaciones 26 (plaza de las Salesas_ 7) y 94 (paseo Recoletos_ 20).  Aparcamiento: Garaje Piamonte (96)_ calle Piamonte_ 16.,NOConocido,http://www.madrid.es/sites/v/index.jsp?vgnextchannel=bfa48ab43d6bb410VgnVCM100000171f5a0aRCRD&vgnextoid=479b95f8c72d5310VgnVCM2000000c205a0aRCRD,CALLE BARBARA DE BRAGANZA,CalleBarbaraDeBraganzaNum85222,14,Madrid,https://wikidata.org/entity/Q2807,Community of Madrid,https://wikidata.org/entity/Q5756,28004,28004N7717,Justicia,https://wikidata.org/entity/Q1992319,Centro,https://wikidata.org/entity/Q1763376,40.42326356132727,42326356132727N7295,-3.6922850587679505,NOConocido,NOConocido,Museos,NoIdentificado,Noidentificado,NOConocido,NOConocido,NOConocido
Spanish Museum,https://wikidata.org/entity/Q55188818,2115,Museo Del Traje. Centro De Investigacion Del Patrimonio Etnologico (cipe),Edificio de caracter monumental_ construido por Jaime Lopez de Asiain en 1969.,Salas de exposiciones   Martes a sabado_ de 9:30 a 19:00 horas Domingos y festivos_ de 10 a 15:00 horas  La taquilla finaliza su actividad de venta de entradas 15 minutos antes de la hora del cierre de la exposicion.  Noches de verano - Verano en el Museo   Los jueves de julio y agosto_ apertura extraordinaria: 9:30 - 22:30 horas  Cerrado: lunes_ 1 enero_ 1 y 15 mayo_ 24_ 25 y 31 diciembre,NOConocido,Metro: Ciudad Universitaria (linea 6)  Bus: 46_ 160_ 161_ U_ 82_ G_ 132_ 83_ 133_ 162,NOConocido,http://www.madrid.es/sites/v/index.jsp?vgnextchannel=bfa48ab43d6bb410VgnVCM100000171f5a0aRCRD&vgnextoid=053c4291ae91f010VgnVCM2000000c205a0aRCRD,AVENIDA JUAN DE HERRERA,AvenidaJuanDeHerreraNum7701,2,Madrid,https://wikidata.org/entity/Q2807,Community of Madrid,https://wikidata.org/entity/Q5756,28040,28040N55082,Ciudad-universitaria,https://wikidata.org/entity/Q3319235,Moncloa-Aravaca,https://wikidata.org/entity/Q2017682,40.439657822278555,439657822278555N1891,-3.7278378564088275,915 504 700,NOConocido,Museos,NoIdentificado,Noidentificado,NOConocido,NOConocido,NOConocido
Spanish Museum,https://wikidata.org/entity/Q55188818,2061,Palacio Real De El Pardo,Recinto en el que se conserva el Palacio_ construido sobre el castillo del siglo XV_ la Casita del Principe_ del siglo XVIII y la Quinta del Duque de Arco (Palacete que fue Casa de Labor y sus tierras). Desde 1983 ha sido adecuado para residencia de Jefes de Estado extranjeros en visita oficial.,Consultar la  web  o telefonicamente.,NOConocido,Bus: 601 (Madrid - Colonia Mingorrubio).,NOConocido,http://www.madrid.es/sites/v/index.jsp?vgnextchannel=bfa48ab43d6bb410VgnVCM100000171f5a0aRCRD&vgnextoid=9f9def4d7f71c010VgnVCM1000000b205a0aRCRD,CALLE MANUEL ALONSO,CalleManuelAlonsoNum1834,8,Madrid,https://wikidata.org/entity/Q2807,Community of Madrid,https://wikidata.org/entity/Q5756,28048,28048N20406,El-pardo,https://wikidata.org/entity/Q3314337,Fuencarral-El-Pardo,https://wikidata.org/entity/Q656196,40.520522342970146,520522342970146N2532,-3.7762390614462853,914 548 700,info@patrimonionacional.es,MonumentosEdificiosArtisticos,NoIdentificado,Noidentificado,NOConocido,NOConocido,NOConocido
Spanish Museum,https://wikidata.org/entity/Q55188818,2062,Palacio Real De Madrid,Construido sobre el solar del antiguo Alcazar tras un incendio en 1734. Proyectado por Juvara en 1735 y construido por Sachet de 1738 a 1764 bajo las influencias del clasicismo barroco. A partir de 1770_ Sabatini añadio el ala sudeste y realizo la gran escalera. Es de destacar el gran patio que articula el edificio y la fachada principal que aloja el balcon y Escudo Real.,Lunes a sabado_ de 10 a 18 horas. Domingos y festivos_ de 10 a 16 horas.  Para cierres durante el año o motivados por la celebracion de actos oficiales o festividad en el municipio consultar la web.  Jardines del Campo del Moro   Todos los dias_ de 10 a 18 horas.,Relevo solemne de la Guardia en el Palacio Real de Madrid  La Guardia Real realiza este relevo los primeros miercoles de cada mes_ a las 12 horas (excepcionalmente puede haber cambios_ consultar en http://www.guardiareal.org/. El acto tiene una duracion aproximada de 50 minutos_ y se desarrolla en la Plaza de la Armeria_ finalizando con un concierto de la Unidad de Musica en la Puerta del Principe (calle Bailen). La entrada es libre y gratuita_ hasta completar aforo. Se accede por el Arco de Santiago (calle Bailen esquina con Requena). No se celebra en enero_ agosto y septiembre_ ni cuando coincide con actos oficiales.   Relevo de la Guardia en la Puerta del Principe del Palacio Real de Madrid  El acto se lleva a cabo todos los miercoles y sabados del mes_ desde las 11 hasta las 14 horas_ exceptuando del 19 de junio al 18 de septiembre que sera desde las 10 hasta las 12 horas_ siempre y cuando los actos oficiales o la climatologia lo permitan. Tiene lugar en la calle Bailen.,Metro: Ópera (lineas 2_ 5 y Ramal Ópera Norte).  Bus: 3_ 25_ 39_ 148.  Cercanias: Principe Pio.  Bicimad: Estacion 36 (Plaza de Ramales_ 1).,NOConocido,http://www.madrid.es/sites/v/index.jsp?vgnextchannel=bfa48ab43d6bb410VgnVCM100000171f5a0aRCRD&vgnextoid=47ddef4d7f71c010VgnVCM1000000b205a0aRCRD,CALLE BAILEN,CalleBailenNum79594,NOConocido,Madrid,https://wikidata.org/entity/Q2807,Community of Madrid,https://wikidata.org/entity/Q5756,28013,28013N92418,Palacio,https://wikidata.org/entity/Q2136510,Centro,https://wikidata.org/entity/Q1763376,40.42075212551193,42075212551193N6775,-3.712699107286406,914 548 700,info@patrimonionacional.es,MonumentosEdificiosArtisticos,NoIdentificado,Noidentificado,NOConocido,NOConocido,NOConocido
Spanish Museum,https://wikidata.org/entity/Q55188818,2079,Panteon De Hombres Ilustres,La construccion de este edificio responde a dos de las constantes de fines de siglo: la arquitectura historicista y la escultura funeraria. En el reposan trece personajes ilustres de la historia politica y militar española.,De martes a sabado de 10 a 14 y de 16 a 18:30 horas Domingos y festivos de 10 a 15 horas Cerrado todos los lunes del año,NOConocido,Metro: Estacion del Arte (Atocha) (linea 1)  Bus: 10_ 14_ 24_ 32_ 37_ 54_ 57_ 141_ 26_ C1_ C2_ 102  Renfe: Atocha,NOConocido,http://www.madrid.es/sites/v/index.jsp?vgnextchannel=bfa48ab43d6bb410VgnVCM100000171f5a0aRCRD&vgnextoid=361cef4d7f71c010VgnVCM1000000b205a0aRCRD,CALLE JULIAN GAYARRE,CalleJulianGayarreNum71589,3,Madrid,https://wikidata.org/entity/Q2807,Community of Madrid,https://wikidata.org/entity/Q5756,28014,28014N91881,Pacifico,https://wikidata.org/entity/Q3773753,Retiro,https://wikidata.org/entity/Q2002296,40.40622617519116,40622617519116N6411,-3.683413041846525,914 548 700,info@patrimonionacional.es,MonumentosEdificiosArtisticos,NoIdentificado,Noidentificado,NOConocido,NOConocido,NOConocido
Spanish Museum,https://wikidata.org/entity/Q55188818,3362,Parroquia Santa Cruz,NOConocido,NOConocido,NOConocido,Metro: Sol (lineas 1_ 2 y 3)_ Tirso de Molina (linea 1).  Bus: 50_ 26_ 32_ 6_ 65_ 18_ 23_ 17_ 002_ M1_ 31.  Cercanias Renfe: Sol (lineas C3_C4 y Regional).  Bicimad: Estaciones 32 (plaza de la Provincia_ 1)_ 34 (plaza de Jacinto Benavente)_ 40 (plaza del Conde Romanones_ 9).  Aparcamientos: Plaza Mayor (55) y Jacinto Benavente (15) plaza Jacinto Benavente.,NOConocido,http://www.madrid.es/sites/v/index.jsp?vgnextchannel=bfa48ab43d6bb410VgnVCM100000171f5a0aRCRD&vgnextoid=40e0b069a541f010VgnVCM1000000b205a0aRCRD,CALLE ATOCHA,CalleAtochaNum90967,6,Madrid,https://wikidata.org/entity/Q2807,Community of Madrid,https://wikidata.org/entity/Q5756,28012,28012N76362,Sol,https://wikidata.org/entity/Q2465181,Centro,https://wikidata.org/entity/Q1763376,40.414608558946085,414608558946085N5722,-3.705255882048698,913 691 239,santacruz@archimadrid.es,MonumentosEdificiosArtisticos,NoIdentificado,Noidentificado,NOConocido,NOConocido,NOConocido
Spanish Museum,https://wikidata.org/entity/Q55188818,2213,Planetario De Madrid,Inaugurado el 29 de septiembre de 1986_ es un centro dependiente del Área de Cultura_ Turismo y Deporte del Ayuntamiento de Madrid. Durante los años 2016/2017 fue sometido a una profunda renovacion tanto tecnologica como de las instalaciones y edificio_ posible en virtud de un acuerdo de colaboracion entre el Ayuntamiento de Madrid y la Obra Social &amp;ldquo;la Caixa&amp;rdquo; &amp;ndash; que incluye dotacion de contenidos_ renovacion de exposiciones y la realizacion de actividades varias en el campo de la divulgacion cientifica. Siempre con el fin de contribuir a la difusion de la astronomia y de la ciencia en general_ tanto entre escolares como entre el publico de cualquier edad y condicion_ posee una variada oferta de proyecciones audiovisuales_ exposiciones y actividades (talleres_ cursos_ conferencias_ observaciones publicas...). Las proyecciones que se ofrecen en el Planetario de Madrid se renuevan periodicamente y tienen una duracion aproximada de 30 minutos. Existen dos programaciones basicas diferentes: una activa durante el verano y epoca de vacaciones escolares_ y otra durante el curso escolar. Durante el curso escolar_ las proyecciones de las mañanas de los dias lectivos se reservan a escolares.   Video de presentacion del centro   Folleto informativo (PDF)  Planetario en  Google Maps,Horario del centro (curso escolar 2021-22_ adaptacion a CoviD-19): De martes a domingo_ de 10:00 a 13:30 y de 17:00 (*) a 19:30.  Acceso permitido solo a publico con entradas ya adquiridas. Visita pautada.  Cerrado: Todos los lunes del año. Dias 1 y 6 de enero; 1 de mayo; 24_ 25 y 31 de diciembre. (*) Viernes_ de 17:30 a 19:30 h.,Sala de Proyeccion. Planta calle. Para acceder a ella es necesario adquirir una entrada.   Cuatro areas expositivas de acceso gratuito_ distribuidas en dos plantas:   Sala de Astronomos. Planta baja. Vestibulo de la planta baja. Vestibulo de la planta calle. Zona Audiovisual con pantalla de retroproyeccion. Planta calle.      Sala de Video. Planta baja_ en donde se desarrollan los talleres ofertados.,Metro: Mendez Álvaro (linea 6). Bus: 148_ 156. BICIMAD: Estacion 177 (Calle Bolivar 3).  Planetario en  Google Maps,NOConocido,http://www.madrid.es/sites/v/index.jsp?vgnextchannel=bfa48ab43d6bb410VgnVCM100000171f5a0aRCRD&vgnextoid=c9c5b069a541f010VgnVCM1000000b205a0aRCRD,AVENIDA PLANETARIO,AvenidaPlanetarioNum95947,16,Madrid,https://wikidata.org/entity/Q2807,Community of Madrid,https://wikidata.org/entity/Q5756,28045,28045N26564,Legazpi,https://wikidata.org/entity/Q3773990,Arganzuela,https://wikidata.org/entity/Q2000929,40.392279999540044,392279999540044N9458,-3.684956957448299,914 673 461,buzon@planetmad.es,Planetarios,NoIdentificado,Noidentificado,NOConocido,NOConocido,NOConocido
Spanish Museum,https://wikidata.org/entity/Q55188818,3359,Real Basilica San Francisco El Grande,Conjunto conventual que sustituyo al monasterio franciscano medieval_ construido por Francisco de las Cabezas entre 1761 y 1768_ que fue relevado por Antonio Polo y que concluye Francisco Sabatini en 1784 donde se exponen colecciones de pinturas de los siglos XVII al XIX.,Visita Guiada Museo:    De martes a viernes de 10:30 a 12:30 y de 16 a 18 horas.  Julio_ agosto y septiembre: de martes a viernes de 10:30 a 12:30 y de 17 a 19 horas.   Sabados de 10:30 a 12:30 y de 16 a 18 horas (entrada libre sin guia).,NOConocido,Metro: La Latina (linea 5) _ Puerta de Toledo (linea 5).  Bus: 002_ 17_ 18_ 23_ 35_ 60.  Bicimad: Estacion 37 (Plaza San Francisco_ 5).  Aparcamiento: Parking VOT (97)_ Ventosa.,NOConocido,http://www.madrid.es/sites/v/index.jsp?vgnextchannel=bfa48ab43d6bb410VgnVCM100000171f5a0aRCRD&vgnextoid=ef8d0713fb71c010VgnVCM1000000b205a0aRCRD,CALLE SAN BUENAVENTURA,CalleSanBuenaventuraNum19873,1,Madrid,https://wikidata.org/entity/Q2807,Community of Madrid,https://wikidata.org/entity/Q5756,28005,28005N28243,Palacio,https://wikidata.org/entity/Q2136510,Centro,https://wikidata.org/entity/Q1763376,40.41084005024222,41084005024222N7004,-3.714503845728281,913 653 800,NOConocido,MonumentosEdificiosArtisticos,NoIdentificado,Noidentificado,NOConocido,NOConocido,NOConocido
Spanish Museum,https://wikidata.org/entity/Q55188818,2087,Real Fabrica De Tapices,NOConocido,Visitas guiadas: Lunes a viernes a las 10_ 11_ 12 y 13 horas en castellano. Duracion de la visita 40 minutos. Es obligatorio efectuar una reserva previa mediante el correo electronico visitasmuseo@realfabricadetapices.com.,NOConocido,Metro: Menendez Pelayo (linea 1).  Bus: 10_ 14_ 26_ 32_ C1_ C2_ 141_ 24_ 37_ 54_ 57_ 152.  Bicimad: Estacion 79 (avenida de menendez Pelayo_ 38).,NOConocido,http://www.madrid.es/sites/v/index.jsp?vgnextchannel=bfa48ab43d6bb410VgnVCM100000171f5a0aRCRD&vgnextoid=53cbff632081c010VgnVCM1000000b205a0aRCRD,CALLE FUENTERRABIA,CalleFuenterrabiaNum14271,2,Madrid,https://wikidata.org/entity/Q2807,Community of Madrid,https://wikidata.org/entity/Q5756,28014,28014N9526,Pacifico,https://wikidata.org/entity/Q3773753,Retiro,https://wikidata.org/entity/Q2002296,40.406087329011655,406087329011655N3387,-3.682515969574079,914 340 550,informacion@realfabricadetapices.com,MonumentosEdificiosArtisticos,NoIdentificado,Noidentificado,NOConocido,NOConocido,NOConocido
Spanish Museum,https://wikidata.org/entity/Q55188818,4707297,Real Monasterio De Santa Isabel,El Real Monasterio de Santa Isabel esta situado en Madrid_ dentro de la ciudad historica_ en una gran manzana_ proxima a Atocha. Santa Isabel agrupa dos fundaciones_ un colegio de niñas_ establecido por Felipe II_ y un convento de clausura de monjas agustinas recoletas_ fundado por la esposa de Felipe III_ doña Margarita de Austria. La arquitectura de la iglesia se debe a Gomez de Mora_ de mediados del siglo XVIII. En la clausura se conservan numerosas obras pictoricas de los siglos XVII y XVIII.,El acceso al templo solo es posible en horario de culto.,NOConocido,Metro: Estacion del Arte (Atocha) (linea 1)  Bus: 26_ 32_ 6_ 27_ 34_ C1  Renfe: Atocha,NOConocido,http://www.madrid.es/sites/v/index.jsp?vgnextchannel=bfa48ab43d6bb410VgnVCM100000171f5a0aRCRD&vgnextoid=545b544a249c6110VgnVCM1000000b205a0aRCRD,CALLE SANTA ISABEL,CalleSantaIsabelNum74262,48,Madrid,https://wikidata.org/entity/Q2807,Community of Madrid,https://wikidata.org/entity/Q5756,28012,28012N79380,Embajadores,https://wikidata.org/entity/Q2449844,Centro,https://wikidata.org/entity/Q1763376,40.41213027498252,41213027498252N7174,-3.6994547941964946,914 548 700,info@patrimonionacional.es,MonumentosEdificiosArtisticos,NoIdentificado,Noidentificado,NOConocido,NOConocido,NOConocido
Spanish Museum,https://wikidata.org/entity/Q55188818,3349,Real Monasterio De La Encarnacion,Edificio construido por Juan Gomez de Mora de 1611 a 1616 como monasterio anejo al Alcazar Real_ modelo de lo que se ha dado en llamar barroco madrileño. Cuenta con la reliquia de San Pantaleon.,Consultar horarios.,NOConocido,Metro: Ópera (lineas 2_ 5 y Ramal Ópera Principe Pio)_ Plaza de España (lineas 3_ 10)  Bus: 3_ 25_ 39_ 148  Bicimad: Estacion 25 a y b (Plaza Celenque_ 1),NOConocido,http://www.madrid.es/sites/v/index.jsp?vgnextchannel=bfa48ab43d6bb410VgnVCM100000171f5a0aRCRD&vgnextoid=72ad0713fb71c010VgnVCM1000000b205a0aRCRD,PLAZA ENCARNACION,PlazaEncarnacionNum22615,1,Madrid,https://wikidata.org/entity/Q2807,Community of Madrid,https://wikidata.org/entity/Q5756,28013,28013N17775,Palacio,https://wikidata.org/entity/Q2136510,Centro,https://wikidata.org/entity/Q1763376,40.41967800877382,41967800877382N7282,-3.711567962866152,914 548 700,info@patrimonionacional.es,MonumentosEdificiosArtisticos,NoIdentificado,Noidentificado,NOConocido,NOConocido,NOConocido
Spanish Museum,https://wikidata.org/entity/Q55188818,3348,Real Monasterio De Las Descalzas Reales,Convento fundado por la Princesa Juana de Austria_ transformando un antiguo palacio de su madre Isabel de Portugal.,Consultar la  web  o telefonicamente.,NOConocido,Metro: Ópera (lineas 2_ 5 y Ramal Ópera-Principe Pio).  Bus: 3_ 25_ 39_ 148.  Bicimad: Estacion 25 a y b (Plaza de Celenque).,NOConocido,http://www.madrid.es/sites/v/index.jsp?vgnextchannel=bfa48ab43d6bb410VgnVCM100000171f5a0aRCRD&vgnextoid=12e113db5b71c010VgnVCM1000000b205a0aRCRD,PLAZA DESCALZAS,PlazaDescalzasNum24115,3,Madrid,https://wikidata.org/entity/Q2807,Community of Madrid,https://wikidata.org/entity/Q5756,28013,28013N64786,Sol,https://wikidata.org/entity/Q2465181,Centro,https://wikidata.org/entity/Q1763376,40.418233359889484,418233359889484N1492,-3.706213134639163,914 548 700,info@patrimonionacional.es,MonumentosEdificiosArtisticos,NoIdentificado,Noidentificado,NOConocido,NOConocido,NOConocido
Spanish Museum,https://wikidata.org/entity/Q55188818,20605,Templo De Debod,Templo egipcio dedicado a Amon de Debod y a Isis_ construido entre 185 AC y el siglo I de la Era. Fue donado por Egipto a España en 1968_ en agradecimiento por la ayuda en el salvamento de los templos de Abu Simbel.  Egyptian temple dedicated to Amun of Debod and Isis. It was built between 185 BC and the 1st century. It was donated by Egypt to Spain in 1968 for its help in the rescue of the temples of Abu Simbel.,Martes a domingo y festivos_ de 10 a 19  horas.  Cerrado los lunes y los dias 1 y 6 de enero_ 1 de mayo_ 24_ 25 y 31 de diciembre. Último pase de visita 30 minutos antes del cierre. El horario y la apertura de salas pueden sufrir modificaciones. Por favor_ confirmelo en el telefono de informacion del museo.,Obtencion de informacion sobre sus fondos y colecciones con fines de investigacion_ enseñanza o difusion.   Se pueden realizar fotografias o grabaciones de video libremente en el exterior o en el interior del templo_ siempre y cuando no se utilicen flash o tripode y su fin no sea comercial. Para la obtencion de reproducciones de fotografias del archivo del templo de Debod con fines editoriales_ de investigacion_ difusion o comerciales el interesado debera cumplimentar la solicitud de Reproducciones Fotograficas. La realizacion de reportajes fotograficos y grabaciones profesionales en el recinto del templo de Debod (estanque delantero_ plataformas y edificio) solo sera autorizada cuando los fines para los que se solicita sean la divulgacion y difusion cultural del monumento o de las actividades museisticas que en el se desarrollen. Cualquier otra finalidad_ gratuita o comercial_ sera desestimada. El horario de informacion telefonica y telematica del Templo de Debod es de lunes a viernes de 8 a 15 horas. Fuera de este horario puede utilizar el telefono gratuito de Linea Madridl 010 (915 298 210_ si llama desde fuera de la ciudad de Madrid_ con el prefijo 34 si llama desde fuera de España).,Metro: Plaza de España (lineas 3 y 10) y Ventura Rodriguez (linea 3) Bus: 1_ 2_ 3_ 25_ 39_ 44_ 46_ 74_ 75_ 133_ 138_ 148_ C1 y C2 Renfe: Principe Pio  Bus turistico: Ruta 1. PARADA 10 - Templo de Debod Otras formas de acceso:   Aparcamiento de coches: dentro del Área de Estacionamiento Regulado de la ciudad de Madrid.  BICIMAD (Servicio publico de bicicletas de la ciudad de Madrid): Estacion 115 (calle Evaristo San Miguel s/n._entre Paseo Pintor Rosales y calle Ferraz),El templo de Debod no cuenta en la actualidad con accesos adaptados a personas con movilidad reducida y la circulacion en su interior es igualmente dificil. Puedes consultar en el documento Templo de Debod. Turismo accesible  las caracteristicas de su accesibilidad.  Debod temple has currently no access adapted for people with reduced mobility.    El templo es un monumento historico de una antig&amp;uuml;edad de 2.200 años. Su estructura interna_ que constituye el espacio de actual de exposicion_ esta formada por distintas salas de dimensiones reducidas_ con vanos estrechos y numerosas barreras_ que responden a los fines y necesidades de los cultos religiosos que en el tuvieron lugar_ pero que imposibilitan la circulacion con sillas de ruedas convencionales.  La legislacion sobre accesibilidad vigente en nuestra Comunidad (Ley 8/1993 de 22 de Junio de Promocion de la Accesibilidad y Supresion de Barreras Arquitectonicas)_ en su disposicion adicional 7&amp;ordf;_ exime de su aplicacion en los inmuebles declarados Bien de Interes Cultural o en aquellos edificios de valor historico-artistico. No obstante_ se esta trabajando en hacer accesibles las plataformas en las que se levanta el templo y sus dos portales.,http://www.madrid.es/sites/v/index.jsp?vgnextchannel=bfa48ab43d6bb410VgnVCM100000171f5a0aRCRD&vgnextoid=13b432df1d51c010VgnVCM2000000c205a0aRCRD,CALLE FERRAZ,CalleFerrazNum84339,1,Madrid,https://wikidata.org/entity/Q2807,Community of Madrid,https://wikidata.org/entity/Q5756,28008,28008N22805,Casa-de-campo,https://wikidata.org/entity/Q16302441,Moncloa-Aravaca,https://wikidata.org/entity/Q2017682,40.42425096551599,42425096551599N5954,-3.716531855540272,913 667 415,templodebod@madrid.es,MonumentosEdificiosArtisticos,NoIdentificado,Noidentificado,NOConocido,NOConocido,NOConocido
Spanish Museum,https://wikidata.org/entity/Q55188818,7685664,The Robot Museum (museo Del Robot),NOConocido,Viernes:  De 17:15 a 20:15 horas.   Sabados: De 16:15 a 20:15 horas.,NOConocido,Metro: Ruben Dario (linea 5)_ Nuñez de Balboa (lineas 5 y 9).  Bus: 19_ 51_ 9_ 14_ 150_ 27_ 45_ 5_ 1_ 74.  Bicimad: Estacion 142 (paseo de la Castellana_ 42).,NOConocido,http://www.madrid.es/sites/v/index.jsp?vgnextchannel=bfa48ab43d6bb410VgnVCM100000171f5a0aRCRD&vgnextoid=e0b7b8dc8f719410VgnVCM1000000b205a0aRCRD,CALLE SERRANO,CalleSerranoNum20592,61,Madrid,https://wikidata.org/entity/Q2807,Community of Madrid,https://wikidata.org/entity/Q5756,28006,28006N77893,Castellana,https://wikidata.org/entity/Q4781,Salamanca,https://wikidata.org/entity/Q1773521,40.43221485554042,43221485554042N9,-3.6869551422270077,914 478 808,NOConocido,Museos,NoIdentificado,Noidentificado,NOConocido,NOConocido,NOConocido
Spanish Museum,https://wikidata.org/entity/Q55188818,7071384,Yacimiento Paleontologico. Estacion De Metro Carpetana,Durante las obras de remodelacion de la estacion de Carpetana se descubrieron restos paleontologicos con valiosos hallazgos del Mioceno_ lo que ha hecho posible una reconstruccion de los paleoambientes en dos yacimientos verticales.,Todos los dias durante la apertura de la estacion_ de 6 a 1:30 horas.,NOConocido,Metro: Carpetana (linea 6).  Bus: 119_ 55_ 17_ 25.,NOConocido,http://www.madrid.es/sites/v/index.jsp?vgnextchannel=bfa48ab43d6bb410VgnVCM100000171f5a0aRCRD&vgnextoid=05fbb57fd3c70410VgnVCM1000000b205a0aRCRD,CALLE VIA CARPETANA,CalleViaCarpetanaNum36878,141,Madrid,https://wikidata.org/entity/Q2807,Community of Madrid,https://wikidata.org/entity/Q5756,28047,28047N29299,Vista-alegre,https://wikidata.org/entity/Q3813741,Carabanchel,https://wikidata.org/entity/Q1001991,40.39254099575156,39254099575156N1754,-3.7413026173286053,NOConocido,NOConocido,Museos,NoIdentificado,Noidentificado,NOConocido,NOConocido,NOConocido
Spanish Museum,https://wikidata.org/entity/Q55188818,10873287,Zapadores Ciudad Del Arte,NOConocido,Sabados y domingos de 12 a 18 horas.,NOConocido,NOConocido,NOConocido,http://www.madrid.es/sites/v/index.jsp?vgnextchannel=bfa48ab43d6bb410VgnVCM100000171f5a0aRCRD&vgnextoid=c30ab3683ea58610VgnVCM2000001f4a900aRCRD,CALLE ANTONIO DE CABEZON,CalleAntonioDeCabezonNum91652,70,Madrid,https://wikidata.org/entity/Q2807,Community of Madrid,https://wikidata.org/entity/Q5756,28034,28034N954,Valverde,https://wikidata.org/entity/Q31132,Fuencarral-El-Pardo,https://wikidata.org/entity/Q656196,40.49572804745456,49572804745456N2805,-3.6818117500732046,NOConocido,NOConocido,Museos,NoIdentificado,Noidentificado,NOConocido,NOConocido,NOConocido
