PK,NOMBRE,DESCRIPCION-ENTIDAD,HORARIO,EQUIPAMIENTO,TRANSPORTE,DESCRIPCION,ACCESIBILIDAD,CONTENT-URL,NOMBRE-VIA,CLASE-VIAL,TIPO-NUM,NUM,PLANTA,PUERTA,ESCALERAS,ORIENTACION,LOCALIDAD,PROVINCIA,CODIGO-POSTAL,BARRIO,DISTRITO,COORDENADA-X,COORDENADA-Y,LATITUD,LONGITUD,TELEFONO,FAX,EMAIL,TIPO,Column
4847190,Casa Museo Lope de Vega,"'Mi casilla, mi quietud, mi g&amp;uuml;ertecillo y estudio'. Así define su casa Félix Lope de Vega (1562-1635) en una carta dirigida a un amigo. Situada en pleno centro histórico, en el Barrio de las Letras, la Casa Museo Lope de Vega se ubica en el edificio donde el escritor vivió sus últimos 25 años. La recreación de ambientes, cuyo objetivo es que se respire la presencia de Lope, evoca la vida cotidiana del Siglo de Oro y nos acerca a su intimidad. El equipamiento de la casa incorpora obras de arte, mobiliario, enseres y ediciones bibliográficas vinculadas al literato y su tiempo.  Visitas Guiadas: de nartres a domingo, para todos los públicos. Más información en web","De martes a domingo de 10 a 18 horas  Cerrado los lunes, días 1 y 6 de enero, 1 de mayo, 9 de noviembre y 24, 25 y 31 de diciembre.",,Metro: Antón Martín (línea 1).  Bus: M1  Bicimad: Estación 27 (calle Jesús) / Estación 52 (Plaza de Santa Ana)  Cercanías Renfe: Sol (líneas C3 y C4),,0,http://www.madrid.es/sites/v/index.jsp?vgnextchannel=bfa48ab43d6bb410VgnVCM100000171f5a0aRCRD&vgnextoid=4eff8c46145e8110VgnVCM2000000c205a0aRCRD,CERVANTES,CALLE,V,11,,,,,MADRID,MADRID,28014,CORTES,CENTRO,440825,4473983,40.414358466555235,-3.6974741545860015,914 299 216,,casamuseolopedevega@madrid.org,/contenido/entidadesYorganismos/Museos,
4949641,Casita - Museo del Ratón Pérez,"La residencia de la familia Pérez está situada en los sótanos de la confitería Prasi, en el número ocho de la calle del Arenal, según cita Luis Coloma.","Reserva y compra de entradas: de martes a sábado (excepto festivos), de 11 a 14 y de 17 a 20 horas.   Visitas: de martes a viernes, de 11 a 14 y de 17 a 20 horas. Sábados, de 11 a 20 horas. Domingos, de 11 a 18 horas.",,"Metro: Sol (líneas: 1, 2 y 3), Ópera (línea 3, Ramal Ópera Príncipe Pío), Callao (línea 3, 5) Bus: 3 Bicimad:   Estación 31 (calle Mayor, 20) Estación 25 a y b (Plaza Celenque, 1)",Venta de entradas a través de whatsapp 634 297 294 Aforo limitado.,3,http://www.madrid.es/sites/v/index.jsp?vgnextchannel=bfa48ab43d6bb410VgnVCM100000171f5a0aRCRD&vgnextoid=990950e86d4ca110VgnVCM2000000c205a0aRCRD,ARENAL,CALLE,V,8,1.ª,,,,MADRID,MADRID,28013,SOL,CENTRO,440144,4474287,40.41704834412296,-3.7055288844865233,915 226 968,,info@casamuseoratonperez.es,/contenido/entidadesYorganismos/Museos,
5682031,Castillo de la Alameda,"El Castillo de la Alameda o de Barajas se trata de uno de los escasos vestigios de la arquitectura militar del pasado siglo XV y uno de los pocos castillos que ha sobrevivido al paso del tiempo. Bajo él y su entorno, existen restos de asentamientos antiguos desde la Edad del Bronce hasta la Época Romana.En el edificio se realizan talleres para escolares y actividades en verano.","Abierto solo en fin de semana (sábado y domingo) y festivos (lunes festivos incluidos)  Del 1 de abril al 15 de junio de 10 a 21 horas. Del 16 de junio al 15 de septiembre de 10 a 20 horas. Del 15 al 30 de septiembre de 10 a 21 horas. De octubre a marzo de 10 a 18 horas.  Cerrado: 1 y 6 de enero, 1 de mayo, 24, 25 y 31 de diciembre.",,"Metro: Alameda de Osuna y El Capricho (línea 5). Bus: 101, 105, 112, 114, 115 y 151.",Accesibilidad   Rampas de acceso. Aseos adaptados para personas con movilidad reducida. Información en Braille para personas con discapacidad visual.,"1,6",http://www.madrid.es/sites/v/index.jsp?vgnextchannel=bfa48ab43d6bb410VgnVCM100000171f5a0aRCRD&vgnextoid=fe43c4be8e688210VgnVCM1000000b205a0aRCRD,ANTONIO SANCHA,CALLE,V,1,,,,,MADRID,MADRID,28042,ALAMEDA DE OSUNA,BARAJAS,449698,4478802,40.45835460563491,-3.5932903820278788,913 667 415,,castilloalameda@madrid.es,/contenido/entidadesYorganismos/MonumentosEdificiosArtisticos,
2064,"Casón del Buen Retiro. Museo Nacional del Prado, Centro de Estudios","Edificio que forma parte del Museo Nacional del Prado, donde pueden consultarse fondos de la Biblioteca, del Archivo y del Servicio de Documentación de la colección del Museo y de otras fuentes relativas a la historia del arte.",,,"Metro: Estación del Arte (Atocha) (línea 1)  Bus: 19  Renfe: Atocha  Bicimad: Estación 65 (calle Antonio Maura, 15)  Parking: Montalbán (49), C/ Montalbán (entre C/ Alfonso XI y P&amp;ordm; Prado)","Descripción monumental  El Casón o Salón de Baile es el único volumen que permanece del antiguo Palacio del buen Retiro, ejecutado en 1637 con un proyecto de Alonso Carbonel. Aún se conserva la bóveda de cañon con lunetas, pintada al fresco por Lucas Jordán en 1692 con la Alegoría del Toisón de Oro. Su fachada principal, a poniente, arrasada la primitiva en 1886 por un ciclón, es de Velázquez Bosco. La última rehabilitación ha sido realizada por Jaime Torruell.",1,http://www.madrid.es/sites/v/index.jsp?vgnextchannel=bfa48ab43d6bb410VgnVCM100000171f5a0aRCRD&vgnextoid=f0443d0b5e71c010VgnVCM1000000b205a0aRCRD,ALFONSO XII,CALLE,V,28,,,,,MADRID,MADRID,28014,LOS JERONIMOS,RETIRO,441525,4474078,40.415263749471535,-3.689232811717636,,,biblioteca@museodelprado.es,/contenido/entidadesYorganismos/MonumentosEdificiosArtisticos,
2069,Centro Cultural La Corrala. Museo de Artes y Tradiciones Populares,,"Lunes a viernes de 12 a 20 horas. Sábados de 10 a 14 horas. Cerrado domingos, festivos y mes de agosto, 24 y 31 diciembre.",Reserva previa y obligatoria para grupos en el teléfono del Museo o en visitas.atp@uam.es. Las visitas individuales (inferiores a 7 personas) no necesitan reserva previa.,"Metro: La Latina (línea 5)  Bus: 17, 18, 23, 35, 60.  Bicimad: Estación 44 (calle Mesón de Paredes, 35).",,3,http://www.madrid.es/sites/v/index.jsp?vgnextchannel=bfa48ab43d6bb410VgnVCM100000171f5a0aRCRD&vgnextoid=5c39ef4d7f71c010VgnVCM1000000b205a0aRCRD,CARLOS ARNICHES,CALLE,V,3,,,,y 5,MADRID,MADRID,28005,EMBAJADORES,CENTRO,439899,4473375,40.40882397197274,-3.708330456274069,914 976 500,,museoatp@uam.es / lacorrala@uam.es,/contenido/entidadesYorganismos/Museos,
103331,Centro Social y Cultural La Casa Encendida,"Edificio de carácter monumental. De estilo neomudéjar, fue diseñado por el arquitecto Fernando Arbós e inaugurado en el año 1913. Cuenta con más de 6000 metros cuadrados de instalaciones divididas en 4 plantas y una azotea.",De martes a domingo de 10 a 22 horas. Cierre de salas de exposiciones 21:45 horas.  Más horarios en la pestaña 'Servicios'.,"Biblioteca:  de martes a domingos de 10 a 14 y de 16:30 a 21 horas. El servicio de mediateca los fines de semana es de 10 a 14 y de 17 a 21 horas.   Mediateca: de martes a domingo mañanas de 10 a 11:45 y de 12:15 a 14, tardes de17 a 18:45 y de 19:15 a 21 horas.  Espacio para el Voluntariado: de martes a jueves de 16 a 20, viernes de 10 a 14 horas.  Ecotienda solidaria:  De martes a jueves de 11 a 15 y de 17 a 21 horas. Viernes y sábados de 10 a 15 y de 17 a 22 horas. Domingos de 10 a 14 y de 17 a 21 horas.    Cafetería: de martes a domingo de 10 a 19:30 horas.","Metro: Embajadores (línea 3).  Bus: 119, 27, 34, 36, 41, C03, C2, C1.  Cercanías Renfe: Embajadores (línea C5).  Bicimad: Estación 49 (ronda de Atocha, 34).  Aparcamiento: Garaje Amparo (75), calle Amparo.",,"1,6",http://www.madrid.es/sites/v/index.jsp?vgnextchannel=bfa48ab43d6bb410VgnVCM100000171f5a0aRCRD&vgnextoid=c27f8899fc81c010VgnVCM1000000b205a0aRCRD,VALENCIA,RONDA,V,2,,,,,MADRID,MADRID,28012,EMBAJADORES,CENTRO,440622,4473051,40.40595710517701,-3.699779793558763,915 062 180,,,/contenido/entidadesYorganismos/MonumentosEdificiosArtisticos,
6469186,Ermita de San Antonio de la Florida (Museo),"Ermita dedicada a San Antonio de Padua y pequeño museo. Las pinturas murales que la decoran son de Francisco de Goya. Alberga los restos mortales del artista desde 1919. Para preservar sus pinturas, en 1929 se trasladó el culto a una ermita gemela construida a su lado, dejando el edificio original como museo.","General   De martes a domingos de 9:30 a 20 horas.   Verano (del 15 de junio al 15 de septiembre)   De martes a domingos de 9:30 a 19 horas.   Cerrado:  lunes (incluidos festivos), 1 y 6 de enero, 1 de mayo, 24, 25 y 31 de diciembre.  Último pase de visita: 20 minutos antes del cierre (el desalojo de las salas comenzará 10 minutos antes) Este horario y la apertura de salas pueden sufrir modificaciones.","Tienda, en la que se pueden adquirir las guías y publicaciones sobre la ermita editadas por el Museo y otros organismos públicos, así como catálogos y publicaciones de instituciones culturales del Ayuntamiento de Madrid.","Metro: Príncipe Pío (líneas 5, 10 y ramal Ópera - Príncipe Pío)  Bus: 41, 46 y 75 (Intercambiador Príncipe Pío)  Renfe: Príncipe Pío  BICIMAD: Estación 161 (Paseo de la Florida 8)",,"2,6",http://www.madrid.es/sites/v/index.jsp?vgnextchannel=bfa48ab43d6bb410VgnVCM100000171f5a0aRCRD&vgnextoid=75950204770e7310VgnVCM2000000c205a0aRCRD,SAN ANTONIO DE LA FLORIDA,GLORIETA,V,5,,,,,MADRID,MADRID,28008,CASA DE CAMPO,MONCLOA-ARAVACA,438439,4475212,40.425256682855846,-3.725725718176111,915 420 722 o 683 429 760,,sanantonio@madrid.es,/contenido/entidadesYorganismos/MonumentosEdificiosArtisticos,
58353,Espacio Fundación Telefónica,,"De martes a domingo, de 10 a 20 horas. Cerrado al público todos los lunes y días 25 de diciembre, 1 y 6 de enero.",Reserva de entrada online   Visitas guiadas y talleres educativos: 91 522 66 45 actividades.espacio@fundaciontelefonica.com   Información general: 91 580 87 00 espacio@fundaciontelefonica.com,"Metro: Gran Vía (líneas 1, 5)  Bus: 002, 001, 1, 2, 46, 74, 146  Bicimad: Estación 211 (Desengaño, 1) / Estación 210 (Tres Cruces, 7)  Parking: BARCO 1 (88), Calle Barco",,1,http://www.madrid.es/sites/v/index.jsp?vgnextchannel=bfa48ab43d6bb410VgnVCM100000171f5a0aRCRD&vgnextoid=87748ed67151c010VgnVCM2000000c205a0aRCRD,FUENCARRAL,CALLE,V,3,,,,,MADRID,MADRID,28004,UNIVERSIDAD,CENTRO,440480,4474658,40.42041458612889,-3.7016034186955076,915 808 700 (información general) / 915 226 645 (visitas guiadas y talleres),,espacio@fundaciontelefonica.com,/contenido/entidadesYorganismos/Museos,
6017808,Fundación AMYC (Arte Moderno y Contemporáneo). Casa Museo Fuente del Rey,,"Martes a sábado, de 10 a 19 horas. Lunes, domingos y festivos cerrado. Visitas para grupos de hasta 25 personas dentro de los horarios de apertura. Pueden ser con guía propio o con guía de la Fundación, y la duración de la misma es de una hora, previa reserva telefónica o por email.",,Bus: 161,,3,http://www.madrid.es/sites/v/index.jsp?vgnextchannel=bfa48ab43d6bb410VgnVCM100000171f5a0aRCRD&vgnextoid=5c1260101310f210VgnVCM1000000b205a0aRCRD,FUENTE DEL REY,CALLE,V,11,,,,,MADRID,MADRID,28023,ARAVACA,MONCLOA-ARAVACA,434663,4478596,40.45546180290319,-3.7705836264842576,913 579 116,,info@fundacionamyc.org,/contenido/entidadesYorganismos/FundacionesCulturales,
5873478,Museo ABC,"Centro de arte, dibujo e ilustración.",Consultar.,,"Metro: San Bernardo (líneas 2, 4), Noviciado (línea 2), Ventura Rodríguez (línea 3), Plaza de España (líneas 3, 10)  Bus: M2, C1, C3, 1, 2, 3, 21, 44, 133, 147, 001, 002   Bicimad: Estación 13 (calle Conde Duque 22)",,1,http://www.madrid.es/sites/v/index.jsp?vgnextchannel=bfa48ab43d6bb410VgnVCM100000171f5a0aRCRD&vgnextoid=f0103fee6537c210VgnVCM1000000b205a0aRCRD,AMANIEL,CALLE,V,29,,,,-31,MADRID,MADRID,28015,UNIVERSIDAD,CENTRO,439813,4475439,40.42741121610518,-3.709539260414957,917 588 379,,info_museo@abc.es,/contenido/entidadesYorganismos/Museos,
2067,Museo Africano Misioneros Combonianos,,Grupos con cita previa en el teléfono 914 152 412 o en la web: de lunes a viernes de 9:30 a 13:30 horas.  Individuales: Visitas guiadas sin cita previa los domingos a las 11:30 horas.,,"Bus: 11, 70, 114, 122, 115, 200.",,3,http://www.madrid.es/sites/v/index.jsp?vgnextchannel=bfa48ab43d6bb410VgnVCM100000171f5a0aRCRD&vgnextoid=6ab8ef4d7f71c010VgnVCM1000000b205a0aRCRD,ARTURO SORIA,CALLE,V,101,,,,,MADRID,MADRID,28043,SAN JUAN BAUTISTA,CIUDAD LINEAL,444755,4477849,40.449464654033605,-3.65149172790308,914 152 412,,,/contenido/entidadesYorganismos/Museos,
2050,Museo Arqueológico Nacional,"Fundado en 1867, el MAN se inauguró en 1895 en su actual sede, en el Palacio de Biblioteca y Museos, edificio proyectado por Francisco Jareño y terminado por Antonio Ruiz de Salces.","De martes a sábados de 9:30 a 20 horas. Domingos y festivos de 9:30 a 15 horas.   Cerrado   Todos los lunes del año. 1 y 6 de enero, 1 y 15 de mayo,  24, 25 y 31 de diciembre.  Más información horarios",,"Metro: Serrano (línea 4)  Bus: 1, 9, 19, 51, 74, 5, 14, 27, 45, 53, 150  Cercanías Renfe: Recoletos (línea C1, C2, C7, C-10 y Regional)  Bicimad: Estación 95 (calle Claudio Coello 109)  Aparcamiento: Colón (2), Plaza de Colón s/n",,1,http://www.madrid.es/sites/v/index.jsp?vgnextchannel=bfa48ab43d6bb410VgnVCM100000171f5a0aRCRD&vgnextoid=8fd8ef4d7f71c010VgnVCM1000000b205a0aRCRD,SERRANO,CALLE,V,13,,,,,MADRID,MADRID,28001,RECOLETOS,SALAMANCA,441601,4474966,40.42327763947072,-3.688418705931963,915 777 912,,,/contenido/entidadesYorganismos/Museos,
2072,Museo Casa de la Moneda,,"De martes a viernes ininterrumpidamente de 10 a 20. Sábados, domingos y festivos de 10 a 14:15 horas. Cerrado los lunes (incluidos festivos), y los días 1 de enero;  1 y 2 de mayo;  24, 25 y 31 de diciembre.",,"Metro: O&amp;acute;Donnell (línea 6), Goya (líneas 2, 4)  Bus: 143, 2, 30, 56, 71, C2, 28  Bicimad: Estación 101 (calle Jorge Juan, 131).",,"1,4",http://www.madrid.es/sites/v/index.jsp?vgnextchannel=bfa48ab43d6bb410VgnVCM100000171f5a0aRCRD&vgnextoid=12f8ef4d7f71c010VgnVCM1000000b205a0aRCRD,DOCTOR ESQUERDO,CALLE,V,36,,,,,MADRID,MADRID,28028,GOYA,SALAMANCA,443235,4474878,40.42259797372905,-3.6691502061733674,915 666 544,915 666 809,museocasadelamoneda@fnmt.es,/contenido/entidadesYorganismos/Museos,
4112,Museo Cerralbo,"Este Palacio, construido entre 1883 y 1893, fue concebido como vivienda y como museo para sede de las obras de arte reunidas por los Marqueses de Cerralbo y sus hijos, los Marqueses de Villa Huerta, durante los numerosos viajes que realizaron por España y Europa.","De martes a sábado de 9:30 a 15 horas. Jueves, apertura extraordinaria por la tarde, de 17 a 20 horas, excepto festivos. Entrada gratuita. Domingos y festivos de 10 a 15 horas. Cerrado: todos los lunes, 1 y 6 de enero, 1 de mayo, 24, 25 y 31 de diciembre, una fiesta local.",,"Metro: Plaza de España (líneas 3, 10), Príncipe Pío (líneas 6 y 10)  Bus: 62, 74.  Cercanías Renfe: Príncipe Pio (líneas C1, C7 Y C10).  Bicimad: Estación 14 (calle Ventura Rodríguez, 2).",,"2,6",http://www.madrid.es/sites/v/index.jsp?vgnextchannel=bfa48ab43d6bb410VgnVCM100000171f5a0aRCRD&vgnextoid=a4efb0c40971c010VgnVCM1000000b205a0aRCRD,VENTURA RODRIGUEZ,CALLE,V,17,,,,,MADRID,MADRID,28008,ARGUELLES,MONCLOA-ARAVACA,439380,4475039,40.42376732078657,-3.7146170388153497,915 473 646 / 915 473 647,915 591 171,museo.cerralbo@cultura.gob.es,/contenido/entidadesYorganismos/Museos,
10091450,Museo EMT,"El Museo de la EMT se ha convertido en realidad tras una década de duro trabajo de recuperación, restauración y reparación del patrimonio histórico de la Empresa Municipal de Transportes de Madrid, especialmente, material móvil, mobiliario, piezas mecánicas, maquinaria y otros elementos inherentes a la actividad de la EMT en sus 70 años de historia.","Visitas (con cita previa)  Apertura estacional durante seis meses al año: todos los sábados de abril, mayo, junio, julio, septiembre y octubre), a las 10, a las 11:30 y a las 13 horas. Por ser un centro de trabajo únicamente pueden realizarse de forma organizada, previamente concertadas y limitadas a un máximo de 40 personas por turno. Duración: 60 minutos aproximadamente. Compra de entradas y reserva de horarios a través de la web: http://tienda.emtmadrid.es (a partir del 1 de marzo de 2018).","Si tiene una discapacidad física o sensorial, contacta con el Museo antes de reservar la visita y le informarán de la accesibilidad a la instalación.","Metro: Begoña (línea 10). Bus: 66, 173, 174, 176, 191, 193, 194, 195, 196, 197, 712, 713, 714, 716, L171.",,0,http://www.madrid.es/sites/v/index.jsp?vgnextchannel=bfa48ab43d6bb410VgnVCM100000171f5a0aRCRD&vgnextoid=d56ad05b2a255510VgnVCM2000001f4a900aRCRD,MAURICIO LEGENDRE,CALLE,V,40,,,,,MADRID,MADRID,28046,CASTILLA,CHAMARTIN,442096,4481278,40.480173612860305,-3.6831595451893273,914 068 810,,,/contenido/entidadesYorganismos/AyuntamientoMadrid/OrganismosEmpresasMunicipales,
10237457,Museo Félix Cañada,"Una selección de más de quinientas obras de arte de entre las cerca de mil de la donación original, constituyen la Colección Permanente que se puede visitar en las salas del Museo Félix Cañada de la Fundación Gómez Pardo, adscrita a la Escuela Técnica Superior de Ingenieros de Minas y Energía de la Universidad Politécnica de Madrid. Donada por el ingeniero de minas Doctor Félix Cañada Guerrero a la Fundación Gómez Pardo, reúne una amplia representación de trabajos de destacados artistas, pintores, escultores, ilustradores, grabadores, orfebres, ceramistas, etc. abarcando diferentes periodos desde el siglo XI hasta nuestros días.","Lunes, miércoles y viernes, de 10 a 13 horas, previa solicitud descargando el impreso en formato PDF y enviarlo cumplimentado a museo@fgomezpardo.es o bien mediante fax al 91 442 95 29. .",,"Metro: Rios Rosas (línea 1).  Bus: 45, 12, 149, 3, 37.  Bicimad: Estación 130 (calle Santa Engracia, 127).",,3,http://www.madrid.es/sites/v/index.jsp?vgnextchannel=bfa48ab43d6bb410VgnVCM100000171f5a0aRCRD&vgnextoid=cb22820a52799510VgnVCM1000001d4a900aRCRD,ALENZA,CALLE,V,1,,,,,MADRID,MADRID,28003,RIOS ROSAS,CHAMBERI,440568,4477117,40.442581673356834,-3.700796192332983,914 417 921,914 729 529,museo@fgomezpardo.es,/contenido/entidadesYorganismos/Museos,
2074,Museo Geominero,"Los objetivos del Museo Geominero son conservar, investigar y difundir la riqueza y diversidad del patrimonio geológico, paleontológico y mineralógico a través de las importantes colecciones de minerales, rocas y fósiles procedentes de todas las regiones españolas y de antiguos territorios coloniales, así como de yacimientos significados del registro mundial","De lunes a domingo y festivos de 9 a 14 horas. Cerrado los días 1 y 6 de enero y 24, 25 y 31 de diciembre.",,"Metro: Ríos Rosas (línea 1) y Alonso Cano (línea 7).  Bus: 45, 12, 149, 3, 37, 5.  Bicimad: Estación 130 (calle Santa Engracia, 127).",,3,http://www.madrid.es/sites/v/index.jsp?vgnextchannel=bfa48ab43d6bb410VgnVCM100000171f5a0aRCRD&vgnextoid=ff0bef4d7f71c010VgnVCM1000000b205a0aRCRD,RIOS ROSAS,CALLE,V,23,,,,,MADRID,MADRID,28003,RIOS ROSAS,CHAMBERI,440663,4477057,40.442047952073665,-3.699670468881422,913 495 759,,m.geominero@igme.es,/contenido/entidadesYorganismos/Museos,
2075,Museo Histórico Minero Don Felipe de Borbón y Grecia,Ubicado en la Escuela Técnica Superior de Ingenieros de Minas de Madrid,"De lunes a viernes, de 9 a 14 horas.",,"Metro: Ríos Rosas (línea 1)  Bus: 3, 12, 37, 45, 149  Bicimad: Estación 130 (calle Santa Engracia, 127)",,3,http://www.madrid.es/sites/v/index.jsp?vgnextchannel=bfa48ab43d6bb410VgnVCM100000171f5a0aRCRD&vgnextoid=822bef4d7f71c010VgnVCM1000000b205a0aRCRD,RIOS ROSAS,CALLE,V,21,,,,,MADRID,MADRID,28003,RIOS ROSAS,CHAMBERI,440603,4477062,40.44207963042673,-3.7003900716027776,913 367 017,,,/contenido/entidadesYorganismos/Museos,
18176,Museo ICO,,De martes a sábados: de 11 a 20 horas.   Domingos y festivos: de 10 a 14 horas.    Cerrado: Todos los lunes del año.   Horarios especiales: 24 y 31 de diciembre de 10 a 14 horas. 1 de mayo y 25 de diciembre cerrado.,,"Metro: Sevilla (línea 2).  Bus: 53, 15, 20, M1, 150, 5, 46, 52.  BICIMAD: estación 28 (calle Alcalá, 27).",,1,http://www.madrid.es/sites/v/index.jsp?vgnextchannel=bfa48ab43d6bb410VgnVCM100000171f5a0aRCRD&vgnextoid=2886444a2951c010VgnVCM2000000c205a0aRCRD,ZORRILLA,CALLE,V,3,,,,,MADRID,MADRID,28014,CORTES,CENTRO,440806,4474249,40.41675330128869,-3.6977346235068373,914 201 242,,museoico@ico.es,/contenido/entidadesYorganismos/Museos,
6019032,Museo Los Caños del Peral. Estación de Metro Ópera,"La estación de Ópera cuenta con el mayor museo arqueológico bajo tierra de Madrid, un espacio de 200 m2 donde se pueden ver restos arqueológicos de los siglos XVI y XVII pertenecientes a la Fuente de los Caños del Peral, el Acueducto de Amaniel y la Alcantarilla del Arenal.",Previa reserva en la página museosmetromadrid.es.  Viernes: de 16:00 a 20:00 horas. Sábados: de 10:00 a 14:00 horas y de 16:00 a 20:00 horas. Domingos: de 10:00 a 14:00 horas.,,"Metro: Ópera (líneas 2, 5 y Ramal).   Bicimad: Estación 24 (calle Carlos III, 1).    Aparcamiento: Descalzas (20), plaza Descalzas y plaza San Martín.",,1,http://www.madrid.es/sites/v/index.jsp?vgnextchannel=bfa48ab43d6bb410VgnVCM100000171f5a0aRCRD&vgnextoid=435950262d50f210VgnVCM2000000c205a0aRCRD,ISABEL II,PLAZA,V,1,,,,,MADRID,MADRID,28013,PALACIO,CENTRO,439834,4474367,40.41775560280743,-3.709202070089538,,,,/contenido/entidadesYorganismos/Museos,
2053,Museo Lázaro Galdiano,,"Martes a domingo, de 9:30 a 15 horas. Lunes cerrado.",,"Metro: Gregorio Marañón (línea 7 y 10)  Bus: 12, 16, 9, 19, 51, 61",,1,http://www.madrid.es/sites/v/index.jsp?vgnextchannel=bfa48ab43d6bb410VgnVCM100000171f5a0aRCRD&vgnextoid=7d1aef4d7f71c010VgnVCM1000000b205a0aRCRD,SERRANO,CALLE,V,122,,,,,MADRID,MADRID,28006,CASTELLANA,SALAMANCA,441802,4476460,40.436750328725985,-3.6861980129207894,915 616 084,915 617 793,,/contenido/entidadesYorganismos/MonumentosEdificiosArtisticos,
5349304,Museo Nacional Centro de Arte Reina Sofía (MNCARS),"Edificio Sabatini: calle Santa Isabel 52.  Edificio Nouvel (ampliación): ronda de Atocha, esquina a plaza del Emperador Carlos V.  Espacios en el parque del Retiro: Palacio de Velázquez y Palacio de Cristal.","Lunes y de miércoles a sábado, de 10 a 20 horas. Martes cerrado (incluso festivos). Domingos de 10 a 14:30 horas.  Cerrado: 1 y 6 enero, 1 y 15 mayo, 9 noviembre, 24, 25 y 31 diciembre.",,"Metro: Estación del Arte (Atocha) (línea 1)  Bus: 27, 34, C03, C1, 26, 32, 6, 59, 85, E1, C2, 119, 36, 41, 001, 10, 14, 37, 45  Cercanías Renfe: Atocha (líneas C1, C2, C3, C4, C5, C7, C8, C10)  Bicimad: Estación 50 (calle Santa Isabel, 57) / Estación 51 (Ronda de Atocha, 2)  Parking: Sánchez Bustillo (37), C/ Sánchez Bustillo",,1,http://www.madrid.es/sites/v/index.jsp?vgnextchannel=bfa48ab43d6bb410VgnVCM100000171f5a0aRCRD&vgnextoid=69d8275bad5a1210VgnVCM2000000c205a0aRCRD,SANTA ISABEL,CALLE,V,52,,,,,MADRID,MADRID,28012,EMBAJADORES,CENTRO,441112,4473334,40.40854131574014,-3.6940316511856017,917 741 000 / 917 911 330 (Centro atención visitante),,museoreinasofia@clorian.com,/contenido/entidadesYorganismos/Museos,
2099,Museo Nacional Thyssen-Bornemisza,"El palacio donde se ubica la colección fue el antiguo palacio del duque de Villahermosa. Edificación neoclásica. Posteriormente se adapta como entidad bancaria perdiento sus espacios interiores. Más tarde, pasó a formar parte de los edificios del Museo del Prado. Desde principios de los 90 alberga la Colección Thyssen. El museo ofrece un recorrido por la historia de la pintura europea desde sus inicios en el siglo XIII, hasta finales del siglo XX.","Colecciones permanentes:  lunes de 12 a 16 horas (acceso gratuito gracias al patrocinio de MasterCard). Martes a domingos de 10 a 19 horas.   Exposiciones temporales: consultar horario específico en Museo.  Avisos y aperturas extraordinarias: los días 1 de enero, 1 de mayo y 25 de diciembre el Museo permanecerá cerrado. El 24 y el 31 de diciembre el horario de apertura del Museo será de 10 a 15 horas.",,"Metro: Banco de España (línea 2)  Bus: 10, 14, 27, 34, 37, 45, C03  Cercanías Renfe: Recoletos  Bicimad: Estación 27 (calle Jesús, 1) / Estación 29 (calle Marqués de Cubas, 25)  Parking: Cortes (46), Plaza de las Cortes",Arquitecto: Antonio López Aguado (1805 - 1806)  Adecuación: Rafael Moneo (1989 - 1992)  Ampliación: BOPBAA (1999 - 2004),1,http://www.madrid.es/sites/v/index.jsp?vgnextchannel=bfa48ab43d6bb410VgnVCM100000171f5a0aRCRD&vgnextoid=0b8079262ef5d010VgnVCM1000000b205a0aRCRD,PRADO,PASEO,V,8,,,,,MADRID,MADRID,28014,CORTES,CENTRO,441058,4474164,40.41600553697803,-3.694744831131079,917 911 370,,cav@museothyssen.org,/contenido/entidadesYorganismos/MonumentosEdificiosArtisticos,
2057,Museo Nacional de Antropología,"El Museo está instalado en el edificio de estilo clasicista construido por el Marqués de Cubas en 1875 por encargo del Doctor González Velasco, fundador de la institución.","De martes a sábado de 9:30 a 20 horas. Domingos: de 10 a 15 horas. Cerrado todos los lunes del año y los días 1 y 6 de enero, 1 de mayo, 24, 25 y 31 de diciembre y un festivo local. La taquilla se cerrará 15 minutos antes del cierre.",,"Metro: Estación del Arte (línea 1).  Bus: 19,  C1, 10, 14, 26, 32, 102, 37, 59, 001, C2, 203, 85, 141.  Cercanías Renfe: Atocha (líneas C1, C2, C3, C4, C5, C7, C8, C10).  Bicimad: Estación 80 a y b (paseo Infanta Isabel, 3).",,"1,6",http://www.madrid.es/sites/v/index.jsp?vgnextchannel=bfa48ab43d6bb410VgnVCM100000171f5a0aRCRD&vgnextoid=456079262ef5d010VgnVCM1000000b205a0aRCRD,ALFONSO XII,CALLE,V,68,,,,,MADRID,MADRID,28014,LOS JERONIMOS,RETIRO,441550,4473258,40.407887537677716,-3.688862923660605,915 306 418 / 915 395 995,914 677 098,antropologico@cultura.gob.es,/contenido/entidadesYorganismos/Museos,
2055,Museo Nacional de Artes Decorativas,"Inaugurado en 1912, su sede es un típico palacete madrileño del último tercio del siglo XIX. El museo posee muebles, cerámicas, vidrios, joyas, tejidos, arte oriental, y hasta 30 000 objetos distintos que a lo largo de la historia han servido para embellecer las casas, palacios y los monumentos de distintas culturas. El museo posee muestras como el Jarrón de Sevres regalo de Napoleón III, la Cocina Valenciana del siglo XVIII compuesta por más de 1500 azulejos de Manises, la Mesa de plata del siglo XVI o la colección de alfombras españolas de los siglos XV al XVII.","Martes a sábados de 9:30 a 15 horas. Domingo y festivos: de 10 a 15 horas. Jueves tarde de 17 a 20 horas (excepto julio y agosto).  Cerrado:  todos los lunes, 1 y 6 de enero, 1 y 15 de mayo, 24, 25 y 31 de diciembre.    La venta de entradas finalizará 30 minutos antes del cierre.",,"Metro: Retiro (línea 2).  Bus: 19, 1, 146, 15, 2, 20, 51, 52, 74, 9, E1, 203, 14, 27, 37, 45.  Cercanías Renfe: Recoletos (líneas C1, C2, C7, C8 Y C10).  Bicimad: Estaciones 65 (calle Antonio Maura, 15) y 60 (plaza de la Independencia, 6).  Parking: Montalbán (49), C/ Montalbán (entre C/ Alfonso XI y P&amp;ordm; Prado)","El Museo dispone de una rampa de acceso al edificio en la calle Montalbán. Para su uso, es necesario avisar con antelación al personal del Museo.El acceso a las diferentes plantas, puede realizarse mediante ascensor. Debido a las dimensiones del mismo, es necesario emplear en él las sillas de ruedas que el Museo pone a su disposición, previa solicitud.","2,6",http://www.madrid.es/sites/v/index.jsp?vgnextchannel=bfa48ab43d6bb410VgnVCM100000171f5a0aRCRD&vgnextoid=287079262ef5d010VgnVCM1000000b205a0aRCRD,MONTALBAN,CALLE,V,12,,,,,MADRID,MADRID,28014,LOS JERONIMOS,RETIRO,441483,4474369,40.417891279015194,-3.689754685481908,915 326 499 / 915 326 845 / 910 505 755 (Reserva actividades infantiles) / 910 505 768 (Biblioteca) / 910 505 763 (Atención a investigadores),915 232 086,mnad@cultura.gob.es,/contenido/entidadesYorganismos/MonumentosEdificiosArtisticos,
2056,Museo Nacional de Ciencias Naturales,,"De martes a viernes de 10 a 17 horas. Sábados, domingos y festivos de 10 a 20 horas. Agosto,de 10 a 15 horas. Cerrado los lunes (excepto los festivos). Cerrado el 1 y 6 de enero, el 1 de mayo y el 25 de diciembre. Los días 24 y 31 de diciembre el museo permanecerá abierto de 10 a 15 horas.",,"Metro: Gregorio Marañón (líneas 7, 10).  Bus: 12, 45, 14, 147, 150, 27, 40, 7.  Bicimad: Estación 139 (Calle José Gutiérrez Abascal, 2).",,"1,6",http://www.madrid.es/sites/v/index.jsp?vgnextchannel=bfa48ab43d6bb410VgnVCM100000171f5a0aRCRD&vgnextoid=8edbef4d7f71c010VgnVCM1000000b205a0aRCRD,JOSE GUTIERREZ ABASCAL,CALLE,V,2,,,,,MADRID,MADRID,28006,EL VISO,CHAMARTIN,441463,4476870,40.44042007613476,-3.690220716379925,,,,/contenido/entidadesYorganismos/MonumentosEdificiosArtisticos,
2076,Museo Naval,Temática: Historia de la navegación española.,"De martes a domingo de 10 a 19 horas. Durante el mes de agosto, horario reducido de 10 a 15 horas. El desalojo del museo se hará entre 15 y 30 min antes del cierre, dependiendo de las personas que haya en las salas y de las normas en vigor por la COVID-19. El museo en su totalidad o alguna de sus salas podrán cerrarse de manera excepcional fuera de estas fechas, comunicándose al público con la debida antelación.",,"Metro: Banco de España (línea 2).  Bus: E1, 14, 27, 37, 45, C03, 203, 001, 34, 1, 146, 15, 2, 20, 51, 52, 74, 9.  Bicimad: Estación 86 (plaza de Cibeles).    Aparcamiento: Montalbán (49), calle Montalbán entre calle Alfonso XI y paseo del Prado.",,1,http://www.madrid.es/sites/v/index.jsp?vgnextchannel=bfa48ab43d6bb410VgnVCM100000171f5a0aRCRD&vgnextoid=a30cef4d7f71c010VgnVCM1000000b205a0aRCRD,PRADO,PASEO,V,5,,,,,MADRID,MADRID,28014,LOS JERONIMOS,RETIRO,441227,4474329,40.41751289873052,-3.692768317427539,"915 238 516 (lunes a viernes, de 9 a 14 horas)",,museonavalmadrid@fn.mde.es y reservas_museonaval@fn.mde.es,/contenido/entidadesYorganismos/Museos,
2085,Museo Postal y Telegráfico,"El  Museo Postal y Telegráfico ofrece al visitante un recorrido temático y cronológico a través  de la historia de las comunicaciones, desde la más tradicional, la carta, hasta las comunicaciones por satélite. En este museo se conservan y exhiben los fondos postales y de telecomunicación desde los primeros hitos conocidos hasta nuestros días.",De lunes a viernes de 9 a 14 y de 16 a 18 horas.,Bus: 161.,,,3,http://www.madrid.es/sites/v/index.jsp?vgnextchannel=bfa48ab43d6bb410VgnVCM100000171f5a0aRCRD&vgnextoid=c82cef4d7f71c010VgnVCM1000000b205a0aRCRD,TAPIA DE CASARIEGO,CALLE,V,6,,,,,MADRID,MADRID,28023,VALDEMARIN,MONCLOA-ARAVACA,434802,4479955,40.467706026917405,-3.7690721403206724,917 401 440 / 917 400 668,,info@museopostalytelegrafico.com,/contenido/entidadesYorganismos/Museos,
4997114,Museo Sorolla,,"De martes a sábado: de 9:30 a 20 horas  Domingos y festivos: de 10 a 15 horas Cerrado: todos los lunes del año, 1 de enero, 6 de enero, 1 de mayo, 9 noviembre, 24, 25 y 31 de diciembre",,"Metro: Rubén Darío (línea 5), Gregorio Marañón (líneas 7, 10), Iglesia (línea 1)  Bus: 16, 5, 61, 147, 40, 7",,3,http://www.madrid.es/sites/v/index.jsp?vgnextchannel=bfa48ab43d6bb410VgnVCM100000171f5a0aRCRD&vgnextoid=6dd05e93aad9c110VgnVCM1000000b205a0aRCRD,GENERAL MARTINEZ CAMPOS,PASEO,V,37,,,,,MADRID,MADRID,28010,ALMAGRO,CHAMBERI,441281,4476335,40.43557863874977,-3.6923288211390055,913 101 584,,museo.sorolla@cultura.gob.es,/contenido/entidadesYorganismos/Museos,
2077,Museo Taurino de la Comunidad de Madrid,"Situado en el Patio de Caballos, ofrece a sus visitantes un atractivo recorrido por la historia del toreo, demostrando la relevancia de la Tauromaquia en la historia y la cultura de España. De acceso gratuito, octavo monumento más visitado en la Comunidad de Madrid, en este espacio se pueden contemplar grabados de Goya, vestidos, monteras y capotes de paseo de grandes toreros del siglo XX o un rincón dedicado a la figura de Manolete.","De lunes a domingo, de 10 a 15 horas.",,"Metro: Ventas (líneas 2, 5).  Bus: 106, 110, 146, 21, 210, 38, 53.  Bicimad: Estación 187 (calle Alejandro González, 1).",,3,http://www.madrid.es/sites/v/index.jsp?vgnextchannel=bfa48ab43d6bb410VgnVCM100000171f5a0aRCRD&vgnextoid=958cef4d7f71c010VgnVCM1000000b205a0aRCRD,ALCALA,CALLE,V,237,,,,,MADRID,MADRID,28028,GUINDALERA,SALAMANCA,443775,4475871,40.43157110306013,-3.662872780933851,912 761 287,,museotaurinolasventas@madrid.org,/contenido/entidadesYorganismos/Museos,
2101,Museo Tiflológico,Edificio con una superficie de 1.500 m2 dividido en tres zonas con maquetas de monumentos nacionales e internacionales realizadas por invidentes e instrumentos utilizados por los invidentes desde hace 200 años. Es un espacio concebido para que sus visitantes puedan ver y tocar las piezas expuestas.,"Martes a viernes, de 10 a 15 horas y de 16 a 19 horas. Sábados de 10 a 14 horas. Cerrado: lunes, domingos y festivos. Consultar cierres especiales en http://museo.once.es",,"Metro: Estrecho (línea 1)  Bus: 66, 124, 126",,1,http://www.madrid.es/sites/v/index.jsp?vgnextchannel=bfa48ab43d6bb410VgnVCM100000171f5a0aRCRD&vgnextoid=baacef4d7f71c010VgnVCM1000000b205a0aRCRD,LA CORUÑA,CALLE,V,18,,,,,MADRID,MADRID,28020,CUATRO CAMINOS,TETUAN,440631,4478517,40.45519790204094,-3.7001960485997545,915 894 219,,museo@once.es,/contenido/entidadesYorganismos/Museos,
2068,Museo de Aeronáutica y Astronáutica,"El museo tiene por finalidad la adquisición, conservación y exposición de los bienes que constituyen el Patrimonio Histórico de la Aeronáutica Española. Dispone de una exposición exterior y siete hangares que albergan aeronaves, uniformes, condecoraciones, motores, maquetas y otros fondos relacionados con la aviación. Terminada la Guerra Civil y una vez creado el Ejército del Aire, se concibe la idea de crear un museo que reflejara la evolución e historia de nuestra aeronáutica. Desde 1975 el Museo está en Cuatro Vientos y se han sucedido varias ampliaciones que le convierten en un referente europeo de la aeronáutica.","De martes a domingo de 10 a 14 horas.  El aforo está actualmente limitado, siendo obligatoria la reserva online a través de la página de Reserva de visita al Museo.","Aparcamiento: gratuito, de 10 a 14 horas Cafetería: de 10 a 13:30 horas Punto de venta: de 10 a 13:30 horas  Visitas guiadas para grupos: de martes a domingo de 10 a 14 horas, previa petición de autorización por carta o correo electrónico (museodelaire@ea.mde.es). Se recomienda anticipar las peticiones por teléfono de lunes a viernes. Grupo mínimo de 10 personas.",,,3,http://www.madrid.es/sites/v/index.jsp?vgnextchannel=bfa48ab43d6bb410VgnVCM100000171f5a0aRCRD&vgnextoid=90aaef4d7f71c010VgnVCM1000000b205a0aRCRD,A-5,AUTOVIA,T,10.700,,,,"Km. 10,5",MADRID,MADRID,28024,CUATRO VIENTOS,LATINA,432238,4469498,40.37362,-3.80843,915 091 690,,museodelaire@ea.mde.es,/contenido/entidadesYorganismos/Museos,
2091,Museo de América,,"Horario:   De martes a sábado, de 9:30 a 15 horas. Jueves, apertura continuada de 9:30 a 19 horas. Domingos y festivos de 10 a 15 horas.",,"Metro: Moncloa (líneas 3, 6), Islas Filipinas (línea 7)  Autobús: 138, 62, 1, 132, 44, 82, C2, C1  Bicimad: Estación 128 (calle Cea Bermúdez, 59)",,"1,6",http://www.madrid.es/sites/v/index.jsp?vgnextchannel=bfa48ab43d6bb410VgnVCM100000171f5a0aRCRD&vgnextoid=c929ef4d7f71c010VgnVCM1000000b205a0aRCRD,REYES CATOLICOS,AVENIDA,V,6,,,,,MADRID,MADRID,28040,CIUDAD UNIVERSITARIA,MONCLOA-ARAVACA,438777,4476615,40.43792950973577,-3.72186494128936,915 492 641 / 915 439 437,915 446 742,museo.america@mecd.es,/contenido/entidadesYorganismos/Museos,
83922,Museo de Arte Contemporáneo de Madrid,"Al igual que otros museos de arte contemporáneo, nacionales o extranjeros, se ha utilizado un edificio histórico para albergar las colecciones: el Cuartel del Conde Duque. El Museo de Arte Contemporáneo recupera para los madrileños el despacho del escritor vanguardista Ramón Gómez de la Serna, como parte de su colección permanente.","De martes a viernes / Tuesday to Friday:  mañanas de 10 a 14 horas tardes de 15 a 21:00 horas    Sábados/ Saturday   mañanas de 10 a 14 horas tardes de 17:30 a 21:00 horas   Domingos y festivos/ Sunday &amp;amp; Holidays: 10:30 a 14:30 horas       Cierres: Todos los lunes /Every Monday, 1 y 6 de enero/January, 1 de mayo/ May, 24, 25 y 31 de diciembre/ December. Las salas se desalojan 15 minutos antes del cierre/ Gallery will be clear 15 minutes before closing.",,"Metro: Ventura Rodríguez, Plaza de España, San Bernardo, Noviciado.  Bus: 1, 2, 21, 44, 74, 133, C, M2  Bicimad: Estación 13, Calle Conde Duque n&amp;ordm;22.  Parking:  Plaza de España",,"1,6",http://www.madrid.es/sites/v/index.jsp?vgnextchannel=bfa48ab43d6bb410VgnVCM100000171f5a0aRCRD&vgnextoid=84a55c2cdc41c010VgnVCM2000000c205a0aRCRD,CONDE DUQUE,CALLE,V,9,,,,,MADRID,MADRID,28015,CENTRO,CENTRO,439723,4475437,40.42737760210632,-3.7106116887809817,Teléfono de sala: 914 801 766,,mmacmdifusion@madrid.es,/contenido/entidadesYorganismos/Museos,
2092,Museo de Astronomía y Geodesia,"El museo de Astronomía y Geodesia, situado en la Facultad de Ciencias Matemáticas de la Universidad Complutense de Madrid, agrupa una importante colección de instrumentos de Astronomía, Geodesia y Topografía, reunidos con el afán didáctico de dar a conocer la evolución de los métodos utilizados en estas disciplinas durante los últimos 150 años.",Visita con cita previa.,,"Bus: 132, F, 82, G, U.  Bicimad: Estación 260 (calle José Antonio Novais, frente al número 12).",,3,http://www.madrid.es/sites/v/index.jsp?vgnextchannel=bfa48ab43d6bb410VgnVCM100000171f5a0aRCRD&vgnextoid=ee49ef4d7f71c010VgnVCM1000000b205a0aRCRD,CIENCIAS,PLAZA,V,3,,,,,MADRID,MADRID,28040,CIUDAD UNIVERSITARIA,MONCLOA-ARAVACA,438419,4477894,40.44942472705852,-3.7262214898219117,913 944 615 / 913 944 583,,astronomia_geodesia@mat.ucm.es,/contenido/entidadesYorganismos/Museos,
5727435,Museo de Bomberos de Madrid,,"Visitas Guiadas   Debido al cierre por obras de esta instalación, quedan suspendidas las visitas.","Exposición fotográfica Un recorrido por toda su historia: grandes incendios, construcción de los primeros parques, bomberos fallecidos en acto de servicio...  Vehículos Una amplia gama de los vehículos utilizados en los últimos 400 años: Las primeras bombas brazales, clásicos de los años veinte y vehículos adaptados de la II Guerra Mundial.  Herramientas y equipos Diferentes escalas de gancho, extintores primitivos o las primeras lonas de salvamento nos dan una idea de cómo han trabajado los bomberos en los últimos siglos así como herramientas de distintas épocas que nos muestran el avance tecnológico en la lucha contra el fuego y salvamento.  Cascos Amplia exposición en la que se muestra la evolución de los cascos en Madrid. Además se expone una colección internacional en la que se aprecia, en su diseño, la mezcla de protección, materiales y comodidad en los diferentes países del mundo.  Uniformes De época, trajes de gala, así como varios modelos que fueron utilizados en sucesos destacados de la historia de Madrid. Completan esta colección varios trajes de aproximación al fuego y protección química especial entre otros.  Comunicaciones Antiguamente los bomberos se comunicaban mediante toques de corneta. Esta exposición muestra las partituras con sus particulares comandas. Además, la exposición incluye la evolución de los equipos de comunicaciones.  Sanitario Una cámara de recuperación respiratoria para los bomberos intoxicados por el humo en los fuegos es uno de los mayores atractivos de este área.",Metro: L1- Buenos Aires Bus: 141 y 143,"Abierto al público en 1982, reúne todos los instrumentos usados por los bomberos durante más de cuatro siglos.    Accesible                           Entrada gratuita     Visita para grupos            Apropiado para niños y niñas",1,http://www.madrid.es/sites/v/index.jsp?vgnextchannel=bfa48ab43d6bb410VgnVCM100000171f5a0aRCRD&vgnextoid=9f0966a8bba49210VgnVCM2000000c205a0aRCRD,BOADA,CALLE,V,4,,,,,MADRID,MADRID,28038,NUMANCIA,PUENTE DE VALLECAS,444504,4471753,40.39453171263195,-3.6539313207612207,,,jcbomberos@madrid.es,/contenido/entidadesYorganismos/Museos,
2090,Museo de Calcografía Nacional,"Reúne un extraordinario conjunto de planchas grabadas por los más significados artistas españoles, hasta conformar una de las mayores y mejores colecciones de matrices calcográficas del mundo. Su principal tesoro son las planchas de cobre grabadas al aguafuerte por Francisco de Goya, obras cumbres de la historia universal del grabado.","Abierto con el mismo horario que la exposición temporal. En ausencia de exposiciones temporales, consultar en la taquilla del museo, telefónicamente o en la web.","Sala de exposiciones temporales, Gabinete de Francisco de Goya y biblioteca de referencia.","Metro: Sol (líneas 1, 2, 3), Sevilla (línea 2).  Bus: 002, 15, 150, 20, 5, 53, M1, 51, 46, 146.  Cercanías Renfe: Sol (líneas C3 y C4).  Bicimad: Estaciones 1a y 1b (Puerta del Sol, 1) y 28 (calle Alcalá, 27).  Aparcamiento: Sevilla (41), calle Sevilla y calle Alcalá.",,3,http://www.madrid.es/sites/v/index.jsp?vgnextchannel=bfa48ab43d6bb410VgnVCM100000171f5a0aRCRD&vgnextoid=7169ef4d7f71c010VgnVCM1000000b205a0aRCRD,ALCALA,CALLE,V,13,,,,,MADRID,MADRID,28014,SOL,CENTRO,440667,4474557,40.41764548040709,-3.700667044636178,915 240 864,915 240 977,calcografianacional.archivo@rabasf.org,/contenido/entidadesYorganismos/Museos,
2084,Museo de Cera,,Horario de verano (Mayo a Septiembre)  Taquilla: 11 a 20 horas Público:  11 a 20:30 horas  Horario de invierno (Octubre a Abril)  Taquilla: de 11 a 18:30 horas Público: de 11 a 19 horas,,"Metro: Colón (línea 4)  Bus: 14, 150, 27, 45, 5, 53, 21, 37  Cercanías Renfe: Recoletos (líneas C1, C2, C7, C10)  Bicimad: Estación 10 (Calle Marqués de la Ensenada, 16)  Parking: Colón (2), Plaza de Colón s/n",,2,http://www.madrid.es/sites/v/index.jsp?vgnextchannel=bfa48ab43d6bb410VgnVCM100000171f5a0aRCRD&vgnextoid=9689ef4d7f71c010VgnVCM1000000b205a0aRCRD,RECOLETOS,PASEO,V,41,,,,,MADRID,MADRID,28004,JUSTICIA,CENTRO,441347,4475094,40.424403779665376,-3.6914362030084815,913 199 330,,info@museoceramadrid.com,/contenido/entidadesYorganismos/Museos,
2071,Museo de Escultura al Aire Libre de la Castellana,"El Museo de Escultura al Aire Libre de La Castellana, está situado bajo el paso elevado que une las calles de Juan Bravo y Eduardo Dato, contiene una excelente colección de escultura abstracta española.",Entrada libre. Espacio urbano abierto Abierto 24 horas al día los 365 días del año.,,"Transporte público más próximo   Metro: Rubén Darío (línea 5)  Bus: 5, 14, 27, 45, 150  BICIMAD: Estación 142 (Paseo de la Castellana n&amp;ordm;42)",,0,http://www.madrid.es/sites/v/index.jsp?vgnextchannel=bfa48ab43d6bb410VgnVCM100000171f5a0aRCRD&vgnextoid=eca9ef4d7f71c010VgnVCM1000000b205a0aRCRD,CASTELLANA,PASEO,V,40,,,,,MADRID,MADRID,28046,CASTELLANA,SALAMANCA,441678,4476070,40.433219398671156,-3.6876122680805956,915 885 921,,mmacmdifusion@madrid.es,/contenido/entidadesYorganismos/MonumentosEdificiosArtisticos,
2054,Museo de Historia de Madrid,Fue creado como museo municipal en 1929 y rebautizado como Museo de Historia de Madrid en 2007. En el año 2014 se hace una profunda remodelación y reabre sus puertas con un montaje moderno y una puesta al día de sus colecciones.,"De martes a domingos de 10 a 20 horas.  Verano: de martes a domingos de 10 a 19 horas.  Cerrado: lunes y los días 1 y 6 de enero, 1 de mayo,  24, 25 y 31 de diciembre.   El desalojo de las salas se hará diez minutos antes del cierre.",Biblioteca de investigación Servicio de documentación Guardarropa Zona wifi,"Metro: Tribunal, Bilbao y Alonso Martínez. Bus: 3, 21, 37, 40, 147 y 149. BICIMAD: Estación 54 (Calle Barceló 7) Aparcamiento público: Barceló.",Accesibilidad física:   Rampa de acceso a la entrada. Ascensores. Aseos adaptados. Silla de ruedas.,"1,6",http://www.madrid.es/sites/v/index.jsp?vgnextchannel=bfa48ab43d6bb410VgnVCM100000171f5a0aRCRD&vgnextoid=8f3079262ef5d010VgnVCM1000000b205a0aRCRD,FUENCARRAL,CALLE,V,78,,,,,MADRID,MADRID,28004,JUSTICIA,CENTRO,440550,4475251,40.42577054821346,-3.700845660719608,917 011 863,,smuseosm@madrid.es,/contenido/entidadesYorganismos/MonumentosEdificiosArtisticos,
4545827,Museo de Historia de la Comunidad Judía de Madrid,,,"Visitas guiadas   Para realizar las  visitas tiene que solicitarse previamente en el correo electrónico info@cjmadrid.org, aportando nombre, apellidos y Documento Nacional de Identidad.","Metro: Iglesia (línea 1).  Bus: 16, 61, 3, 37, 149.  Bicimad: Estación 246 (calle Santa Engracia, 87).",,1,http://www.madrid.es/sites/v/index.jsp?vgnextchannel=bfa48ab43d6bb410VgnVCM100000171f5a0aRCRD&vgnextoid=8f2a4a659ee71110VgnVCM1000000b205a0aRCRD,BALMES,CALLE,V,3,,,,,MADRID,MADRID,28010,TRAFALGAR,CHAMBERI,440629,4476313,40.43534317115623,-3.700013620203689,915 913 131,,info@cjmadrid.org,/contenido/entidadesYorganismos/Museos,
2095,Museo de Mineralogía,Presenta colecciones de minerales clasificados por su composición química y vitrinas murales con ejemplares de exhibición procedentes de todo el mundo.,"Martes, miércoles y jueves, de 12:30 a 14:30 horas Visitas guiadas o a otras horas, concertando previamente en el teléfono 913 974 132.",,Renfe: Cantoblanco Universidad,,3,http://www.madrid.es/sites/v/index.jsp?vgnextchannel=bfa48ab43d6bb410VgnVCM100000171f5a0aRCRD&vgnextoid=255aef4d7f71c010VgnVCM1000000b205a0aRCRD,FRANCISCO TOMAS Y VALIENTE,CALLE,V,7,,,,,MADRID,MADRID,28049,EL GOLOSO,FUENCARRAL-EL PARDO,441133,4488524,40.54537941407227,-3.6951833197962536,914 974 132 / 914 974 800,914 974 900,museo.mineralogia@uam.es,/contenido/entidadesYorganismos/Museos,
2112,Museo de San Isidro. Los Orígenes de Madrid,"Este espacio museográfico propone un viaje por la historia de la ciudad de Madrid desde la Prehistoria hasta el establecimiento de la Corte, a través de distintas salas como la de San Isidro, el Patio renacentista, el Jardín arqueobotánico o el Almacén visitable.","De martes a domingo y festivos de 10 a 20 horas.  Último pase de visita 15 minutos antes del cierre.    Verano, del 16 de junio al 15 de septiembre: de martes a domingo de 10 a 19 horas.  Cerrado todos los lunes, el 1 y 6 de enero, el 1 de mayo y los días 24, 25 y 31 de diciembre.","Sala de investigadores. Biblioteca especializada en arqueología e historia madrileña. Archivo documental. Almacén visitable con más de 600 piezas arqueológicas. Jardín arqueobotánico, con información documentada sobre las especies de la ciudad.  Investigadores: los fondos del Museo están a disposición de la comunidad científica y los investigadores podrán acceder tramitando su correspondiente solicitud. Visitas guiadas por voluntarios culturales. Talleres didácticos para grupos escolares. Zona wifi (Almacén visitable y salón de actos)","Metro: Latina , Tirso de Molina Bus: 3 , 17 , 18 , 23 , 35 , 60 , 65 , 148 BICIMAD: Estación 38 (Carrera de San Francisco 1)",,"2,6",http://www.madrid.es/sites/v/index.jsp?vgnextchannel=bfa48ab43d6bb410VgnVCM100000171f5a0aRCRD&vgnextoid=7b7aef4d7f71c010VgnVCM1000000b205a0aRCRD,SAN ANDRES,PLAZA,V,1,,,,,MADRID,MADRID,28005,PALACIO,CENTRO,439691,4473738,40.41207900253883,-3.7108161027466378,913 667 415,,museosanisidro@madrid.es,/contenido/entidadesYorganismos/Museos,
85301,Museo de Sanidad e Higiene Pública,"Con sede en el Instituto de Salud Carlos III, ocupa las antiguas dependencias del Laboratorio de Microbiología del Hospital del Rey. 300 m2 conservados tal cual su antiguo uso, con fondos de mobiliario, instrumental y bibliografía de los antiguos hospitales para enfermos infecciosos del complejo. Se resaltan hitos históricos relevantes en salud pública mediante láminas enmarcadas.","Sólo visitas de grupo con cita previa: de lunes a viernes laborables, de 10 a 14 horas.",Solicitud cita previa en teléfono 918 222 414 o museodesanidad@isciii.es,"Metro: Chamartín (líneas 1, 10), Plaza de Castilla (1, 9, 10)  Bus: 134, 137  Renfe: Chamartín",,3,http://www.madrid.es/sites/v/index.jsp?vgnextchannel=bfa48ab43d6bb410VgnVCM100000171f5a0aRCRD&vgnextoid=3e755c2cdc41c010VgnVCM2000000c205a0aRCRD,MONFORTE DE LEMOS,AVENIDA,V,5,,,,,MADRID,MADRID,28029,LA PAZ,FUENCARRAL-EL PARDO,441508,4480761,40.47546597881768,-3.6900603941123107,918 222 414,,museodesanidad@iscii.es,/contenido/entidadesYorganismos/Museos,
4591873,Museo de la Biblioteca Nacional de España,"El Museo de la Biblioteca Nacional de España, antiguo Museo del Libro, es responsable de la oferta educativa, formativa, cultural y de ocio de la institución y divulga las colecciones, funcionamiento e historia de la Biblioteca para todos los públicos.",Temporalmente cerrado. Consultar calendario de cierre.,,"Metro: Colón, (línea 4), Retiro (Línea 2)  Bus: 14, 150, 27, 37, 45, 5, 53, C03.  Cercanías Renfe: Recoletos (líneas C1, C2, C7, C8  y C10).  Bicimad: Estación 94 (Paseo Recoletos, 20)  Aparcamiento: Colón (2), plaza de Colón.",,1,http://www.madrid.es/sites/v/index.jsp?vgnextchannel=bfa48ab43d6bb410VgnVCM100000171f5a0aRCRD&vgnextoid=05920d3b4c503110VgnVCM2000000c205a0aRCRD,RECOLETOS,PASEO,V,20,,,,y 22,MADRID,MADRID,28001,RECOLETOS,SALAMANCA,441395,4474937,40.423001908945956,-3.69084423390357,915 168 967 / 915 807 759 de lunes a viernes de 9 a 14 horas.,,museo@bne.es,/contenido/entidadesYorganismos/Museos,
4566286,Museo de la Catedral de la Almudena,,"De lunes a sábado de 10 a 14:30 horas. Cerrado los domingos, fiestas de precepto y días de actos de culto especiales en la Catedral.",,"Bus: 3.  Metro: Ópera (Líneas 2, 5 y Ramal Ópera Príncipe Pío).  Bicimad: Estación 36 (plaza Ramales, 1).",Imprescindible reserva previa en  reservasmuseo@catedraldelaalmudena.es o teléfono 915 592 874,1,http://www.madrid.es/sites/v/index.jsp?vgnextchannel=bfa48ab43d6bb410VgnVCM100000171f5a0aRCRD&vgnextoid=82cb8d0e78d22110VgnVCM1000000b205a0aRCRD,BAILEN,CALLE,V,10,,,,Entrada por un costado de la entrada principal de la catedral,MADRID,MADRID,28013,PALACIO,CENTRO,439450,4474125,40.415538770017406,-3.7136931154460564,915 592 874,,reservasmuseo@catedraldelaalmudena.es,/contenido/entidadesYorganismos/Museos,
2073,Museo de la Farmacia Hispana,,"El Museo de la Farmacia Hispana solo puede visitarse realizando una reserva con antelación.La visita es gratuita, guiada y tiene una duración aproximada de 1 hora y media. Se realizan durante el curso lectivo, de lunes a viernes y en horario de mañana. El grupo no debe superar las 22 personas.",,"Metro: Ciudad Universitaria (línea 6).  Bus: 132, 82, G, U.  Bicimad: Estaciones 258 y 259 (avenida de la Complutense (Metro Ciudad Universitaria).",,2,http://www.madrid.es/sites/v/index.jsp?vgnextchannel=bfa48ab43d6bb410VgnVCM100000171f5a0aRCRD&vgnextoid=58f9ef4d7f71c010VgnVCM1000000b205a0aRCRD,RAMON Y CAJAL,PLAZA,V,0,,,,Facultad de Farmacia,MADRID,MADRID,28040,CIUDAD UNIVERSITARIA,MONCLOA-ARAVACA,438415,4477352,40.4445328804645,-3.7262160043788155,913 941 797,,museofar@ucm.es,/contenido/entidadesYorganismos/Museos,
2107,Museo de la Guardia Civil,,"Horario: de lunes a viernes de 9 a 14 horas. Cerrado, sábados, domingos y festivos.",,"Metro: Guzmán el Bueno (líneas 6, 7). Bus: 2, 45, 44. Bicimad: Estaciones 256 (calle Beatriz de Bobadilla, 2) y 203 (calle General Ampudia, 2).",,3,http://www.madrid.es/sites/v/index.jsp?vgnextchannel=bfa48ab43d6bb410VgnVCM100000171f5a0aRCRD&vgnextoid=003aef4d7f71c010VgnVCM1000000b205a0aRCRD,GUZMAN EL BUENO,CALLE,V,110,,,,,MADRID,MADRID,28003,VALLEHERMOSO,CHAMBERI,439594,4477325,40.44438523242585,-3.712300118990835,"915 146 000, extensiones 48495 (Oficina Museo), 48477 (Salas Museo)",,dg-estuhistoricos-registro@guardiacivil.org,/contenido/entidadesYorganismos/Museos,
2114,Museo de la Real Academia de Bellas Artes de San Fernando,"Construido inicialmente para palacio de Don Juan de Goyeneche, el edificio fue adquirido por la Academia de Bellas Artes en 1773 y reformado bajo la dirección de Fernando Chueca Goitia en 1973 y la fachada por Diego de Villanueva en 1774.","Colección permanente:  De martes a domingos y festivos de 10 a 14 horas.  Cerrado: todos los lunes y el mes de agosto.   Exposiciones temporales: consultar el apartado específico de la exposición temporal. Días cerrados: 1 y 6 de enero; 1 y 30 de mayo; 9 de noviembre; 24, 25 y 31 de diciembre.  En periodos vacacionales pueden sufrir cambios.",Sala de exposiciones - Accesible a personas con minusvalía (física).,"Metro: Sol (líneas 1, 2, 3), Sevilla (línea 2).  Bus: 002, 15, 150, 20, 5, 53, M1, 51, 46, 146.  Cercanías Renfe: Sol (líneas C3 y C4).  Bicimad: Estaciones 1a y 1b (Puerta del Sol, 1) y 28 (calle Alcalá, 27).  Aparcamiento: Sevilla (41), calle Sevilla y calle Alcalá.","Visitas guiadas (no grupos): 25 personas máximo (suspendidas temporalmente).  Martes, jueves y viernes no festivos a las 11 horas, excepto Navidad, Semana Santa y agosto.   Visitas para grupos a otras instalaciones diferentes del Museo: jueves no festivos a las 11:30 horas.  Gratuitas y guiadas a los centros escolares y asociaciones a cargo de voluntarios culturales del Museo.   Previa solicitud:   Visitas de grupo: museo.visitas@rabasf.org. Visitas privadas a museo cerrado:  actos.culturales@rabasf.org.  Cumplimentando formulario de petición de reservas en la web.",1,http://www.madrid.es/sites/v/index.jsp?vgnextchannel=bfa48ab43d6bb410VgnVCM100000171f5a0aRCRD&vgnextoid=924aef4d7f71c010VgnVCM1000000b205a0aRCRD,ALCALA,CALLE,V,13,,,,,MADRID,MADRID,28014,SOL,CENTRO,440558,4474350,40.41765456031193,-3.7006553517170633,915 240 864 (Centralita),915 241 034,museo@rabasf.org,/contenido/entidadesYorganismos/MonumentosEdificiosArtisticos,
2066,Museo del Ferrocarril de Madrid,"Edificio de carácter monumental. Proyectada por el ingeniero francés Émile Cacheliévre e inaugurada el 30 de marzo de 1880, la estación de Delicias fue la primera gran estación con carácter definitivo de Madrid.","De octubre a mayo:   Lunes a viernes, de 09:30 a 15:00 horas. Sábados y festivos, de 10:00 a 19:00 horas. Domingo, de 10:00 a 15:00 horas.   De junio a septiembre:   Lunes a domingo, de 10 a 15 horas.   Cerrado: 25 de diciembre, 1 y 6 de enero.","Mercado de Motores : segundo sábado y domingo del mes, de 11 a 21 horas (excepto agosto). El Museo cierra en su actividad ordinaria y el acceso es gratuito (www.mercadodemotores.es).    Feria del coleccionismo: primeros sábados de cada mes (excepto agosto) de 10 horas a 15 horas.  Mercadillo de Modelismo: primer domingo de cada mes (excepto el mes de agosto) de 10 a 14 horas.  Tren de jardín: todos los sábados, de 11:30 a 13:30 horas (excepto julio y agosto).   Teatro familiar: sábados, domingos y festivos, a las 11:30 y 13 horas (excepto julio y agosto).","Metro: Delicias (línea 3).  Bus: 19, 247, 45, 47, 59, 85, 86, 8, 55, 6.  Cercanías Renfe: Delicias (líneas C1, C7, C10 y Regional).  Bicimad: Estación 172 (Bustamante, 1).",,1,http://www.madrid.es/sites/v/index.jsp?vgnextchannel=bfa48ab43d6bb410VgnVCM100000171f5a0aRCRD&vgnextoid=091c4291ae91f010VgnVCM2000000c205a0aRCRD,DELICIAS,PASEO,V,61,,,,,MADRID,MADRID,28045,DELICIAS,ARGANZUELA,441124,4472418,40.400281290485566,-3.693817192160563,915 390 085,,,/contenido/entidadesYorganismos/MonumentosEdificiosArtisticos,
2058,Museo del Prado,"Construido inicialmente como Museo de Ciencias Naturales, este edificio neoclásico fue transformado en pinacoteca de las Colecciones Reales en 1818 con colecciones de pintura, dibujos, grabados, monedas y medallas desde el Románico hasta el siglo XIX.","De lunes a sábado, de 10 a 20 horas Domingos y festivos, de 10 a 17 horas Cerrado los días 1 de enero, 1 de mayo y 25 de diciembre Horario reducido, de 10 a 14 horas, los días 6 de enero, 24 y 31 de diciembre Horario gratuito, de lunes a sábado, de 18 a 20 horas; domingos y festivos, de 15 a 17 horas",,"Metro: Estación del Arte (Atocha) (línea 1), Banco de España (línea 2), Retiro (línea 2)  Bus: 10, 14, 27, 34, 37, 45  Renfe: Atocha  Bicimad: Estación 68 (calle Espalter, 1)",Arquitecto: Juan de Villanueva (1785 - 1808)  Adecuación: Antonio López Aguado (1818 - 1831)  Ampliación: Rafael Moneo (2000 - 2007),"1,4,6",http://www.madrid.es/sites/v/index.jsp?vgnextchannel=bfa48ab43d6bb410VgnVCM100000171f5a0aRCRD&vgnextoid=060079262ef5d010VgnVCM1000000b205a0aRCRD,RUIZ DE ALARCON,CALLE,V,23,,,,,MADRID,MADRID,28014,LOS JERONIMOS,RETIRO,441346,4473892,40.41358458131178,-3.691325445518223,913 302 800 / 902 10 70 77,,,/contenido/entidadesYorganismos/Museos,
2086,Museo del Reloj Grassy,"Arquitecto: Eladio Laredo Carranza (1916 - 1917). Fundado por el relojero francés Grassy en 1955, este museo narra la historia de este aparato de medición. Sus fondos, colección privada, consta de una amplia y variada colección de diferentes nacionalidades y los más variados estilos.",El museo está temporalmente cerrado.,,"Metro: Banco de España (línea 2), Sevilla (línea 2), Gran Vía (Líneas 1 y 5).  Bus: 52, 9, 00, 1, 146, 2, 3, 46, 74, 15, 150, 20, 5, 53, 51.  Bicimad: Estación 28 (calle Alcalá, 27).  Aparcamiento: Plaza del Rey (54).",,3,http://www.madrid.es/sites/v/index.jsp?vgnextchannel=bfa48ab43d6bb410VgnVCM100000171f5a0aRCRD&vgnextoid=daeaef4d7f71c010VgnVCM1000000b205a0aRCRD,GRAN VIA,CALLE,V,1,,,,,MADRID,MADRID,28013,CORTES,CENTRO,440779,4474514,40.41914770731552,-3.69806583195521,915 321 007,,,/contenido/entidadesYorganismos/Museos,
2059,Museo del Romanticismo,,"Horario de invierno (de noviembre a abril) De martes a sábado: de 9:30 a 18:30. Domingos y festivos: de 10 a 15 horas  Horario de verano (de mayo a octubre) De martes a sábado: de 9:30 a 20:30. Domingos y festivos: de 10 a 15 horas  Cerrado: Todos los lunes, 1 y 6 enero, 1 mayo, 9 noviembre, 24, 25 y 31 diciembre","Acceso para personas de movilidad reducida, audioguías, signoguías, bucle magnético, lupas de aumento","Metro: Tribunal (líneas 1, 10), Alonso Martínez (líneas 4, 5, 10)  Bus: 37, 149, 42, 3  Renfe: Recoletos  Bicimad: Estación 7 (calle Hortaleza, 75) / Estación 54 (calle Barceló, 7)  Parking: Barceló (69), C/ Barceló, s/n","Descripción monumental  Construido para casa palacio del Marqués de Matallana por el arquitecto Manuel Rodríguez, dentro de unas líneas clasicistas, tiene algunas leves reminiscencias del barroco, como las molduras en forma de orejeras en los balcones. Las estancias nobles se organizan en torno a dos patios cuadrados. Conserva un interesante jardín romántico. A finales del siglo XVIII el inmueble pasó a estar habitado por los Condes de la Puebla del Maestre y después, desde junio de 1921, fue sede de la Comisaría Regia de Turismo, organismo creado por el II Marqués de la Vega-Inclán. En 1924 se convirtió en Museo Romántico y desde entonces ha sido restaurado e intervenido en diversas ocasiones con motivo de su funcionamiento como museo.  Desde 2001 a 2009 el Museo fue reformado y puesto a punto, en aplicación de un plan museológico consistente en su renovación, ampliando su ámbito temático desde lo meramente literario hasta lo histórico, político, artístico y decorativo, para dar una visión de conjunto de esta etapa de la vida española. Muestra la ambientación de una casa romántica. Posee obras de los pintores más importantes del siglo XIX (Goya, Madrazo y otros) junto a esculturas, muebles, porcelanas, abanicos y todo tipo de complementos decorativos que nos recuerdan la forma de vida de una familia burguesa del siglo XIX.","1,6",http://www.madrid.es/sites/v/index.jsp?vgnextchannel=bfa48ab43d6bb410VgnVCM100000171f5a0aRCRD&vgnextoid=706cef4d7f71c010VgnVCM1000000b205a0aRCRD,SAN MATEO,CALLE,V,13,,,,,MADRID,MADRID,28004,JUSTICIA,CENTRO,440725,4475259,40.42585510296794,-3.6987835425963063,914 481 045 / 914 480 163,914 456 940,informacion.romanticismo@cultura.gob.es,/contenido/entidadesYorganismos/Museos,
6337393,Museo del Seguro. Fundación Mapfre,Ubicado en el edificio de Fundación MAPFRE exhibe una amplia colección de piezas relacionadas con la historia de la actividad aseguradora desde el siglo XVIII hasta nuestros días. Ofrece visitas guiadas y gratuitas para grupos.,Visitas en grupo previa reserva en su web.,,"Metro: Colón (línea 4).  Bus: 37, 14, 150, 27, 45, 5, 53, C03.  Cercanías Renfe: Recoletos (Líneas C1, C2, C7, C8, C10).  Bicimad: Estaciones 26 (plaza de las Salesas, 7) y 94 (paseo Recoletos, 20).  Aparcamiento: Garaje Piamonte (96), calle Piamonte, 16.",,3,http://www.madrid.es/sites/v/index.jsp?vgnextchannel=bfa48ab43d6bb410VgnVCM100000171f5a0aRCRD&vgnextoid=479b95f8c72d5310VgnVCM2000000c205a0aRCRD,BARBARA DE BRAGANZA,CALLE,V,14,,,,,MADRID,MADRID,28004,JUSTICIA,CENTRO,441273,4474967,40.42326356132727,-3.6922850587679505,,,,/contenido/entidadesYorganismos/Museos,
2115,Museo del Traje. Centro de Investigación del Patrimonio Etnológico (CIPE),"Edificio de carácter monumental, construido por Jaime López de Asiaín en 1969.","Salas de exposiciones   Martes a sábado, de 9:30 a 19:00 horas Domingos y festivos, de 10 a 15:00 horas  La taquilla finaliza su actividad de venta de entradas 15 minutos antes de la hora del cierre de la exposición.  Noches de verano - Verano en el Museo   Los jueves de julio y agosto, apertura extraordinaria: 9:30 - 22:30 horas  Cerrado: lunes, 1 enero, 1 y 15 mayo, 24, 25 y 31 diciembre",,"Metro: Ciudad Universitaria (línea 6)  Bus: 46, 160, 161, U, 82, G, 132, 83, 133, 162",,"1,4",http://www.madrid.es/sites/v/index.jsp?vgnextchannel=bfa48ab43d6bb410VgnVCM100000171f5a0aRCRD&vgnextoid=053c4291ae91f010VgnVCM2000000c205a0aRCRD,JUAN DE HERRERA,AVENIDA,V,2,,,,,MADRID,MADRID,28040,CIUDAD UNIVERSITARIA,MONCLOA-ARAVACA,438273,4476811,40.439657822278555,-3.7278378564088275,915 504 700,,,/contenido/entidadesYorganismos/Museos,
2061,Palacio Real de El Pardo,"Recinto en el que se conserva el Palacio, construido sobre el castillo del siglo XV, la Casita del Príncipe, del siglo XVIII y la Quinta del Duque de Arco (Palacete que fue Casa de Labor y sus tierras). Desde 1983 ha sido adecuado para residencia de Jefes de Estado extranjeros en visita oficial.",Consultar la  web  o telefónicamente.,,Bus: 601 (Madrid - Colonia Mingorrubio).,,1,http://www.madrid.es/sites/v/index.jsp?vgnextchannel=bfa48ab43d6bb410VgnVCM100000171f5a0aRCRD&vgnextoid=9f9def4d7f71c010VgnVCM1000000b205a0aRCRD,MANUEL ALONSO,CALLE,V,8,,,,,MADRID,MADRID,28048,EL PARDO,FUENCARRAL-EL PARDO,434247,4485823,40.520522342970146,-3.7762390614462853,914 548 700 (Información general),,info@patrimonionacional.es,/contenido/entidadesYorganismos/MonumentosEdificiosArtisticos,
2062,Palacio Real de Madrid,"Construido sobre el solar del antiguo Alcázar tras un incendio en 1734. Proyectado por Juvara en 1735 y construido por Sachet de 1738 a 1764 bajo las influencias del clasicismo barroco. A partir de 1770, Sabatini añadió el ala sudeste y realizó la gran escalera. Es de destacar el gran patio que articula el edificio y la fachada principal que aloja el balcón y Escudo Real.","Lunes a sábado, de 10 a 18 horas. Domingos y festivos, de 10 a 16 horas.  Para cierres durante el año o motivados por la celebración de actos oficiales o festividad en el municipio consultar la web.  Jardines del Campo del Moro   Todos los días, de 10 a 18 horas.","Relevo solemne de la Guardia en el Palacio Real de Madrid  La Guardia Real realiza este relevo los primeros miércoles de cada mes, a las 12 horas (excepcionalmente puede haber cambios, consultar en http://www.guardiareal.org/. El acto tiene una duración aproximada de 50 minutos, y se desarrolla en la Plaza de la Armería, finalizando con un concierto de la Unidad de Música en la Puerta del Príncipe (calle Bailén). La entrada es libre y gratuita, hasta completar aforo. Se accede por el Arco de Santiago (calle Bailén esquina con Requena). No se celebra en enero, agosto y septiembre, ni cuando coincide con actos oficiales.   Relevo de la Guardia en la Puerta del Príncipe del Palacio Real de Madrid  El acto se lleva a cabo todos los miércoles y sábados del mes, desde las 11 hasta las 14 horas, exceptuando del 19 de junio al 18 de septiembre que será desde las 10 hasta las 12 horas, siempre y cuando los actos oficiales o la climatología lo permitan. Tiene lugar en la calle Bailén.","Metro: Ópera (líneas 2, 5 y Ramal Ópera Norte).  Bus: 3, 25, 39, 148.  Cercanías: Príncipe Pío.  Bicimad: Estación 36 (Plaza de Ramales, 1).",,1,http://www.madrid.es/sites/v/index.jsp?vgnextchannel=bfa48ab43d6bb410VgnVCM100000171f5a0aRCRD&vgnextoid=47ddef4d7f71c010VgnVCM1000000b205a0aRCRD,BAILEN,CALLE,V,0,,,,,MADRID,MADRID,28013,PALACIO,CENTRO,439540,4474703,40.42075212551193,-3.712699107286406,914 548 700 (Información general),,info@patrimonionacional.es,/contenido/entidadesYorganismos/MonumentosEdificiosArtisticos,
2079,Panteón de Hombres Ilustres,La construcción de este edificio responde a dos de las constantes de fines de siglo: la arquitectura historicista y la escultura funeraria. En él reposan trece personajes ilustres de la historia política y militar española.,De martes a sábado de 10 a 14 y de 16 a 18:30 horas Domingos y festivos de 10 a 15 horas Cerrado todos los lunes del año,,"Metro: Estación del Arte (Atocha) (línea 1)  Bus: 10, 14, 24, 32, 37, 54, 57, 141, 26, C1, C2, 102  Renfe: Atocha",,1,http://www.madrid.es/sites/v/index.jsp?vgnextchannel=bfa48ab43d6bb410VgnVCM100000171f5a0aRCRD&vgnextoid=361cef4d7f71c010VgnVCM1000000b205a0aRCRD,JULIAN GAYARRE,CALLE,V,3,,,,,MADRID,MADRID,28014,PACIFICO,RETIRO,442012,4473070,40.40622617519116,-3.683413041846525,914 548 700 (Información general),,info@patrimonionacional.es,/contenido/entidadesYorganismos/MonumentosEdificiosArtisticos,
3362,Parroquia Santa Cruz,,,,"Metro: Sol (líneas 1, 2 y 3), Tirso de Molina (línea 1).  Bus: 50, 26, 32, 6, 65, 18, 23, 17, 002, M1, 31.  Cercanías Renfe: Sol (líneas C3,C4 y Regional).  Bicimad: Estaciones 32 (plaza de la Provincia, 1), 34 (plaza de Jacinto Benavente), 40 (plaza del Conde Romanones, 9).  Aparcamientos: Plaza Mayor (55) y Jacinto Benavente (15) plaza Jacinto Benavente.",,3,http://www.madrid.es/sites/v/index.jsp?vgnextchannel=bfa48ab43d6bb410VgnVCM100000171f5a0aRCRD&vgnextoid=40e0b069a541f010VgnVCM1000000b205a0aRCRD,ATOCHA,CALLE,V,6,,,,,MADRID,MADRID,28012,SOL,CENTRO,440165,4474015,40.414608558946085,-3.705255882048698,913 691 239,,santacruz@archimadrid.es,/contenido/entidadesYorganismos/MonumentosEdificiosArtisticos,
2213,Planetario de Madrid,"Inaugurado el 29 de septiembre de 1986, es un centro dependiente del Área de Cultura, Turismo y Deporte del Ayuntamiento de Madrid. Durante los años 2016/2017 fue sometido a una profunda renovación tanto tecnológica como de las instalaciones y edificio, posible en virtud de un acuerdo de colaboración entre el Ayuntamiento de Madrid y la Obra Social &amp;ldquo;la Caixa&amp;rdquo; &amp;ndash; que incluye dotación de contenidos, renovación de exposiciones y la realización de actividades varias en el campo de la divulgación científica. Siempre con el fin de contribuir a la difusión de la astronomía y de la ciencia en general, tanto entre escolares como entre el público de cualquier edad y condición, posee una variada oferta de proyecciones audiovisuales, exposiciones y actividades (talleres, cursos, conferencias, observaciones públicas...). Las proyecciones que se ofrecen en el Planetario de Madrid se renuevan periódicamente y tienen una duración aproximada de 30 minutos. Existen dos programaciones básicas diferentes: una activa durante el verano y época de vacaciones escolares, y otra durante el curso escolar. Durante el curso escolar, las proyecciones de las mañanas de los días lectivos se reservan a escolares.   Video de presentación del centro   Folleto informativo (PDF)  Planetario en  Google Maps","Horario del centro (curso escolar 2021-22, adaptación a CoviD-19): De martes a domingo, de 10:00 a 13:30 y de 17:00 (*) a 19:30.  Acceso permitido sólo a público con entradas ya adquiridas. Visita pautada.  Cerrado: Todos los lunes del año. Días 1 y 6 de enero; 1 de mayo; 24, 25 y 31 de diciembre. (*) Viernes, de 17:30 a 19:30 h.","Sala de Proyección. Planta calle. Para acceder a ella es necesario adquirir una entrada.   Cuatro áreas expositivas de acceso gratuito, distribuidas en dos plantas:   Sala de Astrónomos. Planta baja. Vestíbulo de la planta baja. Vestíbulo de la planta calle. Zona Audiovisual con pantalla de retroproyección. Planta calle.      Sala de Video. Planta baja, en donde se desarrollan los talleres ofertados.","Metro: Méndez Álvaro (línea 6). Bus: 148, 156. BICIMAD: Estación 177 (Calle Bolívar 3).  Planetario en  Google Maps",,"1,6",http://www.madrid.es/sites/v/index.jsp?vgnextchannel=bfa48ab43d6bb410VgnVCM100000171f5a0aRCRD&vgnextoid=c9c5b069a541f010VgnVCM1000000b205a0aRCRD,PLANETARIO,AVENIDA,V,16,,,,,MADRID,MADRID,28045,LEGAZPI,ARGANZUELA,441868,4471523,40.392279999540044,-3.684956957448299,"914 673 461 (reserva grupos)                                                                                                                                                                                                                                                                                                                                                                                                                                               
914 673 898 (contestador automático de información)",,buzon@planetmad.es,/contenido/entidadesYorganismos/Planetarios,
3359,Real Basílica San Francisco el Grande,"Conjunto conventual que sustituyó al monasterio franciscano medieval, construido por Francisco de las Cabezas entre 1761 y 1768, que fue relevado por Antonio Polo y que concluye Francisco Sabatini en 1784 donde se exponen colecciones de pinturas de los siglos XVII al XIX.","Visita Guiada Museo:    De martes a viernes de 10:30 a 12:30 y de 16 a 18 horas.  Julio, agosto y septiembre: de martes a viernes de 10:30 a 12:30 y de 17 a 19 horas.   Sábados de 10:30 a 12:30 y de 16 a 18 horas (entrada libre sin guía).",,"Metro: La Latina (línea 5) , Puerta de Toledo (línea 5).  Bus: 002, 17, 18, 23, 35, 60.  Bicimad: Estación 37 (Plaza San Francisco, 5).  Aparcamiento: Parking VOT (97), Ventosa.",,3,http://www.madrid.es/sites/v/index.jsp?vgnextchannel=bfa48ab43d6bb410VgnVCM100000171f5a0aRCRD&vgnextoid=ef8d0713fb71c010VgnVCM1000000b205a0aRCRD,SAN BUENAVENTURA,CALLE,V,1,,,,,MADRID,MADRID,28005,PALACIO,CENTRO,439377,4473603,40.41084005024222,-3.714503845728281,913 653 800,,,/contenido/entidadesYorganismos/MonumentosEdificiosArtisticos,
2087,Real Fábrica de Tapices,,"Visitas guiadas: Lunes a viernes a las 10, 11, 12 y 13 horas en castellano. Duración de la visita 40 minutos. Es obligatorio efectuar una reserva previa mediante el correo electrónico visitasmuseo@realfabricadetapices.com.",,"Metro: Menéndez Pelayo (línea 1).  Bus: 10, 14, 26, 32, C1, C2, 141, 24, 37, 54, 57, 152.  Bicimad: Estación 79 (avenida de menéndez Pelayo, 38).",,3,http://www.madrid.es/sites/v/index.jsp?vgnextchannel=bfa48ab43d6bb410VgnVCM100000171f5a0aRCRD&vgnextoid=53cbff632081c010VgnVCM1000000b205a0aRCRD,FUENTERRABIA,CALLE,V,2,,,,,MADRID,MADRID,28014,PACIFICO,RETIRO,442087,4473054,40.406087329011655,-3.682515969574079,914 340 550,,informacion@realfabricadetapices.com,/contenido/entidadesYorganismos/MonumentosEdificiosArtisticos,
4707297,Real Monasterio de Santa Isabel,"El Real Monasterio de Santa Isabel está situado en Madrid, dentro de la ciudad histórica, en una gran manzana, próxima a Atocha. Santa Isabel agrupa dos fundaciones, un colegio de niñas, establecido por Felipe II, y un convento de clausura de monjas agustinas recoletas, fundado por la esposa de Felipe III, doña Margarita de Austria. La arquitectura de la iglesia se debe a Gómez de Mora, de mediados del siglo XVIII. En la clausura se conservan numerosas obras pictóricas de los siglos XVII y XVIII.",El acceso al templo sólo es posible en horario de culto.,,"Metro: Estación del Arte (Atocha) (línea 1)  Bus: 26, 32, 6, 27, 34, C1  Renfe: Atocha",,3,http://www.madrid.es/sites/v/index.jsp?vgnextchannel=bfa48ab43d6bb410VgnVCM100000171f5a0aRCRD&vgnextoid=545b544a249c6110VgnVCM1000000b205a0aRCRD,SANTA ISABEL,CALLE,V,48,,,,,MADRID,MADRID,28012,EMBAJADORES,CENTRO,440655,4473736,40.41213027498252,-3.6994547941964946,914 548 700 (Información general),,info@patrimonionacional.es,/contenido/entidadesYorganismos/MonumentosEdificiosArtisticos,
3349,Real Monasterio de la Encarnación,"Edificio construído por Juan Gómez de Mora de 1611 a 1616 como monasterio anejo al Alcázar Real, modelo de lo que se ha dado en llamar barroco madrileño. Cuenta con la reliquia de San Pantaleón.",Consultar horarios.,,"Metro: Ópera (líneas 2, 5 y Ramal Ópera Príncipe Pío), Plaza de España (líneas 3, 10)  Bus: 3, 25, 39, 148  Bicimad: Estación 25 a y b (Plaza Celenque, 1)",,3,http://www.madrid.es/sites/v/index.jsp?vgnextchannel=bfa48ab43d6bb410VgnVCM100000171f5a0aRCRD&vgnextoid=72ad0713fb71c010VgnVCM1000000b205a0aRCRD,ENCARNACION,PLAZA,V,1,,,,,MADRID,MADRID,28013,PALACIO,CENTRO,439634,4474582,40.41967800877382,-3.711567962866152,914 548 700 (Información general),,info@patrimonionacional.es,/contenido/entidadesYorganismos/MonumentosEdificiosArtisticos,
3348,Real Monasterio de las Descalzas Reales,"Convento fundado por la Princesa Juana de Austria, transformando un antiguo palacio de su madre Isabel de Portugal.",Consultar la  web  o telefónicamente.,,"Metro: Ópera (líneas 2, 5 y Ramal Ópera-Príncipe Pío).  Bus: 3, 25, 39, 148.  Bicimad: Estación 25 a y b (Plaza de Celenque).",,3,http://www.madrid.es/sites/v/index.jsp?vgnextchannel=bfa48ab43d6bb410VgnVCM100000171f5a0aRCRD&vgnextoid=12e113db5b71c010VgnVCM1000000b205a0aRCRD,DESCALZAS,PLAZA,V,3,,,,,MADRID,MADRID,28013,SOL,CENTRO,440087,4474418,40.418233359889484,-3.706213134639163,914 548 700,,info@patrimonionacional.es,/contenido/entidadesYorganismos/MonumentosEdificiosArtisticos,
20605,Templo de Debod,"Templo egipcio dedicado a Amón de Debod y a Isis, construido entre 185 AC y el siglo I de la Era. Fue donado por Egipto a España en 1968, en agradecimiento por la ayuda en el salvamento de los templos de Abu Simbel.  Egyptian temple dedicated to Amun of Debod and Isis. It was built between 185 BC and the 1st century. It was donated by Egypt to Spain in 1968 for its help in the rescue of the temples of Abu Simbel.","Martes a domingo y festivos, de 10 a 19  horas.  Cerrado los lunes y los días 1 y 6 de enero, 1 de mayo, 24, 25 y 31 de diciembre. Último pase de visita 30 minutos antes del cierre. El horario y la apertura de salas pueden sufrir modificaciones. Por favor, confírmelo en el teléfono de información del museo.","Obtención de información sobre sus fondos y colecciones con fines de investigación, enseñanza o difusión.   Se pueden realizar fotografías o grabaciones de vídeo libremente en el exterior o en el interior del templo, siempre y cuando no se utilicen flash o trípode y su fin no sea comercial. Para la obtención de reproducciones de fotografías del archivo del templo de Debod con fines editoriales, de investigación, difusión o comerciales el interesado deberá cumplimentar la solicitud de Reproducciones Fotográficas. La realización de reportajes fotográficos y grabaciones profesionales en el recinto del templo de Debod (estanque delantero, plataformas y edificio) sólo será autorizada cuando los fines para los que se solicita sean la divulgación y difusión cultural del monumento o de las actividades museísticas que en él se desarrollen. Cualquier otra finalidad, gratuita o comercial, será desestimada. El horario de información telefónica y telemática del Templo de Debod es de lunes a viernes de 8 a 15 horas. Fuera de este horario puede utilizar el teléfono gratuito de Línea Madridl 010 (915 298 210, si llama desde fuera de la ciudad de Madrid, con el prefijo 34 si llama desde fuera de España).","Metro: Plaza de España (líneas 3 y 10) y Ventura Rodríguez (línea 3) Bus: 1, 2, 3, 25, 39, 44, 46, 74, 75, 133, 138, 148, C1 y C2 Renfe: Príncipe Pío  Bus turístico: Ruta 1. PARADA 10 - Templo de Debod Otras formas de acceso:   Aparcamiento de coches: dentro del Área de Estacionamiento Regulado de la ciudad de Madrid.  BICIMAD (Servicio público de bicicletas de la ciudad de Madrid): Estación 115 (calle Evaristo San Miguel s/n.,entre Paseo Pintor Rosales y calle Ferraz)","El templo de Debod no cuenta en la actualidad con accesos adaptados a personas con movilidad reducida y la circulación en su interior es igualmente difícil. Puedes consultar en el documento Templo de Debod. Turismo accesible  las características de su accesibilidad.  Debod temple has currently no access adapted for people with reduced mobility.    El templo es un monumento histórico de una antig&amp;uuml;edad de 2.200 años. Su estructura interna, que constituye el espacio de actual de exposición, está formada por distintas salas de dimensiones reducidas, con vanos estrechos y numerosas barreras, que responden a los fines y necesidades de los cultos religiosos que en él tuvieron lugar, pero que imposibilitan la circulación con sillas de ruedas convencionales.  La legislación sobre accesibilidad vigente en nuestra Comunidad (Ley 8/1993 de 22 de Junio de Promoción de la Accesibilidad y Supresión de Barreras Arquitectónicas), en su disposición adicional 7&amp;ordf;, exime de su aplicación en los inmuebles declarados Bien de Interés Cultural o en aquellos edificios de valor histórico-artístico. No obstante, se está trabajando en hacer accesibles las plataformas en las que se levanta el templo y sus dos portales.","0,6",http://www.madrid.es/sites/v/index.jsp?vgnextchannel=bfa48ab43d6bb410VgnVCM100000171f5a0aRCRD&vgnextoid=13b432df1d51c010VgnVCM2000000c205a0aRCRD,FERRAZ,CALLE,V,1,,,,,MADRID,MADRID,28008,CASA DE CAMPO,MONCLOA-ARAVACA,439218,4475093,40.42425096551599,-3.716531855540272,913 667 415 (Museo de San Isidro / Templo de Debod),,templodebod@madrid.es,/contenido/entidadesYorganismos/MonumentosEdificiosArtisticos,
7685664,The Robot Museum (Museo del Robot),,Viernes:  De 17:15 a 20:15 horas.   Sábados: De 16:15 a 20:15 horas.,,"Metro: Ruben Darío (línea 5), Nuñez de Balboa (líneas 5 y 9).  Bus: 19, 51, 9, 14, 150, 27, 45, 5, 1, 74.  Bicimad: Estación 142 (paseo de la Castellana, 42).",,3,http://www.madrid.es/sites/v/index.jsp?vgnextchannel=bfa48ab43d6bb410VgnVCM100000171f5a0aRCRD&vgnextoid=e0b7b8dc8f719410VgnVCM1000000b205a0aRCRD,SERRANO,CALLE,V,61,BAJA,,,,MADRID,MADRID,28006,CASTELLANA,SALAMANCA,441732,4475957,40.43221485554042,-3.6869551422270077,914 478 808,,,/contenido/entidadesYorganismos/Museos,
7071384,Yacimiento paleontológico. Estación de Metro Carpetana,"Durante las obras de remodelación de la estación de Carpetana se descubrieron restos paleontológicos con valiosos hallazgos del Mioceno, lo que ha hecho posible una reconstrucción de los paleoambientes en dos yacimientos verticales.","Todos los días durante la apertura de la estación, de 6 a 1:30 horas.",,"Metro: Carpetana (línea 6).  Bus: 119, 55, 17, 25.",,1,http://www.madrid.es/sites/v/index.jsp?vgnextchannel=bfa48ab43d6bb410VgnVCM100000171f5a0aRCRD&vgnextoid=05fbb57fd3c70410VgnVCM1000000b205a0aRCRD,VIA CARPETANA,CALLE,V,141,,,,,MADRID,MADRID,28047,VISTA ALEGRE,CARABANCHEL,437086,4471590,40.39254099575156,-3.7413026173286053,,,,/contenido/entidadesYorganismos/Museos,
10873287,Zapadores Ciudad del Arte,,Sábados y domingos de 12 a 18 horas.,,,,3,http://www.madrid.es/sites/v/index.jsp?vgnextchannel=bfa48ab43d6bb410VgnVCM100000171f5a0aRCRD&vgnextoid=c30ab3683ea58610VgnVCM2000001f4a900aRCRD,ANTONIO DE CABEZON,CALLE,V,70,,,,,MADRID,MADRID,28034,VALVERDE,FUENCARRAL-EL PARDO,442223,4483003,40.49572804745456,-3.6818117500732046,,,,/contenido/entidadesYorganismos/Museos,
