PK,NOMBRE,SAME_AS_NOMBRE,DESCRIPCION-ENTIDAD,HORARIO-APERTURA,HORARIO-CIERRE,FESTIVOS,EQUIPAMIENTO,METRO,BUS,RENFE,CONTENT-URL,NOMBRE-VIA,CLASE-VIAL,NUM,LOCALIDAD,CODIGO-POSTAL,BARRIO,SAME_AS_BARRIO,DISTRITO,LATITUD,LONGITUD,TELEFONO,FAX,EMAIL
7902770,Biblioteca Metro,,"El Bibliometro es un servicio de extensión bibliotecaria destinado al fomento de la lectura mediante el préstamo gratuito de libros en el Metro de Madrid. Promovido conjuntamente por el Ayuntamiento de Madrid y la Comunidad de Madrid en colaboración con Metro; el Bibliometro es el primer servicio común a los dos sistemas de Bibliotecas Públicas del Ayuntamiento de Madrid y la Comunidad de Madrid. El servicio gestionado por el Ayuntamiento de Madrid se centraliza en la Unidad Técnica de Bibliotecas Públicas; localizada en la calle Príncipe de Vergara; 140. El servicio de Bibliored es similar; pero en superficie.",13:30:00,20:00:00,,Datos de localización de los distintos módulos de Bibliometro. Servicios: Préstamo y renovación de libros. Acceda al catálogo de Bibliometro para búsqueda de libros y renovar sus préstamos.,,,,http://www.madrid.es/sites/v/index.jsp?vgnextchannel=bfa48ab43d6bb410VgnVCM100000171f5a0aRCRD&vgnextoid=3d2cd4bdf66bb410VgnVCM1000000b205a0aRCRD,calle del Príncipe de Vergara,CALLE,140,MADRID,28002,Ciudad Jardín,https://wikidata.org/entity/Q3773744,Chamartín,4.044.444.653.179.130,-367.813.993.012.987,91 588 57 24,,bib.metro@madrid.org
25526,Biblioteca Pública Latina - Antonio Mingote,https://wikidata.org/entity/Q85697873,,09:00:00,21:00:00,"Días de cierre: Sábados: 2 enero; 20 marzo; 3  abril; 16 de mayo; todos los sábados de julio; agosto y septiembre. Domingos: todos. Festivos:1 y 6 enero; 1 y 2 abril; 1; 3 y 15 mayo; 12 octubre; 1 y 9 noviembre; 6; 8; 24; 25 y 31 diciembre",Wifi gratuito,,"17; 138",fanjul (línea c5),http://www.madrid.es/sites/v/index.jsp?vgnextchannel=bfa48ab43d6bb410VgnVCM100000171f5a0aRCRD&vgnextoid=c73e995a8bf5d010VgnVCM2000000c205a0aRCRD,"Calle de Rafael Finat; Madrid",CALLE,51,MADRID,28044,Las Águilas,https://wikidata.org/entity/Q5971372,Latina,4.037.944.226.151.660,-3.769.445.829.090.450,915 093 625,917 068 193,bib.latina@madrid.org
1774,Biblioteca Pública Retiro - Elena Fortún,https://wikidata.org/entity/Q85697975,,09:00:00,21:00:00,"Días de cierre: Sábados: 2 enero; 20 marzo; 3  abril; 16 de mayo; todos los sábados de julio; agosto y septiembre. Domingos: todos. Festivos:1 y 6 enero; 1 y 2 abril; 1; 3 y 15 mayo; 12 octubre; 1 y 9 noviembre; 6; 8; 24; 25 y 31 diciembre",Wifi gratuito,"Pacífico (líneas 1; 6); Conde de Casal (línea 6)","56; 156; 10",,http://www.madrid.es/sites/v/index.jsp?vgnextchannel=bfa48ab43d6bb410VgnVCM100000171f5a0aRCRD&vgnextoid=44213d0b5e71c010VgnVCM1000000b205a0aRCRD,"Calle del Doctor Esquerdo; Madrid",CALLE,189,MADRID,28007,Adelfas,https://wikidata.org/entity/Q3774001,Retiro,4.040.356.992.125.350,-3.672.414.651.864.730,915 019 146,915 018 130,bib.retiro@madrid.org
1770,Biblioteca Pública Hortaleza,https://wikidata.org/entity/Q85697866,,09:00:00,20:30:00,"Días de cierre: Fines de semana y festivos; del 1 al 10 de enero; 19 y 22 de febrero; 19 de marzo; del 26 de marzo al 5 de abril; 3 de mayo; los meses de julio y agosto; del 22 al 31 de diciembre.",,Parque de Santa María (línea 4),"9; 107",,http://www.madrid.es/sites/v/index.jsp?vgnextchannel=bfa48ab43d6bb410VgnVCM100000171f5a0aRCRD&vgnextoid=e42e995a8bf5d010VgnVCM2000000c205a0aRCRD,ABERTURA,CALLE,2,MADRID,28033,Pinar del Rey,https://wikidata.org/entity/Q10349788,Hortaleza,4.047.723.185.032.390,-36.496.247.031.818.500,917 633 284,917 633 284,bib.hortaleza@madrid.org
1771,Biblioteca Pública José Acuña,,,09:00:00,21:00:00,"Días de cierre: Sábados: 11 de abril; 16 de mayo; todos los sábados de julio; agosto y septiembre; 26 de diciembre. Domingos: todos. Festivos: 1 y 6 de enero; 9 y 10 de abril; 1; 2 y 15 de mayo; 15 de agosto; 12 de octubre; 2 y  9 de noviembre; 7; 8; 24; 25 y 31 de diciembre.",90 puestos de lectura y 4 para el uso de Internet Wifi gratuito,"Arg&amp;uuml;elles (líneas 3; 4; 6); Ventura Rodriguez (línea 3)","62; 74",,http://www.madrid.es/sites/v/index.jsp?vgnextchannel=bfa48ab43d6bb410VgnVCM100000171f5a0aRCRD&vgnextoid=e9ad995a8bf5d010VgnVCM2000000c205a0aRCRD,QUINTANA,CALLE,9,MADRID,28008,Argüelles,https://wikidata.org/entity/Q64874,Moncloa-Aravaca,40.427.942.010.682.400,-37.169.600.607.379.900,915 413 619,915 426 939,bib.acuna@madrid.org
123303,Biblioteca Pública Municipal - José Hierro,https://wikidata.org/entity/Q85697922,,09:00:00,21:00:00,"Días de cierre: 1 y 6 de enero; 1 de mayo; fines de semana y festivos del mes de agosto; 24; 25 y 31 de diciembre.",Wifi gratuito,"Plaza Elíptica (líneas 6; 11)","6; 60; 81",,http://www.madrid.es/sites/v/index.jsp?vgnextchannel=bfa48ab43d6bb410VgnVCM100000171f5a0aRCRD&vgnextoid=943979262ef5d010VgnVCM1000000b205a0aRCRD,RAFAELA YBARRA,AVENIDA,43,MADRID,28026,Pradolongo,https://wikidata.org/entity/Q10352360,Usera,4.038.188.182.427.100,-37.106.164.073.640.200,914 229 501,914 691 901,bib.usera@madrid.org
1764,Biblioteca Pública Chamberí - José Luis Sampedro,https://wikidata.org/entity/Q85697863,,09:00:00,21:00:00,"Días de cierre: Sábados: 2 de enero; 20 de marzo; 3 de abril; todos los sábados de julio; agosto y septiembre. Todos los domingos. Festivos: 1 y 6 de enero; 19 de marzo; 1 y 2 de abril; 1; 3 y 15 mayo; 12 octubre; 1 y 9 de noviembre; 6; 8 ; 24; 25 y 31 de diciembre.",Wifi gratuito,"Iglesia (línea 1); Alonso Cano (línea 7); Quevedo (línea 2)","16; 61; 3; 37; 5; 149",,http://www.madrid.es/sites/v/index.jsp?vgnextchannel=bfa48ab43d6bb410VgnVCM100000171f5a0aRCRD&vgnextoid=5a2279262ef5d010VgnVCM1000000b205a0aRCRD,FELIPE EL HERMOSO,CALLE,4,MADRID,28010,Trafalgar,https://wikidata.org/entity/Q10384027,Chamberí,4.043.539.063.992.490,-36.996.132.452.669.000,914 459 782,914 472 444,bib.chamberi@madrid.org
181101,Biblioteca Pública Villa de Vallecas - Luis Martín Santos,https://wikidata.org/entity/Q85697979,,09:00:00,21:00:00,"Días de cierre: 1 y 6 de enero; 1 de mayo; fines de semana y festivos del mes de agosto; 24; 25 y 31 de diciembre.",Wifi gratuito,Villa de Vallecas (línea 1),58,,http://www.madrid.es/sites/v/index.jsp?vgnextchannel=bfa48ab43d6bb410VgnVCM100000171f5a0aRCRD&vgnextoid=09ac38d60b41c010VgnVCM2000000c205a0aRCRD,ANTONIO MARIA SEGOVIA,PLAZA,2,MADRID,28031,Santa Eugenia,https://wikidata.org/entity/Q390463,Villa de Vallecas,4.038.091.437.280.580,-3.613.674.447.421.730,912 760 231,,bib.villavallecas@madrid.org
5765642,Biblioteca Pública Luis Rosales,,,09:00:00,21:00:00,"Días de cierre: 1 y 6 de enero; 1 de mayo; fines de semana y festivos del mes de agosto; 24; 25 y 31 de diciembre.",Wifi gratuito,Carabanchel Alto (línea 11),"47; 108; 118; 121; 131",,http://www.madrid.es/sites/v/index.jsp?vgnextchannel=bfa48ab43d6bb410VgnVCM100000171f5a0aRCRD&vgnextoid=7a73f884ad3f9210VgnVCM1000000b205a0aRCRD,ANTONIA RODRIGUEZ SACRISTAN,CALLE,7,MADRID,28044,Puerta Bonita,https://wikidata.org/entity/Q3813762,Carabanchel,40.373.420.234.648.600,-37.480.802.097.487.600,912 760 233,914 613 331,bib.carabanchel@madrid.org
86719,Biblioteca Pública Villaverde - María Moliner,https://wikidata.org/entity/Q85697984,,09:00:00,21:00:00,"Días de cierre (2021): Sábados: 2 de enero; 20 de marzo; 3 de abril; todos los sábados de julio; agosto y septiembre. Domingos: todos. Festivos:1 y 6 de enero; 19 de marzo; 1 y 2 de abril; 1; 3 y 15 mayo; 12 octubre; 1 y 9 de noviembre; 6; 8; 24; 25 y 31 de diciembre.",Wifi gratuito,,76,puente alcocer (línea c5),http://www.madrid.es/sites/v/index.jsp?vgnextchannel=bfa48ab43d6bb410VgnVCM100000171f5a0aRCRD&vgnextoid=127979262ef5d010VgnVCM1000000b205a0aRCRD,VILLALONSO,CALLE,16,MADRID,28021,San andrés,https://wikidata.org/entity/Q390435,Villaverde,4.034.952.409.541.230,-3.710.123.586.489.830,917 230 194,917 979 458,bib.villaverde@madrid.org
1800,Biblioteca Pública Municipal - Miguel Hernández,https://wikidata.org/entity/Q85684236,,09:00:00,21:00:00,"Días de Cierre: Sábados: 2 de enero; 20 de marzo; 3 de abril; todos los sábados de julio; agosto y septiembre. Domingos: todos; Festivos:1 y 6 de enero; 19 de marzo; 1 y 2 de abril; 1; 3 y 15 mayo; 12 octubre; 1 y 9 de noviembre; 6; 8; 24; 25 y 31 de diciembre.",Wifi gratuito.,Miguel Hernández (línea 1),"144; 10",,http://www.madrid.es/sites/v/index.jsp?vgnextchannel=bfa48ab43d6bb410VgnVCM100000171f5a0aRCRD&vgnextoid=535979262ef5d010VgnVCM1000000b205a0aRCRD,RAFAEL ALBERTI,AVENIDA,36,MADRID,28018,Palomeras Sureste,https://wikidata.org/entity/Q10343901,Puente de Vallecas,4.038.449.423.079.660,-36.429.247.082.087.700,913 033 195,913 804 153,bib.vallecas@madrid.org
1773,Biblioteca Pública Moratalaz - Moratalaz,https://wikidata.org/entity/Q85697877,,09:00:00,21:00:00,"Días de cierre: Sábados: 2 de enero; 20 de marzo; 3 de abril; todos los sábados de julio; agosto y septiembre. Domingos: todos. Festivos: 1 y 6 de enero; 19 de marzo; 1 y 2 de abril; 1; 3 y 15 mayo; 12 octubre; 1 y 9 de noviembre; 6; 8; 24; 25 y 31 de diciembre.",Wifi gratuito,Artilleros (línea 9),"8; 20; 30; 100",,http://www.madrid.es/sites/v/index.jsp?vgnextchannel=bfa48ab43d6bb410VgnVCM100000171f5a0aRCRD&vgnextoid=457e995a8bf5d010VgnVCM2000000c205a0aRCRD,CORREGIDOR ALONSO DE TOBAR,CALLE,5,MADRID,28030,Fontarrón,https://wikidata.org/entity/Q10283284,Moratalaz,40.404.043.531.769.300,-3.649.450.874.958.100,914 394 688,914 370 234,bib.moratalaz@madrid.org
1757,Biblioteca Pública Municipal - Aluche,https://wikidata.org/entity/Q85697879,"La Biblioteca Pública de Aluche se inauguró en junio de 1992 con la asistencia del entonces alcalde D. José María Alvarez del Manzano. Se sitúa en la primera planta del Centro Cultural Fernando de los Ríos; diseñado por el arquitecto José María Guijarro. Desde 1986 y hasta la fecha de su inauguración oficial; se encontraba situada en este mismo centro cultural y planta pero en el ala derecha del edificio y con la mitad de superficie. La ubicación de la biblioteca en el centro cultural en la década de los 80  se decidió porque éste era considerado un elemento aglutinador de la vida asociativa y cultural de los distritos.",08:30:00,21:00:00,Días de cierre: Festivos y los días 24 y 31 de diciembre.,"Normas derivadas de la pandemia del coronavirus:   Es obligatorio el uso de mascarilla en el interior de la biblioteca. Se recomienda aplicar gel hidroalcohólico al entrar en el edificio y en aquellos espacios en los que esté a disposición de los usuarios.   Espacios:   Sala de consulta y lectura. Zona de publicaciones periódicas. Sala infantil y juvenil.    Servicios:   Préstamo de libros; multimedia y revistas. Préstamo de dispositivos de ayuda a la lectura (lupas para libros) Servicio de acceso público a Internet. Zona wifi. Información bibliográfica. Animación a la lectura y formación de usuarios: adaptadas a las medidas sanitarias.","Laguna; Casa de Campo; Aluche","25; 31; 138","laguna; aluche",http://www.madrid.es/sites/v/index.jsp?vgnextchannel=bfa48ab43d6bb410VgnVCM100000171f5a0aRCRD&vgnextoid=7f0e3d0b5e71c010VgnVCM1000000b205a0aRCRD,CAMARENA,CALLE,10,MADRID,28047,Aluche,https://wikidata.org/entity/Q31140,Latina,4.039.597.072.367.930,-37.562.716.852.987.800,91 719 89 96,,bpaluche@madrid.es
1755,Ana María Matute Municipal Public Library,https://wikidata.org/entity/Q70135254,"La Biblioteca Pública Municipal Ana María Matute sustituyó a la antigua Biblioteca Pública Municipal de Carabanchel. La Biblioteca de Carabanchel; sita en la calle de los Hermanos del Moral 15; fue inaugurada el 12 de diciembre de 1981 por el entonces alcalde; Enrique Tierno Galván; contaba con unos 250 m&amp;sup2;. Despues de 32 años de servicio; se traslada a su actual emplazamiento bajo el nombre actual. El proyecto arquitectónico fue encargado al estudio RSP. A la inauguración; el 28 de enero de 2013; asistieron la escritora Ana María Matute y la alcaldesa Ana María Botella.",08:30:00,21:00:00,Días de cierre: Festivos y los días 24 y 31 de diciembre.,"Normas derivadas de la pandemia del coronavirus:   Es obligatorio el uso de mascarilla en el interior de la biblioteca. Se recomienda aplicar gel hidroalcohólico al entrar en el edificio y en aquellos espacios en los que esté a disposición de los usuarios.   Espacios:   Sala de consulta y lectura. Sala polivalente. Zona de publicaciones periódicas. Sala infantil y juvenil.    Servicios:   Préstamo de libros; multimedia y revistas. Préstamo de dispositivos de ayuda a la lectura (lupas para libros) Servicio de acceso público a Internet. Zona wifi. Información bibliográfica. Animación a la lectura y formación de usuarios: adaptadas a las medidas sanitarias.",Marqués de Vadillo,"34; 35; 50; 118 y 119.",,http://www.madrid.es/sites/v/index.jsp?vgnextchannel=bfa48ab43d6bb410VgnVCM100000171f5a0aRCRD&vgnextoid=628e3d0b5e71c010VgnVCM1000000b205a0aRCRD,Isaac Albeniz,CALLE,1,MADRID,28019,San Isidro,https://wikidata.org/entity/Q3813733,Carabanchel,4.039.786.734.087.930,-3.720.088.245.008.890,91 588 08 30,,bpanammatute@madrid.es
1882,Biblioteca Pública Municipal - Benito Pérez Galdós,https://wikidata.org/entity/Q85687528,"La Biblioteca Pública Conde Duque se inaugura en los años 90; cuando se traslada a este edificio la Biblioteca Municipal situada en el actual emplazamiento del Museo de Historia de Madrid; en la calle Fuencarral; separándose la Biblioteca Pública de la Biblioteca Histórica; que habían estado juntas hasta entonces. El Cuartel de Conde Duque se reformó en 2011; obra llevada a cabo por el arquitecto Carlos de Riaño; inaugurándose de nuevo la biblioteca al año siguiente; en un primer momento fusionada con la Biblioteca Musical Víctor Espinós; de la que posteriormente se separaría. Con la reforma ganó en amplitud y homogeneidad con el resto de la red; ya que anteriormente no contaba con sala infantil ni multimedia. En 2019 recibe el nombre de Benito Pérez Galdós conmemorando el centenario del fallecimiento del escritor.",08:30:00,21:00:00,Días de cierre: Festivos y los días 24 y 31 de diciembre.,"Normas derivadas de la pandemia del coronavirus:   Es obligatorio el uso de mascarilla en el interior de la biblioteca. Se recomienda aplicar gel hidroalcohólico al entrar en el edificio y en aquellos espacios en los que esté a disposición de los usuarios.   Espacios:   Sala de consulta y lectura. Zona de publicaciones periódicas. Sala infantil y juvenil.   Servicios:   Préstamo de libros; multimedia y revistas. Préstamo de dispositivos de ayuda a la lectura (lupas para libros). Servicio de acceso público a Internet. Zona wifi. Información bibliográfica. Animación a la lectura y formación de usuarios: adaptadas a las medidas sanitarias.","Ventura Rodríguez; Plaza de España; San Bernardo y Noviciado.","1; 2; 7; 21; 44; 74; 147; circular; minibús m-2",,http://www.madrid.es/sites/v/index.jsp?vgnextchannel=bfa48ab43d6bb410VgnVCM100000171f5a0aRCRD&vgnextoid=13ec3d0b5e71c010VgnVCM1000000b205a0aRCRD,calle del Conde Duque,CALLE,9,MADRID,28015,Universidad,https://wikidata.org/entity/Q10387767,Centro,4.042.738.668.300.470,-37.105.999.955.473.600,91 588 59 10,,bpperezgaldos@madrid.es
1745,Biblioteca Pública Municipal - Canillejas,https://wikidata.org/entity/Q85697890,"La Biblioteca Pública Municipal de Canillejas se inauguró el 4 de agosto de 1981 en la tercera planta del edificio que entonces ocupaba la Junta Municipal del Distrito de San Blas; en la calle Torre Arias. Ocho años después se trasladó al edificio que ocupa hoy; en la calle Boltaña; justo enfrente de su ubicación anterior y en pleno núcleo comercial del barrio de Canillejas. Su reapertura al público; en las nuevas instalaciones; se produjo el 15 de marzo de 1989; compartiendo edificio con el Centro Cultural Buero Vallejo.",08:30:00,21:00:00,Días de cierre: Festivos y los días 24 y 31 de diciembre.,"Normas derivadas de la pandemia del coronavirus:   Es obligatorio el uso de mascarilla en el interior de la biblioteca. Se recomienda aplicar gel hidroalcohólico al entrar en el edificio y en aquellos espacios en los que esté a disposición de los usuarios.   Espacios:   Sala de consulta y lectura. Sala polivalente. Zona de publicaciones periódicas. Sala infantil y juvenil.    Servicios:   Préstamo de libros; multimedia y revistas. Préstamo de dispositivos de ayuda a la lectura (lupas para libros). Servicio de acceso público a Internet. Zona wifi. Información bibliográfica. Animación a la lectura y formación de usuarios: adaptadas a las medidas sanitarias.","Canillejas; Torre Arias (Línea 5).","77; 105; 140",,http://www.madrid.es/sites/v/index.jsp?vgnextchannel=bfa48ab43d6bb410VgnVCM100000171f5a0aRCRD&vgnextoid=eb9e995a8bf5d010VgnVCM2000000c205a0aRCRD,BOLTAÑA,CALLE,23,MADRID,28022,Canillejas,https://wikidata.org/entity/Q663013,San Blas,4.044.640.229.188.280,-36.117.933.204.271.000,91 741 11 34,,bpcanillejas@madrid.es
1794,Biblioteca Pública Municipal - Ciudad Lineal,https://wikidata.org/entity/Q85697893,"La Biblioteca de Ciudad Lineal se inauguró en febrero de 1993 asistiendo al acto el Alcalde; José M&amp;ordf; Alvarez del Manzano; y la entonces Concejal de Cultura; Esperanza Aguirre. Se encuentra dentro del Centro Cultural Príncipe de Asturias; en la primera planta. Su construcción se realizó para dar servicio a la zona y sustituir a la anterior biblioteca que había en los locales de un edificio de viviendas. Desde entonces ha sido ampliada tan solo una vez; en 50 m&amp;sup2;; en el año 2004; afectando esta obra a su distribución interna.",08:30:00,21:00:00,Días de cierre: Festivos y los días 24 y 31 de diciembre.,"Normas derivadas de la pandemia del coronavirus:   Es obligatorio el uso de mascarilla en el interior de la biblioteca. Se recomienda aplicar gel hidroalcohólico al entrar en el edificio y en aquellos espacios en los que esté a disposición de los usuarios.   Espacios:   Sala de consulta y lectura. Zona de publicaciones periódicas. Sala infantil y juvenil.   Servicios:   Préstamo de libros; multimedia y revistas. Préstamo de dispositivos de ayuda a la lectura (lupas para libros). Servicio de acceso público a Internet. Zona wifi. Información bibliográfica. Animación a la lectura y formación de usuarios: adaptadas a las medidas sanitarias.",Ciudad Lineal,"4; 38; 48; 70; 77; 105; 109",,http://www.madrid.es/sites/v/index.jsp?vgnextchannel=bfa48ab43d6bb410VgnVCM100000171f5a0aRCRD&vgnextoid=82ce995a8bf5d010VgnVCM2000000c205a0aRCRD,INSTITUCIÓN LIBRE DE ENSEÑANZA (ANTIGUA CALLE HERMANOS GARCÍA NOBLEJAS),AVENIDA,14,MADRID,28037,Pueblo Nuevo,https://wikidata.org/entity/Q71753,Ciudad Lineal,4.043.641.736.294.720,-3.637.346.971.302.500,915 887 566,,bpciudadlineal@madrid.es
1762,Biblioteca Pública Municipal David Gistau,,"La Biblioteca Pública Municipal David Gistau se encuentra dentro del Centro Cultural de Buenavista. El edificio que la alberga fue construido durante la II República por el Ayuntamiento de Madrid para Casa de Baños; según proyecto de José Lorite y reformado por el arquitecto municipal Salvador Pérez Arroyo en 1982. El cambio de función e inauguración como Centro Cívico tuvo lugar el 30 de abril de 1983 y la Biblioteca abrió sus puertas el 12 marzo de 1984. La Biblioteca; ocupa uno de los pabellones que alojaron las piletas de las piscinas y sus vestuarios; en concreto; la zona del vaso destinada al baño de los hombres. En la actualidad esta estructura se observa en la sala de lectura y consulta donde los usuarios adultos se sumergen en sus fondos bibliográficos. El 19 de octubre de 2020 la Biblioteca de Buenavista cambió su nombre por el del periodista y escritor David Gistau.",08:30:00,21:00:00,Días de cierre: Festivos y los días 24 y 31 de diciembre.,"Normas derivadas de la pandemia del coronavirus:   Es obligatorio el uso de mascarilla en el interior de la biblioteca. Se recomienda aplicar gel hidroalcohólico al entrar en el edificio y en aquellos espacios en los que esté a disposición de los usuarios.   Espacios:   Zona de publicaciones periódicas. Sala infantil y juvenil.    Servicios:   Préstamo de libros; multimedia y revistas. Préstamo de dispositivos de ayuda a la lectura (lupas para libros). Servicio de acceso público a Internet. Zona wifi. Información bibliográfica. Animación a la lectura y formación de usuarios: adaptadas a las medidas sanitarias.","Diego de León; Manuel Becerra","1; 12; 43; 48; 56; 74; circular",,http://www.madrid.es/sites/v/index.jsp?vgnextchannel=bfa48ab43d6bb410VgnVCM100000171f5a0aRCRD&vgnextoid=c53e3d0b5e71c010VgnVCM1000000b205a0aRCRD,"Avenida de los Toreros; Madrid",AVENIDA,5,MADRID,28028,La Guindalera,https://wikidata.org/entity/Q3814559,Salamanca,4.043.199.309.720.510,-3.670.929.243.543.710,91 724 08 04,,bpdavidgistau@madrid.es
51188,Municipal Public Library Dámaso Alonso,https://wikidata.org/entity/Q85685025,"La biblioteca se abrió al público en mayo de 1999 denominándose Biblioteca Mateo Inurria; por estar situada en dicha calle. En 2008; por acuerdo plenario; pasó a llamarse Biblioteca Dámaso Alonso. Y es que este poeta vivió en el número 25 de la calle Alberto Alcocer; en una casita con huerta y jardín situada en su momento a las afueras de Madrid; en Chamartín de la Rosa. En cuanto a los orígenes de la biblioteca; en 1997 la sede del diario Ya se convierte en sede del Barclays Bank. A cambio; la entidad cede una parcela al Ayuntamiento para la construcción de una biblioteca; que entregó ya equipada. En 2008 se amplió el vestíbulo; se instaló un ascensor y se cerró una de las dos escaleras. En su lugar se colocó un lucernario para iluminar la sala de lectura.",08:30:00,21:00:00,Días de cierre: Festivos y los días 24 y 31 de diciembre.,"Normas derivadas de la pandemia del coronavirus:   Es obligatorio el uso de mascarilla en el interior de la biblioteca. Se recomienda aplicar gel hidroalcohólico al entrar en el edificio y en aquellos espacios en los que esté a disposición de los usuarios.   Espacios:   Sala de consulta y lectura. Zona de publicaciones periódicas. Sala infantil y juvenil.    Servicios:   Préstamo de libros; multimedia y revistas. Préstamo de dispositivos de ayuda a la lectura (lupas para libros). Servicio de acceso público a Internet. Zona wifi. Información bibliográfica. Animación a la lectura y formación de usuarios: adaptadas a las medidas sanitarias.","Plaza de Castilla ; Duque de Pastrana","70; 107; 129; 174",,http://www.madrid.es/sites/v/index.jsp?vgnextchannel=bfa48ab43d6bb410VgnVCM100000171f5a0aRCRD&vgnextoid=5870007f8441f010VgnVCM1000000b205a0aRCRD,MANUEL FERRERO,CALLE,1,MADRID,28036,Castilla,https://wikidata.org/entity/Q3813735,Chamartín,40.467.453.379.213.100,-36.846.112.774.442.700,91 350 31 50,,bpdamasoalonso@madrid.es
6893633,Biblioteca Pública Municipal - Eugenio Trías. Casa de Fieras de El Retiro,https://wikidata.org/entity/Q85697904,"La Biblioteca Pública Eugenio Trías-Casa de Fieras de El Retiro fue inaugurada el 29 de abril de 2013. El edificio que alberga la biblioteca fue originariamente parte de las instalaciones que la Casa de Fieras tenía en el Parque de El Retiro; construido en tiempos de Fernando VII. El proyecto para esta nueva biblioteca; promovido  por la entonces Dirección General de Patrimonio Histórico; fue redactado por los arquitectos Jaime Nadal y Sebastián Araujo e incluye la rehabilitación de los dos grandes pabellones de la antigua Casa de Fieras; uno longitudinal de gran dimensión y otro transversal de menor tamaño así como la construcción de un pabellón de nueva planta imprescindible para cumplir con el  programa bibliotecario.",08:30:00,21:00:00,"Días de cierre: Festivos; Semana Santa (de jueves a domingo); el 24 y 31 de diciembre.","Normas derivadas de la pandemia del coronavirus:   Es obligatorio el uso de mascarilla en el interior de la biblioteca. Se recomienda aplicar gel hidroalcohólico al entrar en el edificio y en aquellos espacios en los que esté a disposición de los usuarios.   Espacios:   Sala de consulta y lectura. Sala polivalente; sala especializada en medio ambiente y salas de trabajo en grupo. Zona de publicaciones periódicas. Sala infantil y juvenil.    Servicios:   Préstamo de libros; multimedia y revistas. Servicio de acceso público a Internet. Zona wifi. Información bibliográfica. Animación a la lectura y formación de usuarios: adaptadas a las medidas sanitarias.",Ibiza,"20; 26; 63; 152 y circular",,http://www.madrid.es/sites/v/index.jsp?vgnextchannel=bfa48ab43d6bb410VgnVCM100000171f5a0aRCRD&vgnextoid=e791bed05ceed310VgnVCM1000000b205a0aRCRD,"Calle del Duque de Fernán Núñez; Madrid",PASEO,24,MADRID,28009,Jerónimos,https://wikidata.org/entity/Q10306766,Retiro,404.166.091.081.099,-36.795.930.368.034.800,91 480 48 38,,bpeugeniotrias@madrid.es
167128,Biblioteca Pública Municipal - Francisco Ayala,https://wikidata.org/entity/Q85697910,"La Biblioteca Francisco Ayala está ubicada en el barrio de Valdebernardo; en el distrito de Vicálvaro. Se inauguró en el año 2005. El edificio de dos plantas está situado en el eje que vertebra el barrio; en la planta inferior se situan los servicios de acceso a Internet y préstamo de adultos. En la planta superior se encuentra la sala infantil; la sala de lectura y la sala de actividades.",08:30:00,21:00:00,Días de cierre: Festivos y los días 24 y 31 de diciembre.,"Normas derivadas de la pandemia del coronavirus:   Es obligatorio el uso de mascarilla en el interior de la biblioteca. Se recomienda aplicar gel hidroalcohólico al entrar en el edificio y en aquellos espacios en los que esté a disposición de los usuarios.   Espacios:   Sala de consulta y lectura. Sala polivalente. Zona de publicaciones periódicas. Sala infantil y juvenil.   Servicios:   Préstamo de libros; multimedia y revistas. Préstamo de dispositivos de ayuda a la lectura (lupas para libros). Servicio de acceso público a Internet. Zona wifi. Información bibliográfica. Animación a la lectura y formación de usuarios: adaptadas a las medidas sanitarias.",Valdebernardo,"8; 71; 130",,http://www.madrid.es/sites/v/index.jsp?vgnextchannel=bfa48ab43d6bb410VgnVCM100000171f5a0aRCRD&vgnextoid=f05279262ef5d010VgnVCM1000000b205a0aRCRD,INDALECIO PRIETO,BULEVAR,21,MADRID,28032,Valdebernardo,https://wikidata.org/entity/Q43025212,Vicálvaro,4.039.982.891.410.400,-3.621.281.890.570.370,91 301 64 66,,bpfranciscoayala@madrid.es
1760,Biblioteca Pública Municipal - Francisco Ibañez,https://wikidata.org/entity/Q85697912,"La Biblioteca Pública Francisco Ibáñez se encuentra situada en el Centro Cultural Nicolás Salmerón (sito en la calle Mantuano; 51); en el barrio de Chamartín. Proviene de la antigua Biblioteca de Chamartín; que fue inaugurada en 1983. En el año 2015; después de una profunda remodelación; cambió su denominación por la actual de Francisco Ibáñez. La alcaldesa; Ana María Botella; inauguró las nuevas instalaciones y se proyectó un vídeo del guionista y dibujante de cómic que le da nombre en agradecimiento.",08:30:00,21:00:00,Días de cierre: Festivos y los días 24 y 31 de diciembre.,"Normas derivadas de la pandemia del coronavirus:   Es obligatorio el uso de mascarilla en el interior de la biblioteca. Se recomienda aplicar gel hidroalcohólico al entrar en el edificio y en aquellos espacios en los que esté a disposición de los usuarios.   Espacios:   Sala de consulta y lectura. Zona de publicaciones periódicas. Sala infantil y juvenil.   Servicios:   Préstamo de libros; multimedia y revistas. Préstamo de dispositivos de ayuda a la lectura (lupas para libros). Servicio de acceso público a Internet. Zona wifi. Información bibliográfica. Animación a la lectura y formación de usuarios: adaptadas a las medidas sanitarias.","Concha Espina; Prosperidad","9; 16; 29; 52",,http://www.madrid.es/sites/v/index.jsp?vgnextchannel=bfa48ab43d6bb410VgnVCM100000171f5a0aRCRD&vgnextoid=0fce3d0b5e71c010VgnVCM1000000b205a0aRCRD,Calle de Mantuano,CALLE,51,MADRID,28002,Ciudad Jardín,https://wikidata.org/entity/Q3773744,Chamartín,4.044.810.636.195.710,-36.762.309.620.097.300,91 510 37 56,,bpfranciscoibanez@madrid.es
1754,Biblioteca Pública Municipal Gabriel García Márquez,,"La Biblioteca Pública Municipal Gabriel García Marquez es heredera de la antigua biblioteca de la Meseta de Orcasur; abierta al público en 1983. En esta misma ubicación se abrió la actual en 1987; y posteriormente fue remodelada en 2014. Fue entonces cuando se cambió el nombre por el de Gabriel García Marquez.",08:30:00,21:00:00,Días de cierre: Festivos y los días 24 y 31 de diciembre.,"Normas derivadas de la pandemia del coronavirus:   Es obligatorio el uso de mascarilla en el interior de la biblioteca. Se recomienda aplicar gel hidroalcohólico al entrar en el edificio y en aquellos espacios en los que esté a disposición de los usuarios.   Espacios:   Sala de consulta y lectura. Sala polivalente; salas de trabajo en grupo. Zona de publicaciones periódicas. Sala infantil y juvenil.   Servicios:   Préstamo de libros; multimedia y revistas. Servicio de acceso público a Internet. Zona wifi. Información bibliográfica. Animación a la lectura y formación de usuarios: adaptadas a las medidas sanitarias.",San Fermín - Orcasur,"78; 116",orcasitas,http://www.madrid.es/sites/v/index.jsp?vgnextchannel=bfa48ab43d6bb410VgnVCM100000171f5a0aRCRD&vgnextoid=e4bf3d0b5e71c010VgnVCM1000000b205a0aRCRD,PUEBLO,PLAZA,2,MADRID,28041,Orcasur,https://wikidata.org/entity/Q10341270,Usera,40.366.768.324.753.400,-3.701.141.063.083.800,91 318 86 91,,bpgarciamarquez@madrid.es
1748,Biblioteca Pública Municipal - Gerardo Diego,https://wikidata.org/entity/Q85697914,"La Biblioteca de Vallecas Villa se abrió en 1987; en el local que había sido hasta entonces la escuela infantil del pueblo de Vallecas. Al transformarse en biblioteca; tomó el nombre del maestro de la antigua escuela -Francisco Fatou-; acudiendo a la inauguración su viuda; quien contribuyó con una importante aportación económica para la ampliación de sus fondos. En 1995 se trasladó desde la calle Manuel Vélez -donde quedó el Centro Cultural Francisco Fatou- a la vecina calle Monte Aya; en la que se inauguró un nuevo edificio en enero de 1996.  Su nueva sede se construyó sobre el solar del antiguo Cine Madrid. La práctica totalidad del edificio; salvo unas pequeñas dependencias destinadas a escuela de adultos; está dedicado a biblioteca. Es allí donde recibió su actual denominación como Biblioteca Pública Municipal Gerardo Diego.",08:30:00,21:00:00,Días de cierre: Festivos y los días 24 y 31 de diciembre.,"Normas derivadas de la pandemia del coronavirus:   Es obligatorio el uso de mascarilla en el interior de la biblioteca. Se recomienda aplicar gel hidroalcohólico al entrar en el edificio y en aquellos espacios en los que esté a disposición de los usuarios.   Espacios:   Sala de consulta y lectura. Sala polivalente. Zona de publicaciones periódicas. Sala infantil y juvenil.   Servicios:   Préstamo de libros; multimedia y revistas. Préstamo de dispositivos de ayuda a la lectura (lupas para libros). Servicio de acceso público a Internet. Zona wifi. Información bibliográfica. Animación a la lectura y formación de usuarios: adaptadas a las medidas sanitarias.",Villa de Vallecas (línea 1),"54; 58; 103; 130; 142",,http://www.madrid.es/sites/v/index.jsp?vgnextchannel=bfa48ab43d6bb410VgnVCM100000171f5a0aRCRD&vgnextoid=ca903d0b5e71c010VgnVCM1000000b205a0aRCRD,MONTE AYA,CALLE,12,MADRID,28031,casco histórico vallecas,,Villa de Vallecas,4.037.790.196.240.430,-36.227.296.605.039.500,91 380 66 33,,bpgerardodiego@madrid.es
79941,Biblioteca Pública Municipal - Gloria Fuertes,https://wikidata.org/entity/Q85697917,"La Biblioteca Pública Municipal Gloria Fuertes fue inaugurada en octubre del año 2001 asistiendo al acto el entonces alcalde; José María Álvarez del Manzano. El edificio es un proyecto de nueva planta de la arquitecta Carmen Blanco Hernández para albergar un centro cultural y la única biblioteca que; en la actualidad; presta servicio a los vecinos del distrito de Barajas. Desde los grandes ventanales que recorren la primera y segunda planta; donde se ubica la biblioteca; se aprecian los restos del reconstruido castillo de los Zapata; único que se conserva en el término municipal de Madrid; y un extenso olivar que pone límite al moderno parque Juan Carlos I.",08:30:00,21:00:00,Días de cierre: Festivos y los días 24 y 31 de diciembre.,"Normas derivadas de la pandemia del coronavirus:   Es obligatorio el uso de mascarilla en el interior de la biblioteca. Se recomienda aplicar gel hidroalcohólico al entrar en el edificio y en aquellos espacios en los que esté a disposición de los usuarios.   Espacios:   Sala de consulta y lectura. Sala polivalente. Zona de publicaciones periódicas. Sala infantil y juvenil.   Servicios:   Préstamo de libros; multimedia y revistas. Préstamo de dispositivos de ayuda a la lectura (lupas para libros). Servicio de acceso público a Internet. Zona wifi. Información bibliográfica. Animación a la lectura y formación de usuarios: adaptadas a las medidas sanitarias.",Alameda de Osuna,"105; 112; 115",,http://www.madrid.es/sites/v/index.jsp?vgnextchannel=bfa48ab43d6bb410VgnVCM100000171f5a0aRCRD&vgnextoid=1f64c2c6e051c010VgnVCM2000000c205a0aRCRD,LOGROÑO,AVENIDA,179,MADRID,28042,Corralejos,https://wikidata.org/entity/Q10260772,Barajas,4.046.055.947.228.690,-35.937.461.811.785.300,91 312 02 58,,bpgloriafuertes@madrid.es
1750,Biblioteca Pública Municipal - Huerta de La Salud,https://wikidata.org/entity/Q85697920,"Su antecedente fue una pequeña biblioteca que había en la calle de Santa Virgilia y dependía de la Junta de Distrito. En enero de 1987 se inaugura el centro actual dentro del parque Huerta de la Salud; situado en los terrenos de una antigua quinta cuyos orígenes se remontan al siglo XVIII. Esta quinta fue a principios del siglo XX un próspero negocio agropecuario con nuevos y originales elementos arquitectónicos; entre los que destacaba el silo; ahora emblema de Hortaleza. Caída la quinta en el abandono poco antes de la Guerra Civil; se derribaron a principios de los años ochenta algunas de sus construcciones; como el mirador o palomar y el granero; y solo quedaron; al menos en parte; tres edificaciones. La biblioteca ocupó la estructura rehabilitada de uno de ellos; donde habían estado los establos del recinto; compartiendo espacio con el Centro Cultural Huerta de la Salud. En 1995; se traslada a otra construcción de la antigua quinta; donde se encuentra actualmente. El edificio -conocido como el corredor- había servido para guardar arados y herramientas y para dormir parte del personal. En 2006 y 2007 se realiza una profunda reforma y adquiere su actual fisonomía. Por su historia; el edificio de la biblioteca conserva cierto aire arquitectónico rural. En octubre de 2018; su suerte se unió a la tercera construcción histórica del conjunto: el Silo; al que se había añadido un magnífico mirador a principios del siglo XXI y donde se realizan algunas actividades de la biblioteca.",08:30:00,21:00:00,Días de cierre: Festivos y los días 24 y 31 de diciembre.,"Normas derivadas de la pandemia del coronavirus:   Es obligatorio el uso de mascarilla en el interior de la biblioteca. Se recomienda aplicar gel hidroalcohólico al entrar en el edificio y en aquellos espacios en los que esté a disposición de los usuarios.   Espacios:   Sala de consulta y lectura. Zona de publicaciones periódicas. Sala infantil y juvenil.   Servicios:   Préstamo de libros; multimedia y revistas. Préstamo de dispositivos de ayuda a la lectura (lupas para libros). Servicio de acceso público a Internet. Zona wifi. Información bibliográfica. Animación a la lectura y formación de usuarios: adaptadas a las medidas sanitarias.",Parque de Santa María,"9; 72; 107; 201",,http://www.madrid.es/sites/v/index.jsp?vgnextchannel=bfa48ab43d6bb410VgnVCM100000171f5a0aRCRD&vgnextoid=9c5879262ef5d010VgnVCM1000000b205a0aRCRD,MAR DE LAS ANTILLAS,CALLE,10,MADRID,28033,Pinar del Rey,https://wikidata.org/entity/Q10349788,Hortaleza,4.047.571.688.103.060,-364.667.257.750.353,91 764 52 43,,bphuertasalud@madrid.es
5975465,Biblioteca Pública Municipal Iván de Vargas,,"La Biblioteca Pública Municipal Iván de Vargas fue inaugurada en febrero de 2011. Se encuentra situada en el corazón del Madrid de los Austrias y ocupa el espacio de un antiguo caserón perteneciente a uno de los linajes más antiguos de Madrid: los Vargas; siendo Iván de Vargas señor del patrón de la ciudad; San Isidro Labrador. Fue proyectada por el arquitecto Ramón Andrade y responde a un diálogo entre tradición y vanguardia utilizando granito; cristal y madera. Destacan en el interior dos magnolios centenarios y el brocal de un pozo con una imagen medieval labrada de San Isidro. Por sus raíces históricas en la ciudad; la Biblioteca dispone de una sala de lectura especializada en fondos documentales sobre Madrid.",08:30:00,21:00:00,"Días de cierre: Festivos; Semana Santa (de jueves a domingo); el 24 y 31 de diciembre.","Normas derivadas de la pandemia del coronavirus:   Es obligatorio el uso de mascarilla en el interior de la biblioteca. Se recomienda aplicar gel hidroalcohólico al entrar en el edificio y en aquellos espacios en los que esté a disposición de los usuarios.   Espacios:   Sala de consulta y lectura. Sala polivalente; sala de Madrid y sala de trabajo en grupo. Zona de publicaciones periódicas. Sala infantil y juvenil.   Servicios:   Préstamo de libros; multimedia y revistas. Préstamo de dispositivos de ayuda a la lectura (lupas para libros). Servicio de acceso público a Internet. Zona wifi. Información bibliográfica. Animación a la lectura y formación de usuarios: adaptadas a las medidas sanitarias.","Sol; Latina y Ópera","3; 17; 18; 23; 31; 50; 65",sol,http://www.madrid.es/sites/v/index.jsp?vgnextchannel=bfa48ab43d6bb410VgnVCM100000171f5a0aRCRD&vgnextoid=0b60e92be3c5e210VgnVCM1000000b205a0aRCRD,"Calle de San Justo; Madrid",CALLE,5,MADRID,28005,Palacio,https://wikidata.org/entity/Q2136510,Centro,4.041.410.290.844.660,-37.098.591.212.735.800,917 586 211,,bpivandevargas@madrid.es
115056,Biblioteca Pública Municipal - José Hierro,https://wikidata.org/entity/Q85697922,"La Biblioteca Pública Municipal José Hierro fue inaugurada en 2003; asistiendo a la inauguración la viuda del escritor y el entonces alcalde José María Álvarez del Manzano. Se trata de un edificio próximo a la Junta de Distrito; con la que comparte un amplio espacio ajardinado.",08:30:00,21:00:00,Días de cierre: Festivos y los días 24 y 31 de diciembre.,"Normas derivadas de la pandemia del coronavirus:   Es obligatorio el uso de mascarilla en el interior de la biblioteca. Se recomienda aplicar gel hidroalcohólico al entrar en el edificio y en aquellos espacios en los que esté a disposición de los usuarios.   Espacios:   Sala de consulta y lectura Sala polivalente. Zona de publicaciones periódicas. Sala infantil y juvenil.   Servicios:   Préstamo de libros; multimedia y revistas. Préstamo de dispositivos de ayuda a la lectura (lupas para libros). Servicio de acceso público a Internet. Zona wifi. Información bibliográfica. Animación a la lectura y formación de usuarios: adaptadas a las medidas sanitarias.",Las Musas,"38; 48; 140; 153; 165; 167; e2 autobuses interurbanos: 286; 288; 289",,http://www.madrid.es/sites/v/index.jsp?vgnextchannel=bfa48ab43d6bb410VgnVCM100000171f5a0aRCRD&vgnextoid=338879262ef5d010VgnVCM1000000b205a0aRCRD,"Calle de María Sevilla Diago; Madrid",CALLE,15,MADRID,28022,Rosas,https://wikidata.org/entity/Q18880469,San Blas,40.433.291.625.973.600,-36.105.662.311.927.400,91 313 55 28,,bpjosehierro@madrid.es
1790,Biblioteca Pública Municipal - José Saramago,https://wikidata.org/entity/Q85697927,"La Biblioteca Municipal José Saramago se inauguró en noviembre de 1990; con el nombre de Biblioteca de la Vaguada. El origen es la antigua Biblioteca de Peñagrande situada en el Centro Cultural Rafael de León. Las instalaciones eran insuficientes para uno de los distritos más grandes de Madrid; y gracias al proyecto del Centro Cívico de La Vaguada se subsanó; por un lado la falta de espacio y por otro se mejoró su ubicación al situarse junto al Centro Comercial La Vaguada. El edificio forma parte de un proyecto diseñado en 1982 por los arquitectos Javier San José Marqués y Jordi Parcerisas Vázquez. La organización del edificio se realizó por medio de una secuencia de arcos que unían entre sí los diferentes espacios. En el año 2011 cambio su denominación por la actual de José Saramago.",08:30:00,21:00:00,Días de cierre: Festivos y los días 24 y 31 de diciembre.,"Normas derivadas de la pandemia del coronavirus:   Es obligatorio el uso de mascarilla en el interior de la biblioteca. Se recomienda aplicar gel hidroalcohólico al entrar en el edificio y en aquellos espacios en los que esté a disposición de los usuarios.   Espacios:   Sala de consulta y lectura Zona de publicaciones periódicas. Sala infantil (cerrada temporalmente al público).   Servicios:    Préstamo de libros; multimedia y revistas. Zona wifi. Información bibliográfica. Animación a la lectura y formación de usuarios: adaptadas a las medidas sanitarias.","Barrio del Pilar; Peñagrande","49; 83; 128; 132; 134; 137",,http://www.madrid.es/sites/v/index.jsp?vgnextchannel=bfa48ab43d6bb410VgnVCM100000171f5a0aRCRD&vgnextoid=70d879262ef5d010VgnVCM1000000b205a0aRCRD,"Avenida de Monforte de Lemos; Madrid",AVENIDA,38,MADRID,28029,El Pilar,https://wikidata.org/entity/Q3773964,Fuencarral-El Pardo,4.047.860.087.334.550,-37.094.408.342.979.900,91 588 68 91,,bpjosesaramago@madrid.es
1756,Biblioteca Pública Municipal - La Chata,https://wikidata.org/entity/Q85697929,"La Biblioteca Pública La Chata abrió sus puertas por primera vez al público el Día de la Biblioteca; 24 de octubre; de 2005. El 13 de agosto de 2006 el Alcalde Ruiz-Gallardón; acompañado por la Concejala de Las Artes; Alicia Moreno; procedió a su inauguración oficial en un breve acto. El nombre de la biblioteca; La Chata; alude a Isabel de Borbón; hermana de Alfonso XII; que acudía regularmente a Carabanchel por ser una gran amante de los toros y a la Finca Vista Alegre que pertenecía a la familia real. También alude al nombre popular de la plaza de toros de Vista Alegre; denominada así por ser muy baja; achatada. Por lo tanto es un nombre muy &amp;ldquo;carabanchelero&amp;rdquo;.",08:30:00,21:00:00,Días de cierre: Festivos y los días 24 y 31 de diciembre.,"Normas derivadas de la pandemia del coronavirus:   Es obligatorio el uso de mascarilla en el interior de la biblioteca. Se recomienda aplicar gel hidroalcohólico al entrar en el edificio y en aquellos espacios en los que esté a disposición de los usuarios.   Espacios: .  Sala de consulta y lectura. Zona de publicaciones periódicas. Sala infantil y juvenil.   Servicios:   Préstamo de libros; multimedia; revistas y colección de libros en rumano. Servicio de acceso público a Internet. Zona wifi. Información bibliográfica. Animación a la lectura y formación de usuarios: adaptadas a las medidas sanitarias.","Eugenia de Montijo; Carabanchel","34 ; 35",,http://www.madrid.es/sites/v/index.jsp?vgnextchannel=bfa48ab43d6bb410VgnVCM100000171f5a0aRCRD&vgnextoid=d9a879262ef5d010VgnVCM1000000b205a0aRCRD,"Calle del General Ricardos; Madrid",CALLE,252,MADRID,28025,Vista Alegre,https://wikidata.org/entity/Q3813741,Carabanchel,4.038.330.593.504.340,-37.420.633.861.175.700,91 422 05 33,,bplachata@madrid.es
51849,Biblioteca Pública Municipal - La Elipa,https://wikidata.org/entity/Q85697932,"La Biblioteca Pública Municipal La Elipa fue inaugurada en el año 2000. Su origen se remonta a la Biblioteca Pública de Quintana; que estaba situada en el Centro Cultural Sambara. En el año 2000 se trasladó a su actual ubicación; en lo que era el antiguo Colegio Islas Filipinas; del que tomaría su nombre. Permanece cerrada entre otoño de 2007 y primavera de 2009; reformándose para mejorar su accesibilidad y reabriendo sus puertas en marzo de ese año. Se denomina Biblioteca Municipal Islas Filipinas hasta octubre de 2016; que a instancia de los vecinos del barrio; y de acuerdo a los informes elaborados por la Dirección General de Bibliotecas; es aprobado el cambio de denominación en el Pleno de la Junta Municipal de Ciudad Lineal. Actualmente la biblioteca toma el nombre del barrio en el que está ubicada y al cual presta servicio.",08:30:00,21:00:00,Días de cierre: Festivos y los días 24 y 31 de diciembre.,"Normas derivadas de la pandemia del coronavirus:   Es obligatorio el uso de mascarilla en el interior de la biblioteca. Se recomienda aplicar gel hidroalcohólico al entrar en el edificio y en aquellos espacios en los que esté a disposición de los usuarios.   Espacios:   Sala de consulta y lectura Zona de publicaciones periódicas. Sala infantil y juvenil.   Servicios:   Préstamo de libros; multimedia y revistas. Préstamo de dispositivos de ayuda a la lectura (lupas para libros). Servicio de acceso público a Internet. Zona wifi. Información bibliográfica. Animación a la lectura y formación de usuarios: adaptadas a las medidas sanitarias.",La Elipa (línea 2),"líneas 15; 28; 110; 113; 210",,http://www.madrid.es/sites/v/index.jsp?vgnextchannel=bfa48ab43d6bb410VgnVCM100000171f5a0aRCRD&vgnextoid=697c598d1351c010VgnVCM1000000b205a0aRCRD,NUESTRA SEÑORA DEL VILLAR,CALLE,6,MADRID,28017,LA ELIPA,,Ciudad Lineal,4.042.342.659.084.210,-3.651.841.641.389.480,91 403 63 22,,bplaelipa@madrid.es
185595,Biblioteca Pública Municipal - Manuel Vázquez Montalbán,https://wikidata.org/entity/Q85697940,"La Biblioteca Manuel Vázquez Montalbán se abrió al público en agosto de 2006. Se trata de un edificio diseñado por la arquitecta Isabel Huete Chugunowa; en el que comparten instalaciones la biblioteca y una Escuela Municipal de Música.",08:30:00,21:00:00,Días de cierre: Festivos y los días 24 y 31 de diciembre.,"Normas derivadas de la pandemia del coronavirus:   Es obligatorio el uso de mascarilla en el interior de la biblioteca. Se recomienda aplicar gel hidroalcohólico al entrar en el edificio y en aquellos espacios en los que esté a disposición de los usuarios.   Espacios:   Sala de consulta y lectura Zona de publicaciones periódicas. Sala infantil y juvenil.   Servicios:   Préstamo de libros; multimedia y revistas. Préstamo de dispositivos de ayuda a la lectura (lupas para libros). Servicio de acceso público a Internet. Zona wifi. Información bibliográfica. Animación a la lectura y formación de usuarios: adaptadas a las medidas sanitarias.",Francos Rodríguez,"44; 64; 126; 127; 128; 132",,http://www.madrid.es/sites/v/index.jsp?vgnextchannel=bfa48ab43d6bb410VgnVCM100000171f5a0aRCRD&vgnextoid=b5ca89e2c9e5d010VgnVCM1000000b205a0aRCRD,"Calle de Francos Rodríguez; Madrid",CALLE,67,MADRID,28039,Bellas Vistas,https://wikidata.org/entity/Q11908929,Tetuán,4.045.749.513.485.950,-3.710.539.712.535.910,91 398 07 23 / 91 398 07 26,,bpvazquezmontalban@madrid.es
7697128,Municipal Public Library Mario Vargas Llosa,https://wikidata.org/entity/Q63191732,"La Biblioteca Mario Vargas Llosa fue inaugurada por el Premio Nobel de Literatura que le da su nombre el 17 de noviembre del 2014. La biblioteca tiene su origen en la remodelación del complejo Barceló que incluye un mercado; que sustituye al que existía antiguamente; un polideportivo; un parking y la biblioteca. Su construcción y apertura era una antigua reivindicación de los vecinos que reclamaban una biblioteca en el distrito Centro que diera servicio a los barrios de Justicia; Universidad y parte de Chamberí. Al estar en un centro neurálgico de la cultura madrileña; junto al Museo de Historia de Madrid y el Museo Romántico; numerosas librerías; varias universidades; etc. la Biblioteca Mario Vargas Llosa se constituye como un centro de encuentro cultural; artístico y social del barrio.",08:30:00,21:00:00,Días de cierre: Festivos y los días 24 y 31 de diciembre.,"Normas derivadas de la pandemia del coronavirus:   Es obligatorio el uso de mascarilla en el interior de la biblioteca. Se recomienda aplicar gel hidroalcohólico al entrar en el edificio y en aquellos espacios en los que esté a disposición de los usuarios.   Espacios:   Sala de consulta y lectura Sala polivalente. Sala de trabajo en grupo Zona de publicaciones periódicas. Sala infantil y juvenil.   Servicios:   Préstamo de libros; multimedia y revistas. Servicio de acceso público a Internet. Zona wifi. Información bibliográfica. Animación a la lectura y formación de usuarios: adaptadas a las medidas sanitarias.","Alonso Martínez; Tribunal.","3; 21; 37; 40; 147; 149",,http://www.madrid.es/sites/v/index.jsp?vgnextchannel=bfa48ab43d6bb410VgnVCM100000171f5a0aRCRD&vgnextoid=6c4dbc2658739410VgnVCM2000000c205a0aRCRD,BARCELO,CALLE,4,MADRID,28004,Justicia,https://wikidata.org/entity/Q1992319,Centro,40.426.642.215.368.100,-3.699.722.994.908.340,914 802 433,,bpvargasllosa@madrid.es
10395362,Biblioteca Pública Municipal - María Lejárraga,https://wikidata.org/entity/Q85697942,"La Dirección General de Bibliotecas; en colaboración con la Alcaldía del Ayuntamiento de Madrid; decidieron asignar el nombre de María Lejárraga a la biblioteca abierta en el Centro Cultural Sanchinarro el 12 de junio del 2017. Esta denominación viene a dar continuidad a la misión de asignar a la bibliotecas con nombres de escritores y escritoras de época contemporánea que hayan tenido especial trascendencia en el mundo de las letras.",08:30:00,21:00:00,"Días de cierre: Festivos; Semana Santa (de jueves a domingo); el 24 y 31 de diciembre. * Sala de Estudio: de lunes a viernes de 9 a 15 y de 16 a 22 horas. Sábados y domingos: de 10 a 15 y de 16 a 22 horas.","Normas derivadas de la pandemia del coronavirus:   Es obligatorio el uso de mascarilla en el interior de la biblioteca. Se recomienda aplicar gel hidroalcohólico al entrar en el edificio y en aquellos espacios en los que esté a disposición de los usuarios.   Espacios:   Sala de consulta y lectura Sala polivalente. Zona de publicaciones periódicas. Sala infantil y juvenil. Comiteca     Servicios: Préstamo de libros; multimedia y revistas; Servicio de Acceso Público a Internet; Zona wifi; Información bibliográfica; Animación a la lectura; Formación de usuarios; Reprografía.  Préstamo de libros; multimedia y revistas. Servicio de acceso público a Internet. Zona wifi. Información bibliográfica. Animación a la lectura y formación de usuarios: adaptadas a las medidas sanitarias.",Tren Ligero de Vicente Blasco Ibáñez y Virgen del Cortijo,"174; 173; 172l; 172 sf.",,http://www.madrid.es/sites/v/index.jsp?vgnextchannel=bfa48ab43d6bb410VgnVCM100000171f5a0aRCRD&vgnextoid=d862492de8c8c510VgnVCM2000001f4a900aRCRD,PRINCESA DE EBOLI,CALLE,29,MADRID,28050,Valdefuentes,https://wikidata.org/entity/Q10388714,Hortaleza,4.049.041.562.546.540,-3.655.356.751.728.000,91 513 33 83,,bpmarialejarraga@madrid.es
1759,Biblioteca Pública Municipal de Huelin - María Zambrano,https://wikidata.org/entity/Q85685021,"La Biblioteca Pública Municipal María Zambrano se inauguró el 29 de octubre de 2010 dentro del Centro Cultural Eduardo Úrculo (inaugurado a su vez el 15 de octubre de 2009); en el barrio de Ventilla; dentro del distrito de Tetuán en Madrid. Al acto acudieron el alcalde Alberto Ruiz Gallardón y la Delegada del Área de Las Artes Alicia Moreno. Esta biblioteca es consecuencia de la necesidad de ampliar la Biblioteca de Tetuán; situada en el antiguo edificio de la Junta Municipal del mismo nombre (Bravo Murillo 357).  La Biblioteca de Tetuán fue inaugurada en 1982 por el alcalde Enrique Tierno Galván; dentro del edificio de la Junta Municipal; y fue una de las primeras de la red municipal de Bibliotecas del Ayuntamiento de Madrid. Era heredera de la biblioteca creada en la nueva Casa Consistorial del antiguo pueblo de Chamartín de la Rosa en 1934.",08:30:00,21:00:00,Días de cierre: 24 y 31 de diciembre,"Normas derivadas de la pandemia del coronavirus:   Es obligatorio el uso de mascarilla en el interior de la biblioteca. Se recomienda aplicar gel hidroalcohólico al entrar en el edificio y en aquellos espacios en los que esté a disposición de los usuarios.  Accesible a personas con discapacidad intelectual al contar con señalización mediante pictogramas.  Espacios: Sala de Consulta y Lectura; Zona de publicaciones periódicas; Sala infantil y juvenil.  Sala de consulta y lectura Zona de publicaciones periódicas. Sala infantil y juvenil.   Servicios: Préstamo de libros; multimedia y revistas; Servicio de Acceso Público a Internet; Zona wifi; Información bibliográfica; Animación a la lectura; Formación de usuarios; Reprografía.  Préstamo de libros; multimedia y revistas. Servicio de acceso público a Internet. Zona wifi. Información bibliográfica. Animación a la lectura y formación de usuarios: adaptadas a las medidas sanitarias.",Ventilla,42,,http://www.madrid.es/sites/v/index.jsp?vgnextchannel=bfa48ab43d6bb410VgnVCM100000171f5a0aRCRD&vgnextoid=74703d0b5e71c010VgnVCM1000000b205a0aRCRD,calle de Donoso Cortés,PLAZA,5,MADRID,28029,Almenara,https://wikidata.org/entity/Q2265427,Tetuán,4.046.903.299.144.090,-36.976.620.067.964.900,91 733 90 43,,bpmariazambrano@madrid.es
1752,Biblioteca Pública Municipal - Miguel Delibes,https://wikidata.org/entity/Q85697948,"La Biblioteca Pública Municipal de Moratalaz fue inaugurada en el año 1986. Su primera ubicación fue dentro del parque Darwin; en unas edificaciones que la Inmobiliaria Urbis utilizó como pisos piloto para la venta de las viviendas y donó luego al Ayuntamiento. La primera instalación se concibió como un quiosco de libros de préstamo. Posteriormente se le añadió otro módulo de los pisos piloto. Con el desarrollo del distrito; se decide la construcción de una nueva biblioteca. El proyecto; firmado por la arquitecta municipal Isabel Huete Chugunowa; comprende cuatro plantas con un total de 2.012 m&amp;sup2;. Se inauguró el 18 de octubre del año 2001; en acto presidido por D. José María Álvarez del Manzano; alcalde del Ayuntamiento de Madrid. En 2010 se le da el nombre del escritor Miguel Delibes.",08:30:00,21:00:00,Días de cierre: Festivos y los días 24 y 31 de diciembre.,"Normas derivadas de la pandemia del coronavirus:   Es obligatorio el uso de mascarilla en el interior de la biblioteca. Se recomienda aplicar gel hidroalcohólico al entrar en el edificio y en aquellos espacios en los que esté a disposición de los usuarios.   Espacios:   Sala de consulta y lectura Zona de publicaciones periódicas. Sala infantil y juvenil.   Servicios:   Préstamo de libros; multimedia y revistas. Préstamo de dispositivos de ayuda a la lectura (lupas para libros). Servicio de acceso público a Internet. Zona wifi. Información bibliográfica. Animación a la lectura y formación de usuarios: adaptadas a las medidas sanitarias.",Vinateros,"20; 30; 32; 71; 113",,http://www.madrid.es/sites/v/index.jsp?vgnextchannel=bfa48ab43d6bb410VgnVCM100000171f5a0aRCRD&vgnextoid=9e8f3d0b5e71c010VgnVCM1000000b205a0aRCRD,ARROYO BELINCOSO,CALLE,11,MADRID,28030,Media Legua,https://wikidata.org/entity/Q9031035,Moratalaz,4.040.971.737.692.920,-36.529.822.109.115.100,91 328 73 00,,bpmigueldelibes@madrid.es
186714,Biblioteca Pública Municipal - Pablo Neruda,https://wikidata.org/entity/Q85697951,"La Biblioteca Pablo Neruda fue inaugurada en septiembre de 2006 por la Concejala del Área de Las Artes. La entrada a la biblioteca está presidida por un conjunto escultórico dedicado a Pablo Neruda; del escultor Julio López Hernández. Concebido en altorrelieve y en bronce; representa al escritor escribiendo en su mesa; junto con otros elementos entresacados de su casa de 'Isla Negra'. La biblioteca es un edificio de nueva planta; exento; de tres alturas; que comparte dependencias con un Centro Día. La entrada es diáfana y luminosa y en ella se encuentra el mostrador de préstamo; la zona multimedia; la hemeroteca; la comiteca y el fondo bibliográfico. La segunda planta alberga una sección juvenil; la sala infantil; la sala de referencia y el despacho de bibliotecarios. En la tercera está la sala polivalente.",08:30:00,21:00:00,Días de cierre: Festivos y los días 24 y 31 de diciembre.,"Normas derivadas de la pandemia del coronavirus:   Es obligatorio el uso de mascarilla en el interior de la biblioteca. Se recomienda aplicar gel hidroalcohólico al entrar en el edificio y en aquellos espacios en los que esté a disposición de los usuarios.   Espacios: Sala de Consulta y Lectura; Zona de publicaciones periódicas; Sala infantil y juvenil; Sala polivalente.  Sala de consulta y lectura Sala polivalente. Zona de publicaciones periódicas. Sala infantil y juvenil.   Servicios:   Préstamo de libros; multimedia y revistas. Préstamo de dispositivos de ayuda a la lectura (lupas para libros). Servicio de acceso público a Internet. Zona wifi. Información bibliográfica. Animación a la lectura y formación de usuarios: adaptadas a las medidas sanitarias.",Ascao,"28; 109",,http://www.madrid.es/sites/v/index.jsp?vgnextchannel=bfa48ab43d6bb410VgnVCM100000171f5a0aRCRD&vgnextoid=d5c548d20675e010VgnVCM1000000b205a0aRCRD,ASCAO,CALLE,4,MADRID,28017,Pueblo Nuevo,https://wikidata.org/entity/Q71753,Ciudad Lineal,4.042.941.133.441.140,-36.416.899.839.787.600,91 406 14 72,,bppabloneruda@madrid.es
1753,Biblioteca Pública Municipal - Portazgo,https://wikidata.org/entity/Q85697955,"La Biblioteca de Portazgo fue inaugurada en 1983 compartiendo espacio con el edificio del Centro Cultural Alberto Sánchez. Fue una de las bibliotecas pioneras en formar parte de la incipiente red de Bibliotecas Públicas del Ayuntamiento de Madrid; hace más de 30 años. En 2006 fue remodelada y ampliada incorporando espacios del Centro Cultural. Actualmente cuenta con dos plantas; en la planta baja encontramos la sala infantil; un pequeño espacio para la prensa y el mostrador de préstamo; además del servicio de Internet. La planta primera funciona como sala de lectura y en ella se encuentra el fondo de adultos.",08:30:00,21:00:00,Días de cierre: Festivos y los días 24 y 31 de diciembre.,"Normas derivadas de la pandemia del coronavirus:   Es obligatorio el uso de mascarilla en el interior de la biblioteca. Se recomienda aplicar gel hidroalcohólico al entrar en el edificio y en aquellos espacios en los que esté a disposición de los usuarios.   Espacios: Sala de Consulta y Lectura; Zona de publicaciones periódicas; Sala infantil y juvenil.  Sala de consulta y lectura Zona de publicaciones periódicas. Sala infantil y juvenil.   Servicios:   Préstamo de libros; multimedia y revistas. Préstamo de dispositivos de ayuda a la lectura (lupas para libros). Servicio de acceso público a Internet. Zona wifi. Información bibliográfica. Animación a la lectura y formación de usuarios: adaptadas a las medidas sanitarias.","Portazgo; Buenos Aires (línea 1)","54; 57; 58; 103; 136; 141; 143",,http://www.madrid.es/sites/v/index.jsp?vgnextchannel=bfa48ab43d6bb410VgnVCM100000171f5a0aRCRD&vgnextoid=89a40a47f441f010VgnVCM2000000c205a0aRCRD,CANTALAPIEDRA,CALLE,11,MADRID,28038,Numancia,https://wikidata.org/entity/Q10338144,Puente de Vallecas,40.393.189.968.014.600,-36.554.147.649.183.900,91 757 03 23,,bpportazgo@madrid.es
1792,Biblioteca Pública Municipal - Pozo del Tío Raimundo,https://wikidata.org/entity/Q85697957,La Biblioteca pública Pozo del Tío Raimundo fue inaugurada en el año 1991 y comparte edificio con el Centro Cultural Pozo del Tío Raimundo.,08:30:00,21:00:00,Días de cierre: Festivos y los días 24 y 31 de diciembre.,"Normas derivadas de la pandemia del coronavirus:   Es obligatorio el uso de mascarilla en el interior de la biblioteca. Se recomienda aplicar gel hidroalcohólico al entrar en el edificio y en aquellos espacios en los que esté a disposición de los usuarios.   Espacios: Sala de Consulta y Lectura; Zona de publicaciones periódicas; Sala infantil y juvenil.  Sala de consulta y lectura Zona de publicaciones periódicas. Sala infantil y juvenil.   Servicios:   Préstamo de libros; multimedia y revistas. Préstamo de dispositivos de ayuda a la lectura (lupas para libros). Servicio de acceso público a Internet. Zona wifi. Información bibliográfica. Animación a la lectura y formación de usuarios: adaptadas a las medidas sanitarias.",,"24; 102",el pozo,http://www.madrid.es/sites/v/index.jsp?vgnextchannel=bfa48ab43d6bb410VgnVCM100000171f5a0aRCRD&vgnextoid=d7203d0b5e71c010VgnVCM1000000b205a0aRCRD,GLORIETAS,AVENIDA,19,MADRID,28053,Entrevías,https://wikidata.org/entity/Q71756,Puente de Vallecas,403.735.856.436.473,-36.602.546.064.905.300,91 507 07 34,,bppozotr@madrid.es
1763,Biblioteca Pública Municipal - Pío Baroja,https://wikidata.org/entity/Q85697953,"La Biblioteca Pío Baroja fue inaugurada en febrero de 1993. En realidad se trataba de un traslado de la Biblioteca de Arganzuela ubicada entonces en el edificio Casa del Reloj (antiguo pabellón central de Matadero) donde compartía espacio con el centro cultural. La construcción de un nuevo edificio coincidió con la ejecución de la operación urbanística Pasillo Verde Ferroviario. El edificio de la biblioteca está distribuido en tres plantas; dos de acceso público. En la primera planta; se encuentran la recepción; servicio de préstamo y sala infantil. La segunda planta es un semisótano donde se ubican la sala de lectura; las publicaciones periódicas y los puestos de consulta de Internet. El elemento mas llamativo del edificio es la claraboya que desde la cubierta crea un patio acristalado y suministra luz a la sala de lectura.",08:30:00,21:00:00,Días de cierre: Festivos y los días 24 y 31 de diciembre.,"Normas derivadas de la pandemia del coronavirus:   Es obligatorio el uso de mascarilla en el interior de la biblioteca. Se recomienda aplicar gel hidroalcohólico al entrar en el edificio y en aquellos espacios en los que esté a disposición de los usuarios.   Espacios: Sala de Consulta y Lectura; Zona de publicaciones periódicas; Sala infantil y juvenil.  Sala de consulta y lectura Zona de publicaciones periódicas. Sala infantil y juvenil.   Servicios:   Préstamo de libros; multimedia y revistas. Préstamo de dispositivos de ayuda a la lectura (lupas para libros). Servicio de acceso público a Internet. Zona wifi. Información bibliográfica. Animación a la lectura y formación de usuarios: adaptadas a las medidas sanitarias.",Pirámides (Línea 5).,"18; 23; 34; 35; 36; 116; 118; 119",pirámides,http://www.madrid.es/sites/v/index.jsp?vgnextchannel=bfa48ab43d6bb410VgnVCM100000171f5a0aRCRD&vgnextoid=17f879262ef5d010VgnVCM1000000b205a0aRCRD,ARGANDA,CALLE,12,MADRID,28005,Las Acacias,https://wikidata.org/entity/Q3319190,Arganzuela,4.040.003.652.682.000,-37.074.488.154.950.500,91 474 16 03,,bppiobaroja@madrid.es
1746,Biblioteca Pública Municipal - San Blas,https://wikidata.org/entity/Q85697960,"La Biblioteca Pública Municipal de San Blas se abrió al público el 10 de mayo de 1987 y al acto de inauguración acudió el entonces alcalde Juan Barranco. El edificio que ocupa actualmente fue un Seminario de Sacerdotes Migrantes; rehabilitado tras muchos años de abandono y un incendio; que lo dejó en condiciones críticas. El Ayuntamiento lo reformó para instalar en él el Centro Cultural Antonio Machado; dentro del que se encuentra la biblioteca. La Biblioteca se sitúa en la segunda planta. El edificio tiene forma redonda y 3 plantas. Tiene un Centro de Mayores y una Escuela de Música. Lo preside un busto de D. Antonio Machado.",08:30:00,21:00:00,Días de cierre: Festivos y los días 24 y 31 de diciembre.,"Normas derivadas de la pandemia del coronavirus:   Es obligatorio el uso de mascarilla en el interior de la biblioteca. Se recomienda aplicar gel hidroalcohólico al entrar en el edificio y en aquellos espacios en los que esté a disposición de los usuarios.   Espacios:   Sala de consulta y lectura Zona de publicaciones periódicas. Sala infantil y juvenil.   Servicios:   Préstamo de libros; multimedia y revistas. Préstamo de dispositivos de ayuda a la lectura (lupas para libros). Servicio de acceso público a Internet. Zona wifi. Información bibliográfica. Animación a la lectura y formación de usuarios: adaptadas a las medidas sanitarias.",Alsacia (Línea 2),"4; 38; 48; 70; 106; 140",,http://www.madrid.es/sites/v/index.jsp?vgnextchannel=bfa48ab43d6bb410VgnVCM100000171f5a0aRCRD&vgnextoid=2e403d0b5e71c010VgnVCM1000000b205a0aRCRD,SAN ROMAN DEL VALLE,CALLE,8,MADRID,28037,Arcos,https://wikidata.org/entity/Q9627876,San Blas,40.420.231.627.534.900,-36.218.113.860.909.000,91 313 52 97,,bpsanblas@madrid.es
1761,Biblioteca Pública Municipal - Vallecas,https://wikidata.org/entity/Q85697968,"El 13 de noviembre de 1933 se inauguró la Biblioteca del pueblo de Vallecas; presidida por su alcalde; Amós Acero Pérez. En 1937 fue cerrada debido a la Guerra Civil; abriéndose de nuevo en febrero de 1940. Pero poco a poco fue cayendo en un estado de abandono hasta que en 1976 se decidió su cierre para efectuar obras de remodelación. El 24 de abril de 1980; Enrique Tierno Galván reinauguró la biblioteca; abriéndose al público el 12 de mayo de ese mismo año. La Biblioteca de Vallecas siempre ha estado ubicada en un espacio independiente; el mismo desde 1933. Tras la reforma iniciada en 1978; ha habido otra en 1990. En esta última; se abrió una sala de lectura para adultos de 174;81 m&amp;sup2;; debido a la cesión de dos habitaciones del antiguo Juzgado de Vallecas.",08:30:00,21:00:00,Días de cierre: Festivos y los días 24 y 31 de diciembre.,"Normas derivadas de la pandemia del coronavirus:   Es obligatorio el uso de mascarilla en el interior de la biblioteca. Se recomienda aplicar gel hidroalcohólico al entrar en el edificio y en aquellos espacios en los que esté a disposición de los usuarios.   Espacios: Sala de Consulta y Lectura; Zona de publicaciones periódicas; Sala infantil y juvenil.  Sala de consulta y lectura Sala infantil y juvenil.    Servicios:   Préstamo de libros; multimedia y revistas. Préstamo de dispositivos de ayuda a la lectura (lupas para libros). Servicio de acceso público a Internet. Zona wifi. Información bibliográfica. Animación a la lectura y formación de usuarios: adaptadas a las medidas sanitarias.",Nueva Numancia,"10; 24; 54; 57; 58; 111; 136; 310",,http://www.madrid.es/sites/v/index.jsp?vgnextchannel=bfa48ab43d6bb410VgnVCM100000171f5a0aRCRD&vgnextoid=11c03d0b5e71c010VgnVCM1000000b205a0aRCRD,PUERTO DEL MONASTERIO,CALLE,1,MADRID,28053,San Diego,https://wikidata.org/entity/Q11946851,Puente de Vallecas,40.395.023.959.810.600,-3.665.554.302.127.490,91 588 60 51,,bpvallecas@madrid.es
1747,Biblioteca Pública Municipal - Vicálvaro,https://wikidata.org/entity/Q85697974,La Biblioteca Pública de Vicálvaro fue inaugurada el 23 de mayo de 1987.,08:30:00,21:00:00,Días de cierre: Festivos y los días 24 y 31 de diciembre.,"Normas derivadas de la pandemia del coronavirus:   Es obligatorio el uso de mascarilla en el interior de la biblioteca. Se recomienda aplicar gel hidroalcohólico al entrar en el edificio y en aquellos espacios en los que esté a disposición de los usuarios.   Espacios: Sala de Consulta y Lectura; Zona de publicaciones periódicas; Sala infantil y juvenil.  Sala de consulta y lectura Zona de publicaciones periódicas. Sala infantil y juvenil.    Servicios: Préstamo de libros; multimedia y revistas; Servicio de Acceso Público a Internet; Zona wifi; Información bibliográfica; Animación a la lectura; Formación de usuarios; Reprografía.  Préstamo de libros; multimedia y revistas. Servicio de acceso público a Internet. Zona wifi. Información bibliográfica. Animación a la lectura y formación de usuarios: adaptadas a las medidas sanitarias.",Vicálvaro,"4; 100; 106; 130",vicálvaro,http://www.madrid.es/sites/v/index.jsp?vgnextchannel=bfa48ab43d6bb410VgnVCM100000171f5a0aRCRD&vgnextoid=67e03d0b5e71c010VgnVCM1000000b205a0aRCRD,VILLARDONDIEGO,CALLE,36,MADRID,28032,casco histórico vicálvaro,,Vicálvaro,40.405.283.650.744.300,-36.086.278.232.922.800,91 775 31 43,,bpvicalvaro@madrid.es
5768564,Biblioteca Pública Municipal - Ángel González,https://wikidata.org/entity/Q85697883,"La Biblioteca Pública Ángel González se inauguró el 26 de julio de 2010; contando con la presencia de; entre otros; el entonces Alcalde Alberto Ruiz-Gallardón; la Delegada del Área de Las Artes; Alicia Moreno; y la viuda del escritor; Susana Rivera.  El edificio es obra del arquitecto Carlos de Riaño; donde predomina el hormigón y el cristal. A pesar de estar junto a la A5; el aislamiento del entorno se consigue gracias a la utilización de grandes terrazas como elemento constructivo. Tiene su fachada principal orientada hacia la autovía de Extremadura en previsión del soterramiento de la autovía",08:30:00,21:00:00,"Días de cierre: Festivos; Semana Santa (de jueves a domingo); el 24 y 31 de diciembre.","Normas derivadas de la pandemia del coronavirus:   Es obligatorio el uso de mascarilla en el interior de la biblioteca. Se recomienda aplicar gel hidroalcohólico al entrar en el edificio y en aquellos espacios en los que esté a disposición de los usuarios.   Espacios:   Sala de consulta y lectura. Sala polivalente y de actividades. Zona de publicaciones periódicas. Sala infantil y juvenil. Bebeteca.    Servicios:   Préstamo de libros; multimedia y revistas. Préstamo de dispositivos de ayuda a la lectura (lupas para libros). Servicio de acceso público a Internet. Zona wifi. Información bibliográfica. Animación a la lectura y formación de usuarios: adaptadas a las medidas sanitarias.",Campamento,"25; 36; 39; 65; 121; 131; 138; h",,http://www.madrid.es/sites/v/index.jsp?vgnextchannel=bfa48ab43d6bb410VgnVCM100000171f5a0aRCRD&vgnextoid=ec750a2153ef9210VgnVCM2000000c205a0aRCRD,GRANJA DE TORREHERMOSA,CALLE,1,MADRID,28024,Aluche,https://wikidata.org/entity/Q31140,Latina,40.397.074.625.115.900,-37.664.885.474.841.500,91 512 35 42,,bpangelgonzalez@madrid.es
1798,Biblioteca Pública Centro - Pedro Salinas,https://wikidata.org/entity/Q85697859,,09:00:00,21:00:00,"Días de cierre: Sábados: todos. Domingos: todos. Festivos: 1 y 6 de enero; 19 de marzo; 1 y 2 de abril ; 3 y 15 mayo; 12 octubre; 1 y 9 de noviembre; 6; 8; 24 y 31 de diciembre.",Wifi gratuito.,Puerta Toledo (línea 5),"002; 17; 18; 23; 35; 60; c03; se712; 148; 3; c2",,http://www.madrid.es/sites/v/index.jsp?vgnextchannel=bfa48ab43d6bb410VgnVCM100000171f5a0aRCRD&vgnextoid=67ed995a8bf5d010VgnVCM2000000c205a0aRCRD,PUERTA DE TOLEDO,GLORIETA,1,MADRID,28005,Embajadores,https://wikidata.org/entity/Q2449844,Centro,4.040.709.558.029.400,-3.711.046.518.464.510,913 665 407,913 657 523,bib.centro@madrid.org
66904,Biblioteca Publica Municipal de Rota - Rafael Alberti,https://wikidata.org/entity/Q85683115,,09:00:00,21:00:00,"Días de cierre: Sábados: 12 de enero; 20 de marzo; 3 de abril; todos los sábados de julio; agosto y septiembre. Domingos: todos. Festivos: 1 y 6 de enero; 19 de marzo; 1 y 2 de abril; 1; 3 y 15 mayo; 12 octubre; 1 y 9 de noviembre; 6; 8; 24; 25 y 31 de diciembre.",Wifi gratuito.,,"67; 83; 175; 178; 125; 165; 166","ramón y cajal (líneas c3; c7; c8)",http://www.madrid.es/sites/v/index.jsp?vgnextchannel=bfa48ab43d6bb410VgnVCM100000171f5a0aRCRD&vgnextoid=260e995a8bf5d010VgnVCM2000000c205a0aRCRD,SANGENJO,CALLE,38,MADRID,28034,La Paz,https://wikidata.org/entity/Q5869740,Fuencarral-El Pardo,4.048.791.129.077.100,-36.984.002.338.920.000,917 319 552 / 917 319 553,917 398 231,bib.fuencarral@madrid.org
1777,Biblioteca Pública Ruiz Egea,,,09:00:00,21:00:00,"Días de cierre: Sábados: todos. Domingos: todos. Festivos: 1 y 6 de enero; 19 de marzo; 1 y 2 de abril ; 3 y 15 mayo; 12 octubre; 1 y 9 de noviembre; 6; 8; 24; 25 y 31 de diciembre.","Especializada en cine; música y material audiovisual","Cuatro Caminos (líneas 1; 2 y 6)","149; c2; c1; 124; 66; 3; 37; 64; 128; 127; f; 45; 128",,http://www.madrid.es/sites/v/index.jsp?vgnextchannel=bfa48ab43d6bb410VgnVCM100000171f5a0aRCRD&vgnextoid=b2413d0b5e71c010VgnVCM1000000b205a0aRCRD,Calle de Raimundo Fernández Villaverde,CALLE,6,MADRID,28003,Ríos Rosas,https://wikidata.org/entity/Q10366270,Chamberí,40.446.595.985.821.700,-37.028.897.237.155.600,915 349 029,915 337 809,bib.ruizegea@madrid.org
1765,Biblioteca Pública del Estado Manuel Alvar,,,09:00:00,21:00:00,"Días de cierre: 1 y 6  de enero; 1 de mayo; fines de semana y festivos del mes de agosto; 24; 25 y 31 de diciembre.",Wifi gratuito,"Diego de León (líneas 4; 5; 6)","43; 48; 1",,http://www.madrid.es/sites/v/index.jsp?vgnextchannel=bfa48ab43d6bb410VgnVCM100000171f5a0aRCRD&vgnextoid=d51979262ef5d010VgnVCM1000000b205a0aRCRD,AZCONA,CALLE,42,MADRID,28028,La Guindalera,https://wikidata.org/entity/Q3814559,Salamanca,4.043.440.083.847.040,-366.897.244.650.415,917 263 701,913 555 425,bib.salamanca@madrid.org
10318420,Biblioteca Regional Joaquín Leguina,,,09:00:00,21:00:00,,,"Delicias (línea 3); Méndez Álvaro (línea 6)","8; 19; 45",delicias,http://www.madrid.es/sites/v/index.jsp?vgnextchannel=bfa48ab43d6bb410VgnVCM100000171f5a0aRCRD&vgnextoid=71c2f95a5875b510VgnVCM2000001f4a900aRCRD,RAMIREZ DE PRADO,CALLE,3,MADRID,28045,Las Delicias,https://wikidata.org/entity/Q3773736,Arganzuela,4.039.990.747.999.320,-3.690.042.467.266.190,917 208 850 / 917 208 860,,biblio.regional@madrid.org
103331,Centro Social y Cultural La Casa Encendida,,"Edificio de carácter monumental. De estilo neomudéjar; fue diseñado por el arquitecto Fernando Arbós e inaugurado en el año 1913. Cuenta con más de 6000 metros cuadrados de instalaciones divididas en 4 plantas y una azotea.",10:00:00,22:00:00,,"Biblioteca:  de martes a domingos de 10 a 14 y de 16:30:00 a 21 horas. El servicio de mediateca los fines de semana es de 10 a 14 y de 17 a 21 horas.   Mediateca: de martes a domingo mañanas de 10 a 11:45 y de 12:15 a 14; tardes de17 a 18:45 y de 19:15 a 21 horas.  Espacio para el Voluntariado: de martes a jueves de 16 a 20; viernes de 10 a 14 horas.  Ecotienda solidaria:  De martes a jueves de 11 a 15 y de 17 a 21 horas. Viernes y sábados de 10 a 15 y de 17 a 22 horas. Domingos de 10 a 14 y de 17 a 21 horas.    Cafetería: de martes a domingo de 10 a 109:30:00 horas.",Embajadores (línea 3).,"119; 27; 34; 36; 41; c03; c2; c1.",embajadores (línea c5).,http://www.madrid.es/sites/v/index.jsp?vgnextchannel=bfa48ab43d6bb410VgnVCM100000171f5a0aRCRD&vgnextoid=c27f8899fc81c010VgnVCM1000000b205a0aRCRD,VALENCIA,RONDA,2,MADRID,28012,Embajadores,https://wikidata.org/entity/Q2449844,Centro,4.040.595.710.517.700,-3.699.779.793.558.760,915 062 180,,b.centrosocial@madrid.org
